symbol,explanation,explanation_pt
AAPL ,"AAPL  @ $330.32 BUY signal: 66.0% vs 23.0% threshold (margin: +43.0pts). Conviction: 7.1/10 (Strong) - Model agreement: 100%, uncertainty: 0.56σ, stable ensemble. Top contributors: LSTM SR (22.9%), LSTM (22.9%). Kelly-optimal position: 0.5% (vs 3% standard), risk-adjusted for 0.56 uncertainty. Regime-adjusted expected return: +1.9% over 10 days (regime penalty: 70%, vol penalty: 84%). Signal half-life: 8.1 days, optimal holding: 12 days, persistence probability: 95%. Market regime: sideways (trend: 0.01, vol: 0.23) - challenging conditions for this signal type.","AAPL  @ $330.32 sinal COMPRA: 66.0% vs limiar 23.0% (margem: +43.0pts). Convicção: 7.1/10 (Forte) - Consenso modelos: 100%, incerteza: 0.56σ, ensemble estável. Principais contribuintes: LSTM SR (22.9%), LSTM (22.9%). Posição Kelly-ótima: 0.5% (vs 3% padrão), ajustada para incerteza 0.56. Retorno esperado ajustado: +1.9% em 10 dias (penalidade regime: 70%, vol: 84%). Meia-vida sinal: 8.1 dias, holding ótimo: 12 dias, probabilidade persistência: 95%. Regime mercado: lateral (tendência: 0.01, vol: 0.23) - condições desafiadoras para este tipo de sinal."
ABEV ,"ABEV  @ $2.90 shows an unclear signal with both BUY (55.0%, needs 36.0pts) and SELL (11.0%, needs 17.0pts) below thresholds. Conviction: 3.0/10 (Weak) - Model agreement: 78%, uncertainty: 1.51σ, stable ensemble. Top contributors: LSTM 10 (32.7%), LSTM SR (27.3%). Kelly-optimal position: 0.5% (vs 3% standard), risk-adjusted for 1.51 uncertainty. Regime-adjusted expected return: +2.5% over 10 days (regime penalty: 80%, vol penalty: 98%). Signal half-life: 3.2 days, optimal holding: 5 days, persistence probability: 48%. Market regime: sideways (trend: 0.03, vol: 0.16) - favorable conditions for this signal type.","ABEV  @ $2.90 sinal incerto: COMPRA (55.0%, precisa 36.0pts) e VENDA (11.0%, precisa 17.0pts) abaixo dos limiares. Convicção: 3.0/10 (Fraco) - Consenso modelos: 78%, incerteza: 1.51σ, ensemble estável. Principais contribuintes: LSTM 10 (32.7%), LSTM SR (27.3%). Posição Kelly-ótima: 0.5% (vs 3% padrão), ajustada para incerteza 1.51. Retorno esperado ajustado: +2.5% em 10 dias (penalidade regime: 80%, vol: 98%). Meia-vida sinal: 3.2 dias, holding ótimo: 5 dias, probabilidade persistência: 48%. Regime mercado: lateral (tendência: 0.03, vol: 0.16) - condições favoráveis para este tipo de sinal."
ABEV3,"ABEV3 @ $15.42 BUY signal: 63.0% vs 57.0% threshold (margin: +6.0pts). Conviction: 2.8/10 (Weak) - Model agreement: 85%, uncertainty: 2.61σ, moderate ensemble. Top contributors: PPO (50.9%), SAC (10.7%). Kelly-optimal position: 0.5% (vs 3% standard), risk-adjusted for 2.61 uncertainty. Regime-adjusted expected return: +2.2% over 10 days (regime penalty: 70%, vol penalty: 100%). Signal half-life: 2.7 days, optimal holding: 4 days, persistence probability: 40%. Market regime: sideways (trend: 0.01, vol: 0.15) - challenging conditions for this signal type.","ABEV3 @ $15.42 sinal COMPRA: 63.0% vs limiar 57.0% (margem: +6.0pts). Convicção: 2.8/10 (Fraco) - Consenso modelos: 85%, incerteza: 2.61σ, ensemble moderado. Principais contribuintes: PPO (50.9%), SAC (10.7%). Posição Kelly-ótima: 0.5% (vs 3% padrão), ajustada para incerteza 2.61. Retorno esperado ajustado: +2.2% em 10 dias (penalidade regime: 70%, vol: 100%). Meia-vida sinal: 2.7 dias, holding ótimo: 4 dias, probabilidade persistência: 40%. Regime mercado: lateral (tendência: 0.01, vol: 0.15) - condições desafiadoras para este tipo de sinal."
AEP  ,"AEP   @ $119.75 BUY signal: 72.0% vs 29.0% threshold (margin: +43.0pts). Conviction: 5.8/10 (Moderate) - Model agreement: 100%, uncertainty: 2.85σ, stable ensemble. Top contributors: LSTM 10 (29.4%), LSTM SR (26.7%). Kelly-optimal position: 0.5% (vs 3% standard), risk-adjusted for 2.85 uncertainty. Regime-adjusted expected return: +2.2% over 10 days (regime penalty: 70%, vol penalty: 100%). Signal half-life: 3.4 days, optimal holding: 5 days, persistence probability: 48%. Market regime: sideways (trend: 0.03, vol: 0.13) - challenging conditions for this signal type.","AEP   @ $119.75 sinal COMPRA: 72.0% vs limiar 29.0% (margem: +43.0pts). Convicção: 5.8/10 (Moderado) - Consenso modelos: 100%, incerteza: 2.85σ, ensemble estável. Principais contribuintes: LSTM 10 (29.4%), LSTM SR (26.7%). Posição Kelly-ótima: 0.5% (vs 3% padrão), ajustada para incerteza 2.85. Retorno esperado ajustado: +2.2% em 10 dias (penalidade regime: 70%, vol: 100%). Meia-vida sinal: 3.4 dias, holding ótimo: 5 dias, probabilidade persistência: 48%. Regime mercado: lateral (tendência: 0.03, vol: 0.13) - condições desafiadoras para este tipo de sinal."
AGRO3,"AGRO3 @ $17.72 SELL signal: 59.0% vs 41.0% threshold (margin: +18.0pts). Conviction: 3.6/10 (Moderate) - Model agreement: 54%, uncertainty: 10.38σ, stable ensemble. Top contributors: PPO (41.0%), TD3 (28.9%). Kelly-optimal position: 0.5% (vs 3% standard), risk-adjusted for 10.38 uncertainty. Regime-adjusted expected return: +2.1% over 10 days (regime penalty: 70%, vol penalty: 94%). Signal half-life: 3.1 days, optimal holding: 5 days, persistence probability: 48%. Market regime: sideways (trend: 0.06, vol: 0.18) - challenging conditions for this signal type.","AGRO3 @ $17.72 sinal VENDA: 59.0% vs limiar 41.0% (margem: +18.0pts). Convicção: 3.6/10 (Moderado) - Consenso modelos: 54%, incerteza: 10.38σ, ensemble estável. Principais contribuintes: PPO (41.0%), TD3 (28.9%). Posição Kelly-ótima: 0.5% (vs 3% padrão), ajustada para incerteza 10.38. Retorno esperado ajustado: +2.1% em 10 dias (penalidade regime: 70%, vol: 94%). Meia-vida sinal: 3.1 dias, holding ótimo: 5 dias, probabilidade persistência: 48%. Regime mercado: lateral (tendência: 0.06, vol: 0.18) - condições desafiadoras para este tipo de sinal."
ALUP1,"ALUP1 @ $32.66 SELL signal: 43.0% vs 35.0% threshold (margin: +8.0pts). Conviction: 2.6/10 (Weak) - Model agreement: 61%, uncertainty: 1.87σ, moderate ensemble. Top contributors: SAC (23.0%), LSTM (20.4%). Kelly-optimal position: 0.5% (vs 3% standard), risk-adjusted for 1.87 uncertainty. Regime-adjusted expected return: +2.1% over 10 days (regime penalty: 70%, vol penalty: 92%). Signal half-life: 2.5 days, optimal holding: 4 days, persistence probability: 40%. Market regime: sideways (trend: 0.02, vol: 0.19) - challenging conditions for this signal type.","ALUP1 @ $32.66 sinal VENDA: 43.0% vs limiar 35.0% (margem: +8.0pts). Convicção: 2.6/10 (Fraco) - Consenso modelos: 61%, incerteza: 1.87σ, ensemble moderado. Principais contribuintes: SAC (23.0%), LSTM (20.4%). Posição Kelly-ótima: 0.5% (vs 3% padrão), ajustada para incerteza 1.87. Retorno esperado ajustado: +2.1% em 10 dias (penalidade regime: 70%, vol: 92%). Meia-vida sinal: 2.5 dias, holding ótimo: 4 dias, probabilidade persistência: 40%. Regime mercado: lateral (tendência: 0.02, vol: 0.19) - condições desafiadoras para este tipo de sinal."
ALUP3,"ALUP3 @ $11.50 BUY signal: 44.0% vs 75.0% threshold (margin: -31.0pts). Conviction: 1.6/10 (Weak) - Model agreement: 30%, uncertainty: 3.07σ, moderate ensemble. Top contributors: PPO (29.0%), SAC (26.8%). Kelly-optimal position: 0.5% (vs 3% standard), risk-adjusted for 3.07 uncertainty. Regime-adjusted expected return: +1.6% over 10 days (regime penalty: 70%, vol penalty: 70%). Signal half-life: 2.0 days, optimal holding: 3 days, persistence probability: 40%. Market regime: sideways (trend: 0.01, vol: 0.30) - challenging conditions for this signal type.","ALUP3 @ $11.50 sinal COMPRA: 44.0% vs limiar 75.0% (margem: -31.0pts). Convicção: 1.6/10 (Fraco) - Consenso modelos: 30%, incerteza: 3.07σ, ensemble moderado. Principais contribuintes: PPO (29.0%), SAC (26.8%). Posição Kelly-ótima: 0.5% (vs 3% padrão), ajustada para incerteza 3.07. Retorno esperado ajustado: +1.6% em 10 dias (penalidade regime: 70%, vol: 70%). Meia-vida sinal: 2.0 dias, holding ótimo: 3 dias, probabilidade persistência: 40%. Regime mercado: lateral (tendência: 0.01, vol: 0.30) - condições desafiadoras para este tipo de sinal."
ALUP4,"ALUP4 @ $10.60 SELL signal: 53.0% vs 51.0% threshold (margin: +2.0pts). Conviction: 4.5/10 (Moderate) - Model agreement: 67%, uncertainty: 0.29σ, moderate ensemble. Top contributors: PPO (32.4%), LSTM 10 (25.7%). Kelly-optimal position: 0.6% (vs 3% standard), risk-adjusted for 0.29 uncertainty. Regime-adjusted expected return: +1.9% over 10 days (regime penalty: 70%, vol penalty: 86%). Signal half-life: 8.2 days, optimal holding: 12 days, persistence probability: 95%. Market regime: sideways (trend: 0.02, vol: 0.22) - challenging conditions for this signal type.","ALUP4 @ $10.60 sinal VENDA: 53.0% vs limiar 51.0% (margem: +2.0pts). Convicção: 4.5/10 (Moderado) - Consenso modelos: 67%, incerteza: 0.29σ, ensemble moderado. Principais contribuintes: PPO (32.4%), LSTM 10 (25.7%). Posição Kelly-ótima: 0.6% (vs 3% padrão), ajustada para incerteza 0.29. Retorno esperado ajustado: +1.9% em 10 dias (penalidade regime: 70%, vol: 86%). Meia-vida sinal: 8.2 dias, holding ótimo: 12 dias, probabilidade persistência: 95%. Regime mercado: lateral (tendência: 0.02, vol: 0.22) - condições desafiadoras para este tipo de sinal."
AMZN ,"AMZN  @ $248.23 BUY signal: 53.0% vs 49.0% threshold (margin: +4.0pts). Conviction: 4.4/10 (Moderate) - Model agreement: 82%, uncertainty: 0.60σ, stable ensemble. Top contributors: LSTM Cla (49.1%), LSTM (19.5%). Kelly-optimal position: 0.5% (vs 3% standard), risk-adjusted for 0.60 uncertainty. Regime-adjusted expected return: +2.0% over 10 days (regime penalty: 70%, vol penalty: 88%). Signal half-life: 8.2 days, optimal holding: 12 days, persistence probability: 95%. Market regime: sideways (trend: 0.03, vol: 0.21) - challenging conditions for this signal type.","AMZN  @ $248.23 sinal COMPRA: 53.0% vs limiar 49.0% (margem: +4.0pts). Convicção: 4.4/10 (Moderado) - Consenso modelos: 82%, incerteza: 0.60σ, ensemble estável. Principais contribuintes: LSTM Cla (49.1%), LSTM (19.5%). Posição Kelly-ótima: 0.5% (vs 3% padrão), ajustada para incerteza 0.60. Retorno esperado ajustado: +2.0% em 10 dias (penalidade regime: 70%, vol: 88%). Meia-vida sinal: 8.2 dias, holding ótimo: 12 dias, probabilidade persistência: 95%. Regime mercado: lateral (tendência: 0.03, vol: 0.21) - condições desafiadoras para este tipo de sinal."
AXP  ,"AXP   @ $302.09 shows an unclear signal with both BUY (4.0%, needs 75.0pts) and SELL (1.0%, needs 64.0pts) below thresholds. Conviction: 4.4/10 (Moderate) - Model agreement: 82%, uncertainty: 0.24σ, unstable ensemble. Top contributors: LSTM (78.9%), PPO (17.6%). Kelly-optimal position: 0.7% (vs 3% standard), risk-adjusted for 0.24 uncertainty. Regime-adjusted expected return: +2.3% over 10 days (regime penalty: 80%, vol penalty: 90%). Signal half-life: 6.2 days, optimal holding: 9 days, persistence probability: 95%. Market regime: sideways (trend: 0.07, vol: 0.20) - favorable conditions for this signal type.","AXP   @ $302.09 sinal incerto: COMPRA (4.0%, precisa 75.0pts) e VENDA (1.0%, precisa 64.0pts) abaixo dos limiares. Convicção: 4.4/10 (Moderado) - Consenso modelos: 82%, incerteza: 0.24σ, ensemble instável. Principais contribuintes: LSTM (78.9%), PPO (17.6%). Posição Kelly-ótima: 0.7% (vs 3% padrão), ajustada para incerteza 0.24. Retorno esperado ajustado: +2.3% em 10 dias (penalidade regime: 80%, vol: 90%). Meia-vida sinal: 6.2 dias, holding ótimo: 9 dias, probabilidade persistência: 95%. Regime mercado: lateral (tendência: 0.07, vol: 0.20) - condições favoráveis para este tipo de sinal."
B3SA3,"B3SA3 @ $18.51 BUY signal: 97.0% vs 59.0% threshold (margin: +38.0pts). Conviction: 5.5/10 (Moderate) - Model agreement: 100%, uncertainty: 1.67σ, stable ensemble. Top contributors: SAC (39.0%), LSTM SR (38.6%). Kelly-optimal position: 0.5% (vs 3% standard), risk-adjusted for 1.67 uncertainty. Regime-adjusted expected return: +1.8% over 10 days (regime penalty: 70%, vol penalty: 82%). Signal half-life: 2.8 days, optimal holding: 4 days, persistence probability: 48%. Market regime: sideways (trend: 0.06, vol: 0.24) - challenging conditions for this signal type.","B3SA3 @ $18.51 sinal COMPRA: 97.0% vs limiar 59.0% (margem: +38.0pts). Convicção: 5.5/10 (Moderado) - Consenso modelos: 100%, incerteza: 1.67σ, ensemble estável. Principais contribuintes: SAC (39.0%), LSTM SR (38.6%). Posição Kelly-ótima: 0.5% (vs 3% padrão), ajustada para incerteza 1.67. Retorno esperado ajustado: +1.8% em 10 dias (penalidade regime: 70%, vol: 82%). Meia-vida sinal: 2.8 dias, holding ótimo: 4 dias, probabilidade persistência: 48%. Regime mercado: lateral (tendência: 0.06, vol: 0.24) - condições desafiadoras para este tipo de sinal."
BAC  ,"BAC   @ $53.73 shows an unclear signal with both BUY (57.0%, needs 14.0pts) and SELL (8.0%, needs 48.0pts) below thresholds. Conviction: 2.7/10 (Weak) - Model agreement: 69%, uncertainty: 1.59σ, stable ensemble. Top contributors: LSTM (29.1%), SAC (22.0%). Kelly-optimal position: 0.5% (vs 3% standard), risk-adjusted for 1.59 uncertainty. Regime-adjusted expected return: +1.6% over 10 days (regime penalty: 60%, vol penalty: 82%). Signal half-life: 2.8 days, optimal holding: 4 days, persistence probability: 48%. Market regime: trending (trend: 0.13, vol: 0.24) - challenging conditions for this signal type.","BAC   @ $53.73 sinal incerto: COMPRA (57.0%, precisa 14.0pts) e VENDA (8.0%, precisa 48.0pts) abaixo dos limiares. Convicção: 2.7/10 (Fraco) - Consenso modelos: 69%, incerteza: 1.59σ, ensemble estável. Principais contribuintes: LSTM (29.1%), SAC (22.0%). Posição Kelly-ótima: 0.5% (vs 3% padrão), ajustada para incerteza 1.59. Retorno esperado ajustado: +1.6% em 10 dias (penalidade regime: 60%, vol: 82%). Meia-vida sinal: 2.8 dias, holding ótimo: 4 dias, probabilidade persistência: 48%. Regime mercado: tendencial (tendência: 0.13, vol: 0.24) - condições desafiadoras para este tipo de sinal."
BBAS3,"BBAS3 @ $23.02 SELL signal: 87.0% vs 83.0% threshold (margin: +4.0pts). Conviction: 1.9/10 (Weak) - Model agreement: 95%, uncertainty: 3.17σ, very_unstable ensemble. Top contributors: TD3 (83.1%), LSTM (8.2%). Kelly-optimal position: 0.5% (vs 3% standard), risk-adjusted for 3.17 uncertainty. Regime-adjusted expected return: +1.5% over 10 days (regime penalty: 70%, vol penalty: 66%). Signal half-life: 0.9 days, optimal holding: 1 days, persistence probability: 30%. Market regime: sideways (trend: 0.02, vol: 0.32) - challenging conditions for this signal type.","BBAS3 @ $23.02 sinal VENDA: 87.0% vs limiar 83.0% (margem: +4.0pts). Convicção: 1.9/10 (Fraco) - Consenso modelos: 95%, incerteza: 3.17σ, ensemble muito instável. Principais contribuintes: TD3 (83.1%), LSTM (8.2%). Posição Kelly-ótima: 0.5% (vs 3% padrão), ajustada para incerteza 3.17. Retorno esperado ajustado: +1.5% em 10 dias (penalidade regime: 70%, vol: 66%). Meia-vida sinal: 0.9 dias, holding ótimo: 1 dias, probabilidade persistência: 30%. Regime mercado: lateral (tendência: 0.02, vol: 0.32) - condições desafiadoras para este tipo de sinal."
BBD  ,"BBD   @ $3.51 shows an unclear signal with both BUY (20.0%, needs 19.0pts) and SELL (22.0%, needs 8.0pts) below thresholds. Conviction: 1.3/10 (Weak) - Model agreement: 28%, uncertainty: 1.50σ, unstable ensemble. Top contributors: LSTM 10 (29.9%), LSTM SR (27.6%). Kelly-optimal position: 0.5% (vs 3% standard), risk-adjusted for 1.50 uncertainty. Regime-adjusted expected return: +1.5% over 10 days (regime penalty: 80%, vol penalty: 60%). Signal half-life: 1.2 days, optimal holding: 2 days, persistence probability: 30%. Market regime: sideways (trend: 0.02, vol: 0.36) - favorable conditions for this signal type.","BBD   @ $3.51 sinal incerto: COMPRA (20.0%, precisa 19.0pts) e VENDA (22.0%, precisa 8.0pts) abaixo dos limiares. Convicção: 1.3/10 (Fraco) - Consenso modelos: 28%, incerteza: 1.50σ, ensemble instável. Principais contribuintes: LSTM 10 (29.9%), LSTM SR (27.6%). Posição Kelly-ótima: 0.5% (vs 3% padrão), ajustada para incerteza 1.50. Retorno esperado ajustado: +1.5% em 10 dias (penalidade regime: 80%, vol: 60%). Meia-vida sinal: 1.2 dias, holding ótimo: 2 dias, probabilidade persistência: 30%. Regime mercado: lateral (tendência: 0.02, vol: 0.36) - condições favoráveis para este tipo de sinal."
BBDC3,"BBDC3 @ $16.30 shows an unclear signal with both BUY (0.0%, needs 10.0pts) and SELL (20.0%, needs 60.0pts) below thresholds. Conviction: 3.5/10 (Moderate) - Model agreement: 20%, uncertainty: 0.04σ, very_unstable ensemble. Top contributors: SAC (79.9%), PPO (20.1%). Kelly-optimal position: 0.8% (vs 3% standard), risk-adjusted for 0.04 uncertainty. Regime-adjusted expected return: +2.0% over 10 days (regime penalty: 80%, vol penalty: 80%). Signal half-life: 4.4 days, optimal holding: 7 days, persistence probability: 78%. Market regime: sideways (trend: 0.04, vol: 0.25) - favorable conditions for this signal type.","BBDC3 @ $16.30 sinal incerto: COMPRA (0.0%, precisa 10.0pts) e VENDA (20.0%, precisa 60.0pts) abaixo dos limiares. Convicção: 3.5/10 (Moderado) - Consenso modelos: 20%, incerteza: 0.04σ, ensemble muito instável. Principais contribuintes: SAC (79.9%), PPO (20.1%). Posição Kelly-ótima: 0.8% (vs 3% padrão), ajustada para incerteza 0.04. Retorno esperado ajustado: +2.0% em 10 dias (penalidade regime: 80%, vol: 80%). Meia-vida sinal: 4.4 dias, holding ótimo: 7 dias, probabilidade persistência: 78%. Regime mercado: lateral (tendência: 0.04, vol: 0.25) - condições favoráveis para este tipo de sinal."
BBDC4,"BBDC4 @ $18.57 shows an unclear signal with both BUY (1.0%, needs 32.0pts) and SELL (37.0%, needs 26.0pts) below thresholds. Conviction: 2.6/10 (Weak) - Model agreement: 29%, uncertainty: 0.72σ, moderate ensemble. Top contributors: LSTM SR (36.1%), LSTM 10 (25.0%). Kelly-optimal position: 0.5% (vs 3% standard), risk-adjusted for 0.72 uncertainty. Regime-adjusted expected return: +1.9% over 10 days (regime penalty: 80%, vol penalty: 74%). Signal half-life: 5.4 days, optimal holding: 8 days, persistence probability: 95%. Market regime: sideways (trend: 0.04, vol: 0.28) - favorable conditions for this signal type.","BBDC4 @ $18.57 sinal incerto: COMPRA (1.0%, precisa 32.0pts) e VENDA (37.0%, precisa 26.0pts) abaixo dos limiares. Convicção: 2.6/10 (Fraco) - Consenso modelos: 29%, incerteza: 0.72σ, ensemble moderado. Principais contribuintes: LSTM SR (36.1%), LSTM 10 (25.0%). Posição Kelly-ótima: 0.5% (vs 3% padrão), ajustada para incerteza 0.72. Retorno esperado ajustado: +1.9% em 10 dias (penalidade regime: 80%, vol: 74%). Meia-vida sinal: 5.4 dias, holding ótimo: 8 dias, probabilidade persistência: 95%. Regime mercado: lateral (tendência: 0.04, vol: 0.28) - condições favoráveis para este tipo de sinal."
BBSE3,"BBSE3 @ $39.19 BUY signal: 98.0% vs 40.0% threshold (margin: +58.0pts). Conviction: 6.4/10 (Moderate) - Model agreement: 100%, uncertainty: 0.94σ, stable ensemble. Top contributors: TD3 (34.4%), PPO (31.7%). Kelly-optimal position: 0.5% (vs 3% standard), risk-adjusted for 0.94 uncertainty. Regime-adjusted expected return: +1.7% over 10 days (regime penalty: 70%, vol penalty: 78%). Signal half-life: 5.6 days, optimal holding: 8 days, persistence probability: 95%. Market regime: sideways (trend: 0.05, vol: 0.26) - challenging conditions for this signal type.","BBSE3 @ $39.19 sinal COMPRA: 98.0% vs limiar 40.0% (margem: +58.0pts). Convicção: 6.4/10 (Moderado) - Consenso modelos: 100%, incerteza: 0.94σ, ensemble estável. Principais contribuintes: TD3 (34.4%), PPO (31.7%). Posição Kelly-ótima: 0.5% (vs 3% padrão), ajustada para incerteza 0.94. Retorno esperado ajustado: +1.7% em 10 dias (penalidade regime: 70%, vol: 78%). Meia-vida sinal: 5.6 dias, holding ótimo: 8 dias, probabilidade persistência: 95%. Regime mercado: lateral (tendência: 0.05, vol: 0.26) - condições desafiadoras para este tipo de sinal."
BOVA1,"BOVA1 @ $184.41 shows an unclear signal with both BUY (3.0%, needs 45.0pts) and SELL (32.0%, needs 29.0pts) below thresholds. Conviction: 2.4/10 (Weak) - Model agreement: 100%, uncertainty: 1.18σ, unstable ensemble. Top contributors: LSTM (60.6%), LSTM SR (12.9%). Kelly-optimal position: 0.5% (vs 3% standard), risk-adjusted for 1.18 uncertainty. Regime-adjusted expected return: +2.6% over 10 days (regime penalty: 80%, vol penalty: 100%). Signal half-life: 3.2 days, optimal holding: 5 days, persistence probability: 46%. Market regime: sideways (trend: 0.01, vol: 0.14) - favorable conditions for this signal type.","BOVA1 @ $184.41 sinal incerto: COMPRA (3.0%, precisa 45.0pts) e VENDA (32.0%, precisa 29.0pts) abaixo dos limiares. Convicção: 2.4/10 (Fraco) - Consenso modelos: 100%, incerteza: 1.18σ, ensemble instável. Principais contribuintes: LSTM (60.6%), LSTM SR (12.9%). Posição Kelly-ótima: 0.5% (vs 3% padrão), ajustada para incerteza 1.18. Retorno esperado ajustado: +2.6% em 10 dias (penalidade regime: 80%, vol: 100%). Meia-vida sinal: 3.2 dias, holding ótimo: 5 dias, probabilidade persistência: 46%. Regime mercado: lateral (tendência: 0.01, vol: 0.14) - condições favoráveis para este tipo de sinal."
BPAC1,"BPAC1 @ $63.70 shows an unclear signal with both BUY (29.0%, needs 42.0pts) and SELL (0.0%, needs 55.0pts) below thresholds. Conviction: 3.4/10 (Weak) - Model agreement: 100%, uncertainty: 4.83σ, stable ensemble. Top contributors: LSTM (71.0%), SAC (21.7%). Kelly-optimal position: 0.5% (vs 3% standard), risk-adjusted for 4.83 uncertainty. Regime-adjusted expected return: +2.2% over 10 days (regime penalty: 80%, vol penalty: 86%). Signal half-life: 2.9 days, optimal holding: 4 days, persistence probability: 48%. Market regime: sideways (trend: 0.07, vol: 0.22) - favorable conditions for this signal type.","BPAC1 @ $63.70 sinal incerto: COMPRA (29.0%, precisa 42.0pts) e VENDA (0.0%, precisa 55.0pts) abaixo dos limiares. Convicção: 3.4/10 (Fraco) - Consenso modelos: 100%, incerteza: 4.83σ, ensemble estável. Principais contribuintes: LSTM (71.0%), SAC (21.7%). Posição Kelly-ótima: 0.5% (vs 3% padrão), ajustada para incerteza 4.83. Retorno esperado ajustado: +2.2% em 10 dias (penalidade regime: 80%, vol: 86%). Meia-vida sinal: 2.9 dias, holding ótimo: 4 dias, probabilidade persistência: 48%. Regime mercado: lateral (tendência: 0.07, vol: 0.22) - condições favoráveis para este tipo de sinal."
BPAC3,"BPAC3 @ $24.77 BUY signal: 75.0% vs 38.0% threshold (margin: +37.0pts). Conviction: 5.8/10 (Moderate) - Model agreement: 100%, uncertainty: 0.87σ, stable ensemble. Top contributors: LSTM (37.7%), LSTM 10 (27.9%). Kelly-optimal position: 0.5% (vs 3% standard), risk-adjusted for 0.87 uncertainty. Regime-adjusted expected return: +2.2% over 10 days (regime penalty: 70%, vol penalty: 100%). Signal half-life: 7.6 days, optimal holding: 11 days, persistence probability: 95%. Market regime: sideways (trend: 0.06, vol: 0.14) - challenging conditions for this signal type.","BPAC3 @ $24.77 sinal COMPRA: 75.0% vs limiar 38.0% (margem: +37.0pts). Convicção: 5.8/10 (Moderado) - Consenso modelos: 100%, incerteza: 0.87σ, ensemble estável. Principais contribuintes: LSTM (37.7%), LSTM 10 (27.9%). Posição Kelly-ótima: 0.5% (vs 3% padrão), ajustada para incerteza 0.87. Retorno esperado ajustado: +2.2% em 10 dias (penalidade regime: 70%, vol: 100%). Meia-vida sinal: 7.6 dias, holding ótimo: 11 dias, probabilidade persistência: 95%. Regime mercado: lateral (tendência: 0.06, vol: 0.14) - condições desafiadoras para este tipo de sinal."
BPAC5,"BPAC5 @ $20.46 BUY signal: 100.0% vs 97.0% threshold (margin: +3.0pts). Conviction: 3.4/10 (Weak) - Model agreement: 100%, uncertainty: 2.31σ, stable ensemble. Top contributors: LSTM Cla (97.5%), LSTM 10 (2.5%). Kelly-optimal position: 0.5% (vs 3% standard), risk-adjusted for 2.31 uncertainty. Regime-adjusted expected return: +1.3% over 10 days (regime penalty: 70%, vol penalty: 60%). Signal half-life: 1.9 days, optimal holding: 3 days, persistence probability: 48%. Market regime: sideways (trend: 0.05, vol: 0.39) - challenging conditions for this signal type.","BPAC5 @ $20.46 sinal COMPRA: 100.0% vs limiar 97.0% (margem: +3.0pts). Convicção: 3.4/10 (Fraco) - Consenso modelos: 100%, incerteza: 2.31σ, ensemble estável. Principais contribuintes: LSTM Cla (97.5%), LSTM 10 (2.5%). Posição Kelly-ótima: 0.5% (vs 3% padrão), ajustada para incerteza 2.31. Retorno esperado ajustado: +1.3% em 10 dias (penalidade regime: 70%, vol: 60%). Meia-vida sinal: 1.9 dias, holding ótimo: 3 dias, probabilidade persistência: 48%. Regime mercado: lateral (tendência: 0.05, vol: 0.39) - condições desafiadoras para este tipo de sinal."
BPAN4,"BPAN4 @ $12.75 BUY signal: 100.0% vs 63.0% threshold (margin: +37.0pts). Conviction: 7.7/10 (Strong) - Model agreement: 100%, uncertainty: 0.23σ, stable ensemble. Top contributors: LSTM (33.5%), LSTM 10 (31.6%). Kelly-optimal position: 0.7% (vs 3% standard), risk-adjusted for 0.23 uncertainty. Regime-adjusted expected return: +1.7% over 10 days (regime penalty: 70%, vol penalty: 78%). Signal half-life: 9.3 days, optimal holding: 14 days, persistence probability: 95%. Market regime: sideways (trend: 0.10, vol: 0.26) - challenging conditions for this signal type.","BPAN4 @ $12.75 sinal COMPRA: 100.0% vs limiar 63.0% (margem: +37.0pts). Convicção: 7.7/10 (Forte) - Consenso modelos: 100%, incerteza: 0.23σ, ensemble estável. Principais contribuintes: LSTM (33.5%), LSTM 10 (31.6%). Posição Kelly-ótima: 0.7% (vs 3% padrão), ajustada para incerteza 0.23. Retorno esperado ajustado: +1.7% em 10 dias (penalidade regime: 70%, vol: 78%). Meia-vida sinal: 9.3 dias, holding ótimo: 14 dias, probabilidade persistência: 95%. Regime mercado: lateral (tendência: 0.10, vol: 0.26) - condições desafiadoras para este tipo de sinal."
BRAP3,"BRAP3 @ $17.91 shows an unclear signal with both BUY (46.0%, needs 22.0pts) and SELL (12.0%, needs 28.0pts) below thresholds. Conviction: 3.6/10 (Moderate) - Model agreement: 48%, uncertainty: 0.64σ, stable ensemble. Top contributors: TD3 (48.3%), LSTM (28.2%). Kelly-optimal position: 0.5% (vs 3% standard), risk-adjusted for 0.64 uncertainty. Regime-adjusted expected return: +2.5% over 10 days (regime penalty: 80%, vol penalty: 96%). Signal half-life: 8.6 days, optimal holding: 13 days, persistence probability: 95%. Market regime: sideways (trend: 0.05, vol: 0.17) - favorable conditions for this signal type.","BRAP3 @ $17.91 sinal incerto: COMPRA (46.0%, precisa 22.0pts) e VENDA (12.0%, precisa 28.0pts) abaixo dos limiares. Convicção: 3.6/10 (Moderado) - Consenso modelos: 48%, incerteza: 0.64σ, ensemble estável. Principais contribuintes: TD3 (48.3%), LSTM (28.2%). Posição Kelly-ótima: 0.5% (vs 3% padrão), ajustada para incerteza 0.64. Retorno esperado ajustado: +2.5% em 10 dias (penalidade regime: 80%, vol: 96%). Meia-vida sinal: 8.6 dias, holding ótimo: 13 dias, probabilidade persistência: 95%. Regime mercado: lateral (tendência: 0.05, vol: 0.17) - condições favoráveis para este tipo de sinal."
BRAP4,"BRAP4 @ $20.28 SELL signal: 60.0% vs 42.0% threshold (margin: +18.0pts). Conviction: 3.8/10 (Moderate) - Model agreement: 65%, uncertainty: 1.99σ, stable ensemble. Top contributors: LSTM Cla (33.6%), SAC (32.0%). Kelly-optimal position: 0.5% (vs 3% standard), risk-adjusted for 1.99 uncertainty. Regime-adjusted expected return: +1.6% over 10 days (regime penalty: 70%, vol penalty: 72%). Signal half-life: 2.5 days, optimal holding: 4 days, persistence probability: 48%. Market regime: sideways (trend: 0.09, vol: 0.29) - challenging conditions for this signal type.","BRAP4 @ $20.28 sinal VENDA: 60.0% vs limiar 42.0% (margem: +18.0pts). Convicção: 3.8/10 (Moderado) - Consenso modelos: 65%, incerteza: 1.99σ, ensemble estável. Principais contribuintes: LSTM Cla (33.6%), SAC (32.0%). Posição Kelly-ótima: 0.5% (vs 3% padrão), ajustada para incerteza 1.99. Retorno esperado ajustado: +1.6% em 10 dias (penalidade regime: 70%, vol: 72%). Meia-vida sinal: 2.5 dias, holding ótimo: 4 dias, probabilidade persistência: 48%. Regime mercado: lateral (tendência: 0.09, vol: 0.29) - condições desafiadoras para este tipo de sinal."
BRK-B,"BRK-B @ $500.50 shows an unclear signal with both BUY (5.0%, needs 30.0pts) and SELL (0.0%, needs 75.0pts) below thresholds. Conviction: 1.4/10 (Weak) - Model agreement: 73%, uncertainty: 1.24σ, very_unstable ensemble. Top contributors: LSTM Cla (34.7%), LSTM SR (34.1%). Kelly-optimal position: 0.5% (vs 3% standard), risk-adjusted for 1.24 uncertainty. Regime-adjusted expected return: +2.6% over 10 days (regime penalty: 80%, vol penalty: 100%). Signal half-life: 2.2 days, optimal holding: 3 days, persistence probability: 30%. Market regime: sideways (trend: 0.01, vol: 0.12) - favorable conditions for this signal type.","BRK-B @ $500.50 sinal incerto: COMPRA (5.0%, precisa 30.0pts) e VENDA (0.0%, precisa 75.0pts) abaixo dos limiares. Convicção: 1.4/10 (Fraco) - Consenso modelos: 73%, incerteza: 1.24σ, ensemble muito instável. Principais contribuintes: LSTM Cla (34.7%), LSTM SR (34.1%). Posição Kelly-ótima: 0.5% (vs 3% padrão), ajustada para incerteza 1.24. Retorno esperado ajustado: +2.6% em 10 dias (penalidade regime: 80%, vol: 100%). Meia-vida sinal: 2.2 dias, holding ótimo: 3 dias, probabilidade persistência: 30%. Regime mercado: lateral (tendência: 0.01, vol: 0.12) - condições favoráveis para este tipo de sinal."
BRKM3,"BRKM3 @ $4.05 shows an unclear signal with both BUY (0.0%, needs 37.0pts) and SELL (33.0%, needs 11.0pts) below thresholds. Conviction: 2.4/10 (Weak) - Model agreement: 38%, uncertainty: 3.73σ, stable ensemble. Top contributors: LSTM Cla (27.6%), LSTM 10 (23.3%). Kelly-optimal position: 0.5% (vs 3% standard), risk-adjusted for 3.73 uncertainty. Regime-adjusted expected return: +1.5% over 10 days (regime penalty: 80%, vol penalty: 60%). Signal half-life: 1.8 days, optimal holding: 3 days, persistence probability: 48%. Market regime: sideways (trend: 0.04, vol: 0.61) - favorable conditions for this signal type.","BRKM3 @ $4.05 sinal incerto: COMPRA (0.0%, precisa 37.0pts) e VENDA (33.0%, precisa 11.0pts) abaixo dos limiares. Convicção: 2.4/10 (Fraco) - Consenso modelos: 38%, incerteza: 3.73σ, ensemble estável. Principais contribuintes: LSTM Cla (27.6%), LSTM 10 (23.3%). Posição Kelly-ótima: 0.5% (vs 3% padrão), ajustada para incerteza 3.73. Retorno esperado ajustado: +1.5% em 10 dias (penalidade regime: 80%, vol: 60%). Meia-vida sinal: 1.8 dias, holding ótimo: 3 dias, probabilidade persistência: 48%. Regime mercado: lateral (tendência: 0.04, vol: 0.61) - condições favoráveis para este tipo de sinal."
BRKM5,"BRKM5 @ $4.10 SELL signal: 35.0% vs 36.0% threshold (margin: -1.0pts). Conviction: 2.2/10 (Weak) - Model agreement: 55%, uncertainty: 40.09σ, moderate ensemble. Top contributors: LSTM 10 (34.3%), LSTM (30.5%). Kelly-optimal position: 0.5% (vs 3% standard), risk-adjusted for 40.09 uncertainty. Regime-adjusted expected return: +2.3% over 10 days (regime penalty: 120%, vol penalty: 60%). Signal half-life: 1.5 days, optimal holding: 2 days, persistence probability: 40%. Market regime: trending (trend: 0.13, vol: 0.94) - favorable conditions for this signal type.","BRKM5 @ $4.10 sinal VENDA: 35.0% vs limiar 36.0% (margem: -1.0pts). Convicção: 2.2/10 (Fraco) - Consenso modelos: 55%, incerteza: 40.09σ, ensemble moderado. Principais contribuintes: LSTM 10 (34.3%), LSTM (30.5%). Posição Kelly-ótima: 0.5% (vs 3% padrão), ajustada para incerteza 40.09. Retorno esperado ajustado: +2.3% em 10 dias (penalidade regime: 120%, vol: 60%). Meia-vida sinal: 1.5 dias, holding ótimo: 2 dias, probabilidade persistência: 40%. Regime mercado: tendencial (tendência: 0.13, vol: 0.94) - condições favoráveis para este tipo de sinal."
BRKM6,"BRKM6 @ $5.30 shows an unclear signal with both BUY (0.0%, needs 51.0pts) and SELL (43.0%, needs 5.0pts) below thresholds. Conviction: 2.4/10 (Weak) - Model agreement: 53%, uncertainty: 3.34σ, stable ensemble. Top contributors: SAC (35.3%), LSTM (21.8%). Kelly-optimal position: 0.5% (vs 3% standard), risk-adjusted for 3.34 uncertainty. Regime-adjusted expected return: +1.2% over 10 days (regime penalty: 60%, vol penalty: 60%). Signal half-life: 1.8 days, optimal holding: 3 days, persistence probability: 48%. Market regime: trending (trend: 0.20, vol: 0.98) - challenging conditions for this signal type.","BRKM6 @ $5.30 sinal incerto: COMPRA (0.0%, precisa 51.0pts) e VENDA (43.0%, precisa 5.0pts) abaixo dos limiares. Convicção: 2.4/10 (Fraco) - Consenso modelos: 53%, incerteza: 3.34σ, ensemble estável. Principais contribuintes: SAC (35.3%), LSTM (21.8%). Posição Kelly-ótima: 0.5% (vs 3% padrão), ajustada para incerteza 3.34. Retorno esperado ajustado: +1.2% em 10 dias (penalidade regime: 60%, vol: 60%). Meia-vida sinal: 1.8 dias, holding ótimo: 3 dias, probabilidade persistência: 48%. Regime mercado: tendencial (tendência: 0.20, vol: 0.98) - condições desafiadoras para este tipo de sinal."
BRSR3,"BRSR3 @ $17.84 shows an unclear signal with both BUY (34.0%, needs 42.0pts) and SELL (0.0%, needs 67.0pts) below thresholds. Conviction: 4.6/10 (Moderate) - Model agreement: 65%, uncertainty: 0.41σ, stable ensemble. Top contributors: PPO (24.5%), LSTM Cla (23.5%). Kelly-optimal position: 0.5% (vs 3% standard), risk-adjusted for 0.41 uncertainty. Regime-adjusted expected return: +2.2% over 10 days (regime penalty: 80%, vol penalty: 84%). Signal half-life: 9.0 days, optimal holding: 13 days, persistence probability: 95%. Market regime: sideways (trend: 0.00, vol: 0.23) - favorable conditions for this signal type.","BRSR3 @ $17.84 sinal incerto: COMPRA (34.0%, precisa 42.0pts) e VENDA (0.0%, precisa 67.0pts) abaixo dos limiares. Convicção: 4.6/10 (Moderado) - Consenso modelos: 65%, incerteza: 0.41σ, ensemble estável. Principais contribuintes: PPO (24.5%), LSTM Cla (23.5%). Posição Kelly-ótima: 0.5% (vs 3% padrão), ajustada para incerteza 0.41. Retorno esperado ajustado: +2.2% em 10 dias (penalidade regime: 80%, vol: 84%). Meia-vida sinal: 9.0 dias, holding ótimo: 13 dias, probabilidade persistência: 95%. Regime mercado: lateral (tendência: 0.00, vol: 0.23) - condições favoráveis para este tipo de sinal."
BRSR5,"BRSR5 @ $16.01 BUY signal: 86.0% vs 51.0% threshold (margin: +35.0pts). Conviction: 4.9/10 (Moderate) - Model agreement: 100%, uncertainty: 0.98σ, moderate ensemble. Top contributors: SAC (19.4%), LSTM (16.8%). Kelly-optimal position: 0.5% (vs 3% standard), risk-adjusted for 0.98 uncertainty. Regime-adjusted expected return: +1.9% over 10 days (regime penalty: 70%, vol penalty: 86%). Signal half-life: 4.9 days, optimal holding: 7 days, persistence probability: 82%. Market regime: sideways (trend: 0.10, vol: 0.22) - challenging conditions for this signal type.","BRSR5 @ $16.01 sinal COMPRA: 86.0% vs limiar 51.0% (margem: +35.0pts). Convicção: 4.9/10 (Moderado) - Consenso modelos: 100%, incerteza: 0.98σ, ensemble moderado. Principais contribuintes: SAC (19.4%), LSTM (16.8%). Posição Kelly-ótima: 0.5% (vs 3% padrão), ajustada para incerteza 0.98. Retorno esperado ajustado: +1.9% em 10 dias (penalidade regime: 70%, vol: 86%). Meia-vida sinal: 4.9 dias, holding ótimo: 7 dias, probabilidade persistência: 82%. Regime mercado: lateral (tendência: 0.10, vol: 0.22) - condições desafiadoras para este tipo de sinal."
BRSR6,"BRSR6 @ $15.25 shows an unclear signal with both BUY (14.0%, needs 40.0pts) and SELL (27.0%, needs 38.0pts) below thresholds. Conviction: 1.7/10 (Weak) - Model agreement: 54%, uncertainty: 28.14σ, unstable ensemble. Top contributors: SAC (24.6%), LSTM (14.8%). Kelly-optimal position: 0.5% (vs 3% standard), risk-adjusted for 28.14 uncertainty. Regime-adjusted expected return: +1.8% over 10 days (regime penalty: 80%, vol penalty: 70%). Signal half-life: 1.4 days, optimal holding: 2 days, persistence probability: 30%. Market regime: sideways (trend: 0.02, vol: 0.30) - favorable conditions for this signal type.","BRSR6 @ $15.25 sinal incerto: COMPRA (14.0%, precisa 40.0pts) e VENDA (27.0%, precisa 38.0pts) abaixo dos limiares. Convicção: 1.7/10 (Fraco) - Consenso modelos: 54%, incerteza: 28.14σ, ensemble instável. Principais contribuintes: SAC (24.6%), LSTM (14.8%). Posição Kelly-ótima: 0.5% (vs 3% padrão), ajustada para incerteza 28.14. Retorno esperado ajustado: +1.8% em 10 dias (penalidade regime: 80%, vol: 70%). Meia-vida sinal: 1.4 dias, holding ótimo: 2 dias, probabilidade persistência: 30%. Regime mercado: lateral (tendência: 0.02, vol: 0.30) - condições favoráveis para este tipo de sinal."
BRZU ,"BRZU  @ $100.20 shows an unclear signal with both BUY (36.0%, needs 21.0pts) and SELL (0.0%, needs 64.0pts) below thresholds. Conviction: 2.4/10 (Weak) - Model agreement: 72%, uncertainty: 37.09σ, moderate ensemble. Top contributors: LSTM SR (38.0%), SAC (22.6%). Kelly-optimal position: 0.5% (vs 3% standard), risk-adjusted for 37.09 uncertainty. Regime-adjusted expected return: +1.5% over 10 days (regime penalty: 80%, vol penalty: 60%). Signal half-life: 1.5 days, optimal holding: 2 days, persistence probability: 40%. Market regime: sideways (trend: 0.05, vol: 0.41) - favorable conditions for this signal type.","BRZU  @ $100.20 sinal incerto: COMPRA (36.0%, precisa 21.0pts) e VENDA (0.0%, precisa 64.0pts) abaixo dos limiares. Convicção: 2.4/10 (Fraco) - Consenso modelos: 72%, incerteza: 37.09σ, ensemble moderado. Principais contribuintes: LSTM SR (38.0%), SAC (22.6%). Posição Kelly-ótima: 0.5% (vs 3% padrão), ajustada para incerteza 37.09. Retorno esperado ajustado: +1.5% em 10 dias (penalidade regime: 80%, vol: 60%). Meia-vida sinal: 1.5 dias, holding ótimo: 2 dias, probabilidade persistência: 40%. Regime mercado: lateral (tendência: 0.05, vol: 0.41) - condições favoráveis para este tipo de sinal."
BSBR ,"BSBR  @ $5.33 SELL signal: 48.0% vs 30.0% threshold (margin: +18.0pts). Conviction: 3.3/10 (Weak) - Model agreement: 32%, uncertainty: 1.17σ, stable ensemble. Top contributors: PPO (24.7%), LSTM 10 (23.1%). Kelly-optimal position: 0.5% (vs 3% standard), risk-adjusted for 1.17 uncertainty. Regime-adjusted expected return: +1.7% over 10 days (regime penalty: 70%, vol penalty: 74%). Signal half-life: 4.2 days, optimal holding: 6 days, persistence probability: 80%. Market regime: sideways (trend: 0.10, vol: 0.28) - challenging conditions for this signal type.","BSBR  @ $5.33 sinal VENDA: 48.0% vs limiar 30.0% (margem: +18.0pts). Convicção: 3.3/10 (Fraco) - Consenso modelos: 32%, incerteza: 1.17σ, ensemble estável. Principais contribuintes: PPO (24.7%), LSTM 10 (23.1%). Posição Kelly-ótima: 0.5% (vs 3% padrão), ajustada para incerteza 1.17. Retorno esperado ajustado: +1.7% em 10 dias (penalidade regime: 70%, vol: 74%). Meia-vida sinal: 4.2 dias, holding ótimo: 6 dias, probabilidade persistência: 80%. Regime mercado: lateral (tendência: 0.10, vol: 0.28) - condições desafiadoras para este tipo de sinal."
CIG  ,"CIG   @ $2.10 SELL signal: 85.0% vs 76.0% threshold (margin: +9.0pts). Conviction: 2.5/10 (Weak) - Model agreement: 82%, uncertainty: 2.57σ, unstable ensemble. Top contributors: PPO (61.5%), LSTM 10 (15.5%). Kelly-optimal position: 0.5% (vs 3% standard), risk-adjusted for 2.57 uncertainty. Regime-adjusted expected return: +1.4% over 10 days (regime penalty: 70%, vol penalty: 62%). Signal half-life: 1.3 days, optimal holding: 2 days, persistence probability: 30%. Market regime: sideways (trend: 0.01, vol: 0.34) - challenging conditions for this signal type.","CIG   @ $2.10 sinal VENDA: 85.0% vs limiar 76.0% (margem: +9.0pts). Convicção: 2.5/10 (Fraco) - Consenso modelos: 82%, incerteza: 2.57σ, ensemble instável. Principais contribuintes: PPO (61.5%), LSTM 10 (15.5%). Posição Kelly-ótima: 0.5% (vs 3% padrão), ajustada para incerteza 2.57. Retorno esperado ajustado: +1.4% em 10 dias (penalidade regime: 70%, vol: 62%). Meia-vida sinal: 1.3 dias, holding ótimo: 2 dias, probabilidade persistência: 30%. Regime mercado: lateral (tendência: 0.01, vol: 0.34) - condições desafiadoras para este tipo de sinal."
CMIG3,"CMIG3 @ $17.03 BUY signal: 89.0% vs 60.0% threshold (margin: +29.0pts). Conviction: 4.9/10 (Moderate) - Model agreement: 100%, uncertainty: 1.87σ, stable ensemble. Top contributors: LSTM (59.7%), LSTM 10 (21.9%). Kelly-optimal position: 0.5% (vs 3% standard), risk-adjusted for 1.87 uncertainty. Regime-adjusted expected return: +1.8% over 10 days (regime penalty: 70%, vol penalty: 80%). Signal half-life: 2.7 days, optimal holding: 4 days, persistence probability: 48%. Market regime: sideways (trend: 0.02, vol: 0.25) - challenging conditions for this signal type.","CMIG3 @ $17.03 sinal COMPRA: 89.0% vs limiar 60.0% (margem: +29.0pts). Convicção: 4.9/10 (Moderado) - Consenso modelos: 100%, incerteza: 1.87σ, ensemble estável. Principais contribuintes: LSTM (59.7%), LSTM 10 (21.9%). Posição Kelly-ótima: 0.5% (vs 3% padrão), ajustada para incerteza 1.87. Retorno esperado ajustado: +1.8% em 10 dias (penalidade regime: 70%, vol: 80%). Meia-vida sinal: 2.7 dias, holding ótimo: 4 dias, probabilidade persistência: 48%. Regime mercado: lateral (tendência: 0.02, vol: 0.25) - condições desafiadoras para este tipo de sinal."
CMIG4,"CMIG4 @ $11.16 BUY signal: 100.0% vs 83.0% threshold (margin: +17.0pts). Conviction: 7.2/10 (Strong) - Model agreement: 100%, uncertainty: 0.01σ, stable ensemble. Top contributors: LSTM 10 (83.3%), LSTM (16.7%). Kelly-optimal position: 0.8% (vs 3% standard), risk-adjusted for 0.01 uncertainty. Regime-adjusted expected return: +1.7% over 10 days (regime penalty: 70%, vol penalty: 78%). Signal half-life: 10.5 days, optimal holding: 16 days, persistence probability: 95%. Market regime: sideways (trend: 0.01, vol: 0.26) - challenging conditions for this signal type.","CMIG4 @ $11.16 sinal COMPRA: 100.0% vs limiar 83.0% (margem: +17.0pts). Convicção: 7.2/10 (Forte) - Consenso modelos: 100%, incerteza: 0.01σ, ensemble estável. Principais contribuintes: LSTM 10 (83.3%), LSTM (16.7%). Posição Kelly-ótima: 0.8% (vs 3% padrão), ajustada para incerteza 0.01. Retorno esperado ajustado: +1.7% em 10 dias (penalidade regime: 70%, vol: 78%). Meia-vida sinal: 10.5 dias, holding ótimo: 16 dias, probabilidade persistência: 95%. Regime mercado: lateral (tendência: 0.01, vol: 0.26) - condições desafiadoras para este tipo de sinal."
CPFE3,"CPFE3 @ $46.61 BUY signal: 96.0% vs 71.0% threshold (margin: +25.0pts). Conviction: 6.2/10 (Moderate) - Model agreement: 100%, uncertainty: 0.49σ, stable ensemble. Top contributors: LSTM (37.0%), LSTM 10 (29.5%). Kelly-optimal position: 0.5% (vs 3% standard), risk-adjusted for 0.49 uncertainty. Regime-adjusted expected return: +1.9% over 10 days (regime penalty: 70%, vol penalty: 84%). Signal half-life: 8.5 days, optimal holding: 13 days, persistence probability: 95%. Market regime: sideways (trend: 0.00, vol: 0.23) - challenging conditions for this signal type.","CPFE3 @ $46.61 sinal COMPRA: 96.0% vs limiar 71.0% (margem: +25.0pts). Convicção: 6.2/10 (Moderado) - Consenso modelos: 100%, incerteza: 0.49σ, ensemble estável. Principais contribuintes: LSTM (37.0%), LSTM 10 (29.5%). Posição Kelly-ótima: 0.5% (vs 3% padrão), ajustada para incerteza 0.49. Retorno esperado ajustado: +1.9% em 10 dias (penalidade regime: 70%, vol: 84%). Meia-vida sinal: 8.5 dias, holding ótimo: 13 dias, probabilidade persistência: 95%. Regime mercado: lateral (tendência: 0.00, vol: 0.23) - condições desafiadoras para este tipo de sinal."
CPLE3,"CPLE3 @ $16.09 BUY signal: 55.0% vs 53.0% threshold (margin: +2.0pts). Conviction: 2.1/10 (Weak) - Model agreement: 52%, uncertainty: 1.90σ, moderate ensemble. Top contributors: PPO (41.2%), LSTM (33.8%). Kelly-optimal position: 0.5% (vs 3% standard), risk-adjusted for 1.90 uncertainty. Regime-adjusted expected return: +2.2% over 10 days (regime penalty: 70%, vol penalty: 100%). Signal half-life: 2.8 days, optimal holding: 4 days, persistence probability: 40%. Market regime: sideways (trend: 0.02, vol: 0.14) - challenging conditions for this signal type.","CPLE3 @ $16.09 sinal COMPRA: 55.0% vs limiar 53.0% (margem: +2.0pts). Convicção: 2.1/10 (Fraco) - Consenso modelos: 52%, incerteza: 1.90σ, ensemble moderado. Principais contribuintes: PPO (41.2%), LSTM (33.8%). Posição Kelly-ótima: 0.5% (vs 3% padrão), ajustada para incerteza 1.90. Retorno esperado ajustado: +2.2% em 10 dias (penalidade regime: 70%, vol: 100%). Meia-vida sinal: 2.8 dias, holding ótimo: 4 dias, probabilidade persistência: 40%. Regime mercado: lateral (tendência: 0.02, vol: 0.14) - condições desafiadoras para este tipo de sinal."
CPLE5,"CPLE5 @ $13.58 shows an unclear signal with both BUY (62.0%, needs 2.0pts) and SELL (41.0%, needs 26.0pts) below thresholds. Conviction: 2.7/10 (Weak) - Model agreement: 57%, uncertainty: 1.24σ, stable ensemble. Top contributors: PPO (36.5%), LSTM 10 (31.0%). Kelly-optimal position: 0.5% (vs 3% standard), risk-adjusted for 1.24 uncertainty. Regime-adjusted expected return: +1.8% over 10 days (regime penalty: 80%, vol penalty: 72%). Signal half-life: 3.7 days, optimal holding: 6 days, persistence probability: 73%. Market regime: sideways (trend: 0.01, vol: 0.29) - favorable conditions for this signal type.","CPLE5 @ $13.58 sinal incerto: COMPRA (62.0%, precisa 2.0pts) e VENDA (41.0%, precisa 26.0pts) abaixo dos limiares. Convicção: 2.7/10 (Fraco) - Consenso modelos: 57%, incerteza: 1.24σ, ensemble estável. Principais contribuintes: PPO (36.5%), LSTM 10 (31.0%). Posição Kelly-ótima: 0.5% (vs 3% padrão), ajustada para incerteza 1.24. Retorno esperado ajustado: +1.8% em 10 dias (penalidade regime: 80%, vol: 72%). Meia-vida sinal: 3.7 dias, holding ótimo: 6 dias, probabilidade persistência: 73%. Regime mercado: lateral (tendência: 0.01, vol: 0.29) - condições favoráveis para este tipo de sinal."
CPLE6,"CPLE6 @ $14.26 BUY signal: 100.0% vs 76.0% threshold (margin: +24.0pts). Conviction: 6.3/10 (Moderate) - Model agreement: 100%, uncertainty: 0.52σ, stable ensemble. Top contributors: LSTM (39.1%), LSTM SR (36.7%). Kelly-optimal position: 0.5% (vs 3% standard), risk-adjusted for 0.52 uncertainty. Regime-adjusted expected return: +3.8% over 10 days (regime penalty: 120%, vol penalty: 98%). Signal half-life: 9.6 days, optimal holding: 14 days, persistence probability: 95%. Market regime: trending (trend: 0.11, vol: 0.16) - favorable conditions for this signal type.","CPLE6 @ $14.26 sinal COMPRA: 100.0% vs limiar 76.0% (margem: +24.0pts). Convicção: 6.3/10 (Moderado) - Consenso modelos: 100%, incerteza: 0.52σ, ensemble estável. Principais contribuintes: LSTM (39.1%), LSTM SR (36.7%). Posição Kelly-ótima: 0.5% (vs 3% padrão), ajustada para incerteza 0.52. Retorno esperado ajustado: +3.8% em 10 dias (penalidade regime: 120%, vol: 98%). Meia-vida sinal: 9.6 dias, holding ótimo: 14 dias, probabilidade persistência: 95%. Regime mercado: tendencial (tendência: 0.11, vol: 0.16) - condições favoráveis para este tipo de sinal."
CRM  ,"CRM   @ $236.69 BUY signal: 52.0% vs 41.0% threshold (margin: +11.0pts). Conviction: 2.1/10 (Weak) - Model agreement: 47%, uncertainty: 1.81σ, unstable ensemble. Top contributors: LSTM 10 (41.1%), PPO (31.2%). Kelly-optimal position: 0.5% (vs 3% standard), risk-adjusted for 1.81 uncertainty. Regime-adjusted expected return: +1.3% over 10 days (regime penalty: 70%, vol penalty: 60%). Signal half-life: 1.2 days, optimal holding: 2 days, persistence probability: 30%. Market regime: sideways (trend: 0.09, vol: 0.36) - challenging conditions for this signal type.","CRM   @ $236.69 sinal COMPRA: 52.0% vs limiar 41.0% (margem: +11.0pts). Convicção: 2.1/10 (Fraco) - Consenso modelos: 47%, incerteza: 1.81σ, ensemble instável. Principais contribuintes: LSTM 10 (41.1%), PPO (31.2%). Posição Kelly-ótima: 0.5% (vs 3% padrão), ajustada para incerteza 1.81. Retorno esperado ajustado: +1.3% em 10 dias (penalidade regime: 70%, vol: 60%). Meia-vida sinal: 1.2 dias, holding ótimo: 2 dias, probabilidade persistência: 30%. Regime mercado: lateral (tendência: 0.09, vol: 0.36) - condições desafiadoras para este tipo de sinal."
CSAN ,"CSAN  @ $2.75 shows an unclear signal with both BUY (0.0%, needs 25.0pts) and SELL (64.0%, needs 4.0pts) below thresholds. Conviction: 2.8/10 (Weak) - Model agreement: 60%, uncertainty: 1.59σ, stable ensemble. Top contributors: LSTM SR (22.8%), LSTM 10 (17.1%). Kelly-optimal position: 0.5% (vs 3% standard), risk-adjusted for 1.59 uncertainty. Regime-adjusted expected return: +1.5% over 10 days (regime penalty: 80%, vol penalty: 60%). Signal half-life: 1.8 days, optimal holding: 3 days, persistence probability: 48%. Market regime: sideways (trend: 0.01, vol: 0.46) - favorable conditions for this signal type.","CSAN  @ $2.75 sinal incerto: COMPRA (0.0%, precisa 25.0pts) e VENDA (64.0%, precisa 4.0pts) abaixo dos limiares. Convicção: 2.8/10 (Fraco) - Consenso modelos: 60%, incerteza: 1.59σ, ensemble estável. Principais contribuintes: LSTM SR (22.8%), LSTM 10 (17.1%). Posição Kelly-ótima: 0.5% (vs 3% padrão), ajustada para incerteza 1.59. Retorno esperado ajustado: +1.5% em 10 dias (penalidade regime: 80%, vol: 60%). Meia-vida sinal: 1.8 dias, holding ótimo: 3 dias, probabilidade persistência: 48%. Regime mercado: lateral (tendência: 0.01, vol: 0.46) - condições favoráveis para este tipo de sinal."
CSAN3,"CSAN3 @ $4.00 SELL signal: 57.0% vs 42.0% threshold (margin: +15.0pts). Conviction: 3.1/10 (Weak) - Model agreement: 67%, uncertainty: 2.18σ, moderate ensemble. Top contributors: TD3 (16.9%), LSTM 10 (15.6%). Kelly-optimal position: 0.5% (vs 3% standard), risk-adjusted for 2.18 uncertainty. Regime-adjusted expected return: +1.3% over 10 days (regime penalty: 70%, vol penalty: 60%). Signal half-life: 1.5 days, optimal holding: 2 days, persistence probability: 40%. Market regime: sideways (trend: 0.04, vol: 0.43) - challenging conditions for this signal type.","CSAN3 @ $4.00 sinal VENDA: 57.0% vs limiar 42.0% (margem: +15.0pts). Convicção: 3.1/10 (Fraco) - Consenso modelos: 67%, incerteza: 2.18σ, ensemble moderado. Principais contribuintes: TD3 (16.9%), LSTM 10 (15.6%). Posição Kelly-ótima: 0.5% (vs 3% padrão), ajustada para incerteza 2.18. Retorno esperado ajustado: +1.3% em 10 dias (penalidade regime: 70%, vol: 60%). Meia-vida sinal: 1.5 dias, holding ótimo: 2 dias, probabilidade persistência: 40%. Regime mercado: lateral (tendência: 0.04, vol: 0.43) - condições desafiadoras para este tipo de sinal."
CSMG3,"CSMG3 @ $56.76 shows an unclear signal with both BUY (57.0%, needs 1.0pts) and SELL (0.0%, needs 51.0pts) below thresholds. Conviction: 3.7/10 (Moderate) - Model agreement: 72%, uncertainty: 0.74σ, stable ensemble. Top contributors: LSTM Cla (31.9%), LSTM SR (24.2%). Kelly-optimal position: 0.5% (vs 3% standard), risk-adjusted for 0.74 uncertainty. Regime-adjusted expected return: +2.2% over 10 days (regime penalty: 80%, vol penalty: 86%). Signal half-life: 7.3 days, optimal holding: 11 days, persistence probability: 95%. Market regime: sideways (trend: 0.00, vol: 0.22) - favorable conditions for this signal type.","CSMG3 @ $56.76 sinal incerto: COMPRA (57.0%, precisa 1.0pts) e VENDA (0.0%, precisa 51.0pts) abaixo dos limiares. Convicção: 3.7/10 (Moderado) - Consenso modelos: 72%, incerteza: 0.74σ, ensemble estável. Principais contribuintes: LSTM Cla (31.9%), LSTM SR (24.2%). Posição Kelly-ótima: 0.5% (vs 3% padrão), ajustada para incerteza 0.74. Retorno esperado ajustado: +2.2% em 10 dias (penalidade regime: 80%, vol: 86%). Meia-vida sinal: 7.3 dias, holding ótimo: 11 dias, probabilidade persistência: 95%. Regime mercado: lateral (tendência: 0.00, vol: 0.22) - condições favoráveis para este tipo de sinal."
DUK  ,"DUK   @ $113.74 BUY signal: 55.0% vs 48.0% threshold (margin: +7.0pts). Conviction: 2.9/10 (Weak) - Model agreement: 52%, uncertainty: 2.85σ, stable ensemble. Top contributors: LSTM (40.0%), TD3 (26.0%). Kelly-optimal position: 0.5% (vs 3% standard), risk-adjusted for 2.85 uncertainty. Regime-adjusted expected return: +2.2% over 10 days (regime penalty: 70%, vol penalty: 100%). Signal half-life: 3.5 days, optimal holding: 5 days, persistence probability: 48%. Market regime: sideways (trend: 0.05, vol: 0.11) - challenging conditions for this signal type.","DUK   @ $113.74 sinal COMPRA: 55.0% vs limiar 48.0% (margem: +7.0pts). Convicção: 2.9/10 (Fraco) - Consenso modelos: 52%, incerteza: 2.85σ, ensemble estável. Principais contribuintes: LSTM (40.0%), TD3 (26.0%). Posição Kelly-ótima: 0.5% (vs 3% padrão), ajustada para incerteza 2.85. Retorno esperado ajustado: +2.2% em 10 dias (penalidade regime: 70%, vol: 100%). Meia-vida sinal: 3.5 dias, holding ótimo: 5 dias, probabilidade persistência: 48%. Regime mercado: lateral (tendência: 0.05, vol: 0.11) - condições desafiadoras para este tipo de sinal."
EALT3,"EALT3 @ $12.85 shows an unclear signal with both BUY (47.0%, needs 15.0pts) and SELL (0.0%, needs 41.0pts) below thresholds. Conviction: 4.0/10 (Moderate) - Model agreement: 53%, uncertainty: 0.56σ, stable ensemble. Top contributors: PPO (34.8%), LSTM Cla (28.2%). Kelly-optimal position: 0.5% (vs 3% standard), risk-adjusted for 0.56 uncertainty. Regime-adjusted expected return: +2.2% over 10 days (regime penalty: 80%, vol penalty: 86%). Signal half-life: 8.3 days, optimal holding: 12 days, persistence probability: 95%. Market regime: sideways (trend: 0.07, vol: 0.22) - favorable conditions for this signal type.","EALT3 @ $12.85 sinal incerto: COMPRA (47.0%, precisa 15.0pts) e VENDA (0.0%, precisa 41.0pts) abaixo dos limiares. Convicção: 4.0/10 (Moderado) - Consenso modelos: 53%, incerteza: 0.56σ, ensemble estável. Principais contribuintes: PPO (34.8%), LSTM Cla (28.2%). Posição Kelly-ótima: 0.5% (vs 3% padrão), ajustada para incerteza 0.56. Retorno esperado ajustado: +2.2% em 10 dias (penalidade regime: 80%, vol: 86%). Meia-vida sinal: 8.3 dias, holding ótimo: 12 dias, probabilidade persistência: 95%. Regime mercado: lateral (tendência: 0.07, vol: 0.22) - condições favoráveis para este tipo de sinal."
EALT4,"EALT4 @ $11.23 shows an unclear signal with both BUY (52.0%, needs 7.0pts) and SELL (5.0%, needs 46.0pts) below thresholds. Conviction: 2.9/10 (Weak) - Model agreement: 100%, uncertainty: 0.99σ, moderate ensemble. Top contributors: LSTM SR (48.1%), LSTM (22.2%). Kelly-optimal position: 0.5% (vs 3% standard), risk-adjusted for 0.99 uncertainty. Regime-adjusted expected return: +2.2% over 10 days (regime penalty: 80%, vol penalty: 86%). Signal half-life: 4.8 days, optimal holding: 7 days, persistence probability: 81%. Market regime: sideways (trend: 0.01, vol: 0.22) - favorable conditions for this signal type.","EALT4 @ $11.23 sinal incerto: COMPRA (52.0%, precisa 7.0pts) e VENDA (5.0%, precisa 46.0pts) abaixo dos limiares. Convicção: 2.9/10 (Fraco) - Consenso modelos: 100%, incerteza: 0.99σ, ensemble moderado. Principais contribuintes: LSTM SR (48.1%), LSTM (22.2%). Posição Kelly-ótima: 0.5% (vs 3% padrão), ajustada para incerteza 0.99. Retorno esperado ajustado: +2.2% em 10 dias (penalidade regime: 80%, vol: 86%). Meia-vida sinal: 4.8 dias, holding ótimo: 7 dias, probabilidade persistência: 81%. Regime mercado: lateral (tendência: 0.01, vol: 0.22) - condições favoráveis para este tipo de sinal."
EBR  ,"EBR   @ $11.05 shows an unclear signal with both BUY (75.0%, needs 6.0pts) and SELL (0.0%, needs 61.0pts) below thresholds. Conviction: 3.0/10 (Weak) - Model agreement: 93%, uncertainty: 8.87σ, stable ensemble. Top contributors: LSTM Cla (69.9%), LSTM (6.9%). Kelly-optimal position: 0.5% (vs 3% standard), risk-adjusted for 8.87 uncertainty. Regime-adjusted expected return: +1.7% over 10 days (regime penalty: 60%, vol penalty: 90%). Signal half-life: 3.0 days, optimal holding: 4 days, persistence probability: 48%. Market regime: trending (trend: 0.12, vol: 0.20) - challenging conditions for this signal type.","EBR   @ $11.05 sinal incerto: COMPRA (75.0%, precisa 6.0pts) e VENDA (0.0%, precisa 61.0pts) abaixo dos limiares. Convicção: 3.0/10 (Fraco) - Consenso modelos: 93%, incerteza: 8.87σ, ensemble estável. Principais contribuintes: LSTM Cla (69.9%), LSTM (6.9%). Posição Kelly-ótima: 0.5% (vs 3% padrão), ajustada para incerteza 8.87. Retorno esperado ajustado: +1.7% em 10 dias (penalidade regime: 60%, vol: 90%). Meia-vida sinal: 3.0 dias, holding ótimo: 4 dias, probabilidade persistência: 48%. Regime mercado: tendencial (tendência: 0.12, vol: 0.20) - condições desafiadoras para este tipo de sinal."
ELET3,"ELET3 @ $64.10 BUY signal: 100.0% vs 75.0% threshold (margin: +25.0pts). Conviction: 5.4/10 (Moderate) - Model agreement: 100%, uncertainty: 0.83σ, stable ensemble. Top contributors: PPO (58.6%), SAC (15.6%). Kelly-optimal position: 0.5% (vs 3% standard), risk-adjusted for 0.83 uncertainty. Regime-adjusted expected return: +3.8% over 10 days (regime penalty: 120%, vol penalty: 100%). Signal half-life: 8.0 days, optimal holding: 12 days, persistence probability: 95%. Market regime: trending (trend: 0.16, vol: 0.13) - favorable conditions for this signal type.","ELET3 @ $64.10 sinal COMPRA: 100.0% vs limiar 75.0% (margem: +25.0pts). Convicção: 5.4/10 (Moderado) - Consenso modelos: 100%, incerteza: 0.83σ, ensemble estável. Principais contribuintes: PPO (58.6%), SAC (15.6%). Posição Kelly-ótima: 0.5% (vs 3% padrão), ajustada para incerteza 0.83. Retorno esperado ajustado: +3.8% em 10 dias (penalidade regime: 120%, vol: 100%). Meia-vida sinal: 8.0 dias, holding ótimo: 12 dias, probabilidade persistência: 95%. Regime mercado: tendencial (tendência: 0.16, vol: 0.13) - condições favoráveis para este tipo de sinal."
ELET5,"ELET5 @ $78.75 shows an unclear signal with both BUY (11.0%, needs 48.0pts) and SELL (20.0%, needs 14.0pts) below thresholds. Conviction: 1.9/10 (Weak) - Model agreement: 0%, uncertainty: 1.29σ, stable ensemble. Top contributors: LSTM 10 (34.4%), SAC (25.0%). Kelly-optimal position: 0.5% (vs 3% standard), risk-adjusted for 1.29 uncertainty. Regime-adjusted expected return: +2.6% over 10 days (regime penalty: 80%, vol penalty: 100%). Signal half-life: 6.0 days, optimal holding: 9 days, persistence probability: 68%. Market regime: sideways (trend: 0.00, vol: 0.00) - favorable conditions for this signal type.","ELET5 @ $78.75 sinal incerto: COMPRA (11.0%, precisa 48.0pts) e VENDA (20.0%, precisa 14.0pts) abaixo dos limiares. Convicção: 1.9/10 (Fraco) - Consenso modelos: 0%, incerteza: 1.29σ, ensemble estável. Principais contribuintes: LSTM 10 (34.4%), SAC (25.0%). Posição Kelly-ótima: 0.5% (vs 3% padrão), ajustada para incerteza 1.29. Retorno esperado ajustado: +2.6% em 10 dias (penalidade regime: 80%, vol: 100%). Meia-vida sinal: 6.0 dias, holding ótimo: 9 dias, probabilidade persistência: 68%. Regime mercado: lateral (tendência: 0.00, vol: 0.00) - condições favoráveis para este tipo de sinal."
ELET6,"ELET6 @ $66.70 BUY signal: 84.0% vs 35.0% threshold (margin: +49.0pts). Conviction: 5.8/10 (Moderate) - Model agreement: 100%, uncertainty: 10.11σ, moderate ensemble. Top contributors: LSTM (34.5%), LSTM Cla (18.4%). Kelly-optimal position: 0.5% (vs 3% standard), risk-adjusted for 10.11 uncertainty. Regime-adjusted expected return: +3.8% over 10 days (regime penalty: 120%, vol penalty: 100%). Signal half-life: 2.8 days, optimal holding: 4 days, persistence probability: 40%. Market regime: trending (trend: 0.11, vol: 0.14) - favorable conditions for this signal type.","ELET6 @ $66.70 sinal COMPRA: 84.0% vs limiar 35.0% (margem: +49.0pts). Convicção: 5.8/10 (Moderado) - Consenso modelos: 100%, incerteza: 10.11σ, ensemble moderado. Principais contribuintes: LSTM (34.5%), LSTM Cla (18.4%). Posição Kelly-ótima: 0.5% (vs 3% padrão), ajustada para incerteza 10.11. Retorno esperado ajustado: +3.8% em 10 dias (penalidade regime: 120%, vol: 100%). Meia-vida sinal: 2.8 dias, holding ótimo: 4 dias, probabilidade persistência: 40%. Regime mercado: tendencial (tendência: 0.11, vol: 0.14) - condições favoráveis para este tipo de sinal."
ELP  ,"ELP   @ $9.27 shows an unclear signal with both BUY (15.0%, needs 24.0pts) and SELL (0.0%, needs 100.0pts) below thresholds. Conviction: 1.6/10 (Weak) - Model agreement: 18%, uncertainty: 1.67σ, moderate ensemble. Top contributors: PPO (38.5%), SAC (26.8%). Kelly-optimal position: 0.5% (vs 3% standard), risk-adjusted for 1.67 uncertainty. Regime-adjusted expected return: +1.5% over 10 days (regime penalty: 80%, vol penalty: 60%). Signal half-life: 1.5 days, optimal holding: 2 days, persistence probability: 40%. Market regime: sideways (trend: 0.07, vol: 0.43) - favorable conditions for this signal type.","ELP   @ $9.27 sinal incerto: COMPRA (15.0%, precisa 24.0pts) e VENDA (0.0%, precisa 100.0pts) abaixo dos limiares. Convicção: 1.6/10 (Fraco) - Consenso modelos: 18%, incerteza: 1.67σ, ensemble moderado. Principais contribuintes: PPO (38.5%), SAC (26.8%). Posição Kelly-ótima: 0.5% (vs 3% padrão), ajustada para incerteza 1.67. Retorno esperado ajustado: +1.5% em 10 dias (penalidade regime: 80%, vol: 60%). Meia-vida sinal: 1.5 dias, holding ótimo: 2 dias, probabilidade persistência: 40%. Regime mercado: lateral (tendência: 0.07, vol: 0.43) - condições favoráveis para este tipo de sinal."
ENEV3,"ENEV3 @ $28.04 shows an unclear signal with both BUY (6.0%, needs 79.0pts) and SELL (23.0%, needs 9.0pts) below thresholds. Conviction: 1.3/10 (Weak) - Model agreement: 29%, uncertainty: 4.00σ, unstable ensemble. Top contributors: TD3 (32.2%), LSTM SR (23.8%). Kelly-optimal position: 0.5% (vs 3% standard), risk-adjusted for 4.00 uncertainty. Regime-adjusted expected return: +2.0% over 10 days (regime penalty: 80%, vol penalty: 80%). Signal half-life: 1.6 days, optimal holding: 2 days, persistence probability: 30%. Market regime: sideways (trend: 0.01, vol: 0.25) - favorable conditions for this signal type.","ENEV3 @ $28.04 sinal incerto: COMPRA (6.0%, precisa 79.0pts) e VENDA (23.0%, precisa 9.0pts) abaixo dos limiares. Convicção: 1.3/10 (Fraco) - Consenso modelos: 29%, incerteza: 4.00σ, ensemble instável. Principais contribuintes: TD3 (32.2%), LSTM SR (23.8%). Posição Kelly-ótima: 0.5% (vs 3% padrão), ajustada para incerteza 4.00. Retorno esperado ajustado: +2.0% em 10 dias (penalidade regime: 80%, vol: 80%). Meia-vida sinal: 1.6 dias, holding ótimo: 2 dias, probabilidade persistência: 30%. Regime mercado: lateral (tendência: 0.01, vol: 0.25) - condições favoráveis para este tipo de sinal."
EQTL3,"EQTL3 @ $40.90 shows an unclear signal with both BUY (0.0%, needs 72.0pts) and SELL (4.0%, needs 44.0pts) below thresholds. Conviction: 1.4/10 (Weak) - Model agreement: 0%, uncertainty: 3.11σ, moderate ensemble. Top contributors: LSTM (47.9%), LSTM Cla (40.8%). Kelly-optimal position: 0.5% (vs 3% standard), risk-adjusted for 3.11 uncertainty. Regime-adjusted expected return: +2.3% over 10 days (regime penalty: 80%, vol penalty: 88%). Signal half-life: 2.5 days, optimal holding: 4 days, persistence probability: 40%. Market regime: sideways (trend: 0.04, vol: 0.21) - favorable conditions for this signal type.","EQTL3 @ $40.90 sinal incerto: COMPRA (0.0%, precisa 72.0pts) e VENDA (4.0%, precisa 44.0pts) abaixo dos limiares. Convicção: 1.4/10 (Fraco) - Consenso modelos: 0%, incerteza: 3.11σ, ensemble moderado. Principais contribuintes: LSTM (47.9%), LSTM Cla (40.8%). Posição Kelly-ótima: 0.5% (vs 3% padrão), ajustada para incerteza 3.11. Retorno esperado ajustado: +2.3% em 10 dias (penalidade regime: 80%, vol: 88%). Meia-vida sinal: 2.5 dias, holding ótimo: 4 dias, probabilidade persistência: 40%. Regime mercado: lateral (tendência: 0.04, vol: 0.21) - condições favoráveis para este tipo de sinal."
EWZ  ,"EWZ   @ $37.14 shows an unclear signal with both BUY (17.0%, needs 21.0pts) and SELL (77.0%, needs 2.0pts) below thresholds. Conviction: 3.1/10 (Weak) - Model agreement: 86%, uncertainty: 5.93σ, stable ensemble. Top contributors: LSTM 10 (75.8%), LSTM Cla (13.0%). Kelly-optimal position: 0.5% (vs 3% standard), risk-adjusted for 5.93 uncertainty. Regime-adjusted expected return: +2.3% over 10 days (regime penalty: 80%, vol penalty: 90%). Signal half-life: 3.0 days, optimal holding: 4 days, persistence probability: 48%. Market regime: sideways (trend: 0.02, vol: 0.20) - favorable conditions for this signal type.","EWZ   @ $37.14 sinal incerto: COMPRA (17.0%, precisa 21.0pts) e VENDA (77.0%, precisa 2.0pts) abaixo dos limiares. Convicção: 3.1/10 (Fraco) - Consenso modelos: 86%, incerteza: 5.93σ, ensemble estável. Principais contribuintes: LSTM 10 (75.8%), LSTM Cla (13.0%). Posição Kelly-ótima: 0.5% (vs 3% padrão), ajustada para incerteza 5.93. Retorno esperado ajustado: +2.3% em 10 dias (penalidade regime: 80%, vol: 90%). Meia-vida sinal: 3.0 dias, holding ótimo: 4 dias, probabilidade persistência: 48%. Regime mercado: lateral (tendência: 0.02, vol: 0.20) - condições favoráveis para este tipo de sinal."
FBZ  ,"FBZ   @ $11.52 BUY signal: 0.0% vs 10.0% threshold (margin: -10.0pts). Conviction: 0.7/10 (Weak) - Model agreement: 0%, uncertainty: 2.00σ, unstable ensemble. Top contributors: PPO (14.3%), SAC (14.3%). Kelly-optimal position: 0.5% (vs 3% standard), risk-adjusted for 2.00 uncertainty. Regime-adjusted expected return: +2.2% over 10 days (regime penalty: 70%, vol penalty: 100%). Signal half-life: 2.4 days, optimal holding: 4 days, persistence probability: 30%. Market regime: sideways (trend: 0.00, vol: 0.00) - challenging conditions for this signal type.","FBZ   @ $11.52 sinal COMPRA: 0.0% vs limiar 10.0% (margem: -10.0pts). Convicção: 0.7/10 (Fraco) - Consenso modelos: 0%, incerteza: 2.00σ, ensemble instável. Principais contribuintes: PPO (14.3%), SAC (14.3%). Posição Kelly-ótima: 0.5% (vs 3% padrão), ajustada para incerteza 2.00. Retorno esperado ajustado: +2.2% em 10 dias (penalidade regime: 70%, vol: 100%). Meia-vida sinal: 2.4 dias, holding ótimo: 4 dias, probabilidade persistência: 30%. Regime mercado: lateral (tendência: 0.00, vol: 0.00) - condições desafiadoras para este tipo de sinal."
FLBR ,"FLBR  @ $23.29 SELL signal: 57.0% vs 26.0% threshold (margin: +31.0pts). Conviction: 5.6/10 (Moderate) - Model agreement: 64%, uncertainty: 0.65σ, stable ensemble. Top contributors: SAC (22.6%), LSTM Cla (20.7%). Kelly-optimal position: 0.5% (vs 3% standard), risk-adjusted for 0.65 uncertainty. Regime-adjusted expected return: +1.9% over 10 days (regime penalty: 70%, vol penalty: 86%). Signal half-life: 7.8 days, optimal holding: 12 days, persistence probability: 95%. Market regime: sideways (trend: 0.01, vol: 0.22) - challenging conditions for this signal type.","FLBR  @ $23.29 sinal VENDA: 57.0% vs limiar 26.0% (margem: +31.0pts). Convicção: 5.6/10 (Moderado) - Consenso modelos: 64%, incerteza: 0.65σ, ensemble estável. Principais contribuintes: SAC (22.6%), LSTM Cla (20.7%). Posição Kelly-ótima: 0.5% (vs 3% padrão), ajustada para incerteza 0.65. Retorno esperado ajustado: +1.9% em 10 dias (penalidade regime: 70%, vol: 86%). Meia-vida sinal: 7.8 dias, holding ótimo: 12 dias, probabilidade persistência: 95%. Regime mercado: lateral (tendência: 0.01, vol: 0.22) - condições desafiadoras para este tipo de sinal."
GGBR3,"GGBR3 @ $21.50 BUY signal: 42.0% vs 30.0% threshold (margin: +12.0pts). Conviction: 3.9/10 (Moderate) - Model agreement: 100%, uncertainty: 3.47σ, stable ensemble. Top contributors: LSTM 10 (29.5%), LSTM SR (29.2%). Kelly-optimal position: 0.5% (vs 3% standard), risk-adjusted for 3.47 uncertainty. Regime-adjusted expected return: +1.7% over 10 days (regime penalty: 70%, vol penalty: 74%). Signal half-life: 2.5 days, optimal holding: 4 days, persistence probability: 48%. Market regime: sideways (trend: 0.01, vol: 0.28) - challenging conditions for this signal type.","GGBR3 @ $21.50 sinal COMPRA: 42.0% vs limiar 30.0% (margem: +12.0pts). Convicção: 3.9/10 (Moderado) - Consenso modelos: 100%, incerteza: 3.47σ, ensemble estável. Principais contribuintes: LSTM 10 (29.5%), LSTM SR (29.2%). Posição Kelly-ótima: 0.5% (vs 3% padrão), ajustada para incerteza 3.47. Retorno esperado ajustado: +1.7% em 10 dias (penalidade regime: 70%, vol: 74%). Meia-vida sinal: 2.5 dias, holding ótimo: 4 dias, probabilidade persistência: 48%. Regime mercado: lateral (tendência: 0.01, vol: 0.28) - condições desafiadoras para este tipo de sinal."
GGBR4,"GGBR4 @ $25.08 SELL signal: 45.0% vs 37.0% threshold (margin: +8.0pts). Conviction: 3.7/10 (Moderate) - Model agreement: 100%, uncertainty: 5.26σ, stable ensemble. Top contributors: LSTM (37.3%), LSTM SR (24.0%). Kelly-optimal position: 0.5% (vs 3% standard), risk-adjusted for 5.26 uncertainty. Regime-adjusted expected return: +1.4% over 10 days (regime penalty: 70%, vol penalty: 64%). Signal half-life: 2.2 days, optimal holding: 3 days, persistence probability: 48%. Market regime: sideways (trend: 0.00, vol: 0.33) - challenging conditions for this signal type.","GGBR4 @ $25.08 sinal VENDA: 45.0% vs limiar 37.0% (margem: +8.0pts). Convicção: 3.7/10 (Moderado) - Consenso modelos: 100%, incerteza: 5.26σ, ensemble estável. Principais contribuintes: LSTM (37.3%), LSTM SR (24.0%). Posição Kelly-ótima: 0.5% (vs 3% padrão), ajustada para incerteza 5.26. Retorno esperado ajustado: +1.4% em 10 dias (penalidade regime: 70%, vol: 64%). Meia-vida sinal: 2.2 dias, holding ótimo: 3 dias, probabilidade persistência: 48%. Regime mercado: lateral (tendência: 0.00, vol: 0.33) - condições desafiadoras para este tipo de sinal."
GOAU3,"GOAU3 @ $10.13 BUY signal: 61.0% vs 57.0% threshold (margin: +4.0pts). Conviction: 3.4/10 (Weak) - Model agreement: 100%, uncertainty: 2.69σ, stable ensemble. Top contributors: LSTM 10 (56.8%), LSTM Cla (35.3%). Kelly-optimal position: 0.5% (vs 3% standard), risk-adjusted for 2.69 uncertainty. Regime-adjusted expected return: +1.3% over 10 days (regime penalty: 70%, vol penalty: 60%). Signal half-life: 2.0 days, optimal holding: 3 days, persistence probability: 48%. Market regime: sideways (trend: 0.02, vol: 0.36) - challenging conditions for this signal type.","GOAU3 @ $10.13 sinal COMPRA: 61.0% vs limiar 57.0% (margem: +4.0pts). Convicção: 3.4/10 (Fraco) - Consenso modelos: 100%, incerteza: 2.69σ, ensemble estável. Principais contribuintes: LSTM 10 (56.8%), LSTM Cla (35.3%). Posição Kelly-ótima: 0.5% (vs 3% padrão), ajustada para incerteza 2.69. Retorno esperado ajustado: +1.3% em 10 dias (penalidade regime: 70%, vol: 60%). Meia-vida sinal: 2.0 dias, holding ótimo: 3 dias, probabilidade persistência: 48%. Regime mercado: lateral (tendência: 0.02, vol: 0.36) - condições desafiadoras para este tipo de sinal."
GOAU4,"GOAU4 @ $11.26 SELL signal: 36.0% vs 34.0% threshold (margin: +2.0pts). Conviction: 1.5/10 (Weak) - Model agreement: 35%, uncertainty: 0.94σ, unstable ensemble. Top contributors: PPO (22.7%), LSTM SR (22.6%). Kelly-optimal position: 0.5% (vs 3% standard), risk-adjusted for 0.94 uncertainty. Regime-adjusted expected return: +1.5% over 10 days (regime penalty: 70%, vol penalty: 66%). Signal half-life: 2.8 days, optimal holding: 4 days, persistence probability: 59%. Market regime: sideways (trend: 0.01, vol: 0.32) - challenging conditions for this signal type.","GOAU4 @ $11.26 sinal VENDA: 36.0% vs limiar 34.0% (margem: +2.0pts). Convicção: 1.5/10 (Fraco) - Consenso modelos: 35%, incerteza: 0.94σ, ensemble instável. Principais contribuintes: PPO (22.7%), LSTM SR (22.6%). Posição Kelly-ótima: 0.5% (vs 3% padrão), ajustada para incerteza 0.94. Retorno esperado ajustado: +1.5% em 10 dias (penalidade regime: 70%, vol: 66%). Meia-vida sinal: 2.8 dias, holding ótimo: 4 dias, probabilidade persistência: 59%. Regime mercado: lateral (tendência: 0.01, vol: 0.32) - condições desafiadoras para este tipo de sinal."
GOOG ,"GOOG  @ $334.93 BUY signal: 97.0% vs 57.0% threshold (margin: +40.0pts). Conviction: 5.6/10 (Moderate) - Model agreement: 100%, uncertainty: 1.09σ, stable ensemble. Top contributors: LSTM 10 (52.9%), LSTM (43.8%). Kelly-optimal position: 0.5% (vs 3% standard), risk-adjusted for 1.09 uncertainty. Regime-adjusted expected return: +1.8% over 10 days (regime penalty: 70%, vol penalty: 80%). Signal half-life: 4.9 days, optimal holding: 7 days, persistence probability: 87%. Market regime: sideways (trend: 0.01, vol: 0.25) - challenging conditions for this signal type.","GOOG  @ $334.93 sinal COMPRA: 97.0% vs limiar 57.0% (margem: +40.0pts). Convicção: 5.6/10 (Moderado) - Consenso modelos: 100%, incerteza: 1.09σ, ensemble estável. Principais contribuintes: LSTM 10 (52.9%), LSTM (43.8%). Posição Kelly-ótima: 0.5% (vs 3% padrão), ajustada para incerteza 1.09. Retorno esperado ajustado: +1.8% em 10 dias (penalidade regime: 70%, vol: 80%). Meia-vida sinal: 4.9 dias, holding ótimo: 7 dias, probabilidade persistência: 87%. Regime mercado: lateral (tendência: 0.01, vol: 0.25) - condições desafiadoras para este tipo de sinal."
GOOGL,"GOOGL @ $338.24 BUY signal: 78.0% vs 56.0% threshold (margin: +22.0pts). Conviction: 4.2/10 (Moderate) - Model agreement: 82%, uncertainty: 1.43σ, stable ensemble. Top contributors: LSTM 10 (56.3%), LSTM (16.0%). Kelly-optimal position: 0.5% (vs 3% standard), risk-adjusted for 1.43 uncertainty. Regime-adjusted expected return: +1.7% over 10 days (regime penalty: 70%, vol penalty: 78%). Signal half-life: 3.0 days, optimal holding: 5 days, persistence probability: 55%. Market regime: sideways (trend: 0.01, vol: 0.26) - challenging conditions for this signal type.","GOOGL @ $338.24 sinal COMPRA: 78.0% vs limiar 56.0% (margem: +22.0pts). Convicção: 4.2/10 (Moderado) - Consenso modelos: 82%, incerteza: 1.43σ, ensemble estável. Principais contribuintes: LSTM 10 (56.3%), LSTM (16.0%). Posição Kelly-ótima: 0.5% (vs 3% padrão), ajustada para incerteza 1.43. Retorno esperado ajustado: +1.7% em 10 dias (penalidade regime: 70%, vol: 78%). Meia-vida sinal: 3.0 dias, holding ótimo: 5 dias, probabilidade persistência: 55%. Regime mercado: lateral (tendência: 0.01, vol: 0.26) - condições desafiadoras para este tipo de sinal."
GS   ,"GS    @ $896.67 BUY signal: 67.0% vs 67.0% threshold (margin: +0.0pts). Conviction: 2.9/10 (Weak) - Model agreement: 67%, uncertainty: 4.54σ, stable ensemble. Top contributors: PPO (66.7%), LSTM SR (33.3%). Kelly-optimal position: 0.5% (vs 3% standard), risk-adjusted for 4.54 uncertainty. Regime-adjusted expected return: +3.1% over 10 days (regime penalty: 120%, vol penalty: 80%). Signal half-life: 2.7 days, optimal holding: 4 days, persistence probability: 48%. Market regime: trending (trend: 0.12, vol: 0.25) - favorable conditions for this signal type.","GS    @ $896.67 sinal COMPRA: 67.0% vs limiar 67.0% (margem: +0.0pts). Convicção: 2.9/10 (Fraco) - Consenso modelos: 67%, incerteza: 4.54σ, ensemble estável. Principais contribuintes: PPO (66.7%), LSTM SR (33.3%). Posição Kelly-ótima: 0.5% (vs 3% padrão), ajustada para incerteza 4.54. Retorno esperado ajustado: +3.1% em 10 dias (penalidade regime: 120%, vol: 80%). Meia-vida sinal: 2.7 dias, holding ótimo: 4 dias, probabilidade persistência: 48%. Regime mercado: tendencial (tendência: 0.12, vol: 0.25) - condições favoráveis para este tipo de sinal."
HSBC ,"HSBC  @ $95.82 BUY signal: 58.0% vs 54.0% threshold (margin: +4.0pts). Conviction: 3.7/10 (Moderate) - Model agreement: 100%, uncertainty: 0.93σ, stable ensemble. Top contributors: TD3 (31.3%), LSTM (27.1%). Kelly-optimal position: 0.5% (vs 3% standard), risk-adjusted for 0.93 uncertainty. Regime-adjusted expected return: +1.9% over 10 days (regime penalty: 70%, vol penalty: 86%). Signal half-life: 6.2 days, optimal holding: 9 days, persistence probability: 95%. Market regime: sideways (trend: 0.09, vol: 0.22) - challenging conditions for this signal type.","HSBC  @ $95.82 sinal COMPRA: 58.0% vs limiar 54.0% (margem: +4.0pts). Convicção: 3.7/10 (Moderado) - Consenso modelos: 100%, incerteza: 0.93σ, ensemble estável. Principais contribuintes: TD3 (31.3%), LSTM (27.1%). Posição Kelly-ótima: 0.5% (vs 3% padrão), ajustada para incerteza 0.93. Retorno esperado ajustado: +1.9% em 10 dias (penalidade regime: 70%, vol: 86%). Meia-vida sinal: 6.2 dias, holding ótimo: 9 dias, probabilidade persistência: 95%. Regime mercado: lateral (tendência: 0.09, vol: 0.22) - condições desafiadoras para este tipo de sinal."
HYPE3,"HYPE3 @ $24.69 shows an unclear signal with both BUY (75.0%, needs 1.0pts) and SELL (1.0%, needs 92.0pts) below thresholds. Conviction: 3.5/10 (Weak) - Model agreement: 100%, uncertainty: 0.96σ, stable ensemble. Top contributors: LSTM Cla (53.9%), LSTM (21.4%). Kelly-optimal position: 0.5% (vs 3% standard), risk-adjusted for 0.96 uncertainty. Regime-adjusted expected return: +1.8% over 10 days (regime penalty: 80%, vol penalty: 72%). Signal half-life: 5.1 days, optimal holding: 8 days, persistence probability: 95%. Market regime: sideways (trend: 0.07, vol: 0.29) - favorable conditions for this signal type.","HYPE3 @ $24.69 sinal incerto: COMPRA (75.0%, precisa 1.0pts) e VENDA (1.0%, precisa 92.0pts) abaixo dos limiares. Convicção: 3.5/10 (Fraco) - Consenso modelos: 100%, incerteza: 0.96σ, ensemble estável. Principais contribuintes: LSTM Cla (53.9%), LSTM (21.4%). Posição Kelly-ótima: 0.5% (vs 3% padrão), ajustada para incerteza 0.96. Retorno esperado ajustado: +1.8% em 10 dias (penalidade regime: 80%, vol: 72%). Meia-vida sinal: 5.1 dias, holding ótimo: 8 dias, probabilidade persistência: 95%. Regime mercado: lateral (tendência: 0.07, vol: 0.29) - condições favoráveis para este tipo de sinal."
INTC ,"INTC  @ $120.00 shows an unclear signal with both BUY (79.0%, needs 1.0pts) and SELL (0.0%, needs 34.0pts) below thresholds. Conviction: 3.1/10 (Weak) - Model agreement: 100%, uncertainty: 3.22σ, stable ensemble. Top contributors: LSTM 10 (72.1%), LSTM (15.0%). Kelly-optimal position: 0.5% (vs 3% standard), risk-adjusted for 3.22 uncertainty. Regime-adjusted expected return: +1.2% over 10 days (regime penalty: 60%, vol penalty: 60%). Signal half-life: 1.8 days, optimal holding: 3 days, persistence probability: 48%. Market regime: trending (trend: 0.24, vol: 0.77) - challenging conditions for this signal type.","INTC  @ $120.00 sinal incerto: COMPRA (79.0%, precisa 1.0pts) e VENDA (0.0%, precisa 34.0pts) abaixo dos limiares. Convicção: 3.1/10 (Fraco) - Consenso modelos: 100%, incerteza: 3.22σ, ensemble estável. Principais contribuintes: LSTM 10 (72.1%), LSTM (15.0%). Posição Kelly-ótima: 0.5% (vs 3% padrão), ajustada para incerteza 3.22. Retorno esperado ajustado: +1.2% em 10 dias (penalidade regime: 60%, vol: 60%). Meia-vida sinal: 1.8 dias, holding ótimo: 3 dias, probabilidade persistência: 48%. Regime mercado: tendencial (tendência: 0.24, vol: 0.77) - condições desafiadoras para este tipo de sinal."
IRBR3,"IRBR3 @ $62.26 SELL signal: 44.0% vs 36.0% threshold (margin: +8.0pts). Conviction: 3.3/10 (Weak) - Model agreement: 58%, uncertainty: 0.93σ, stable ensemble. Top contributors: LSTM SR (33.2%), LSTM 10 (32.0%). Kelly-optimal position: 0.5% (vs 3% standard), risk-adjusted for 0.93 uncertainty. Regime-adjusted expected return: +1.3% over 10 days (regime penalty: 70%, vol penalty: 60%). Signal half-life: 3.9 days, optimal holding: 6 days, persistence probability: 95%. Market regime: sideways (trend: 0.04, vol: 0.40) - challenging conditions for this signal type.","IRBR3 @ $62.26 sinal VENDA: 44.0% vs limiar 36.0% (margem: +8.0pts). Convicção: 3.3/10 (Fraco) - Consenso modelos: 58%, incerteza: 0.93σ, ensemble estável. Principais contribuintes: LSTM SR (33.2%), LSTM 10 (32.0%). Posição Kelly-ótima: 0.5% (vs 3% padrão), ajustada para incerteza 0.93. Retorno esperado ajustado: +1.3% em 10 dias (penalidade regime: 70%, vol: 60%). Meia-vida sinal: 3.9 dias, holding ótimo: 6 dias, probabilidade persistência: 95%. Regime mercado: lateral (tendência: 0.04, vol: 0.40) - condições desafiadoras para este tipo de sinal."
ITSA3,"ITSA3 @ $14.64 shows an unclear signal with both BUY (66.0%, needs 2.0pts) and SELL (0.0%, needs 47.0pts) below thresholds. Conviction: 3.1/10 (Weak) - Model agreement: 68%, uncertainty: 0.91σ, stable ensemble. Top contributors: LSTM (32.0%), LSTM Cla (31.1%). Kelly-optimal position: 0.5% (vs 3% standard), risk-adjusted for 0.91 uncertainty. Regime-adjusted expected return: +2.2% over 10 days (regime penalty: 80%, vol penalty: 84%). Signal half-life: 6.1 days, optimal holding: 9 days, persistence probability: 95%. Market regime: sideways (trend: 0.04, vol: 0.23) - favorable conditions for this signal type.","ITSA3 @ $14.64 sinal incerto: COMPRA (66.0%, precisa 2.0pts) e VENDA (0.0%, precisa 47.0pts) abaixo dos limiares. Convicção: 3.1/10 (Fraco) - Consenso modelos: 68%, incerteza: 0.91σ, ensemble estável. Principais contribuintes: LSTM (32.0%), LSTM Cla (31.1%). Posição Kelly-ótima: 0.5% (vs 3% padrão), ajustada para incerteza 0.91. Retorno esperado ajustado: +2.2% em 10 dias (penalidade regime: 80%, vol: 84%). Meia-vida sinal: 6.1 dias, holding ótimo: 9 dias, probabilidade persistência: 95%. Regime mercado: lateral (tendência: 0.04, vol: 0.23) - condições favoráveis para este tipo de sinal."
ITSA4,"ITSA4 @ $14.38 shows an unclear signal with both BUY (61.0%, needs 3.0pts) and SELL (40.0%, needs 20.0pts) below thresholds. Conviction: 3.2/10 (Weak) - Model agreement: 93%, uncertainty: 1.53σ, stable ensemble. Top contributors: LSTM Cla (54.7%), LSTM SR (30.6%). Kelly-optimal position: 0.5% (vs 3% standard), risk-adjusted for 1.53 uncertainty. Regime-adjusted expected return: +2.2% over 10 days (regime penalty: 80%, vol penalty: 84%). Signal half-life: 2.8 days, optimal holding: 4 days, persistence probability: 48%. Market regime: sideways (trend: 0.04, vol: 0.23) - favorable conditions for this signal type.","ITSA4 @ $14.38 sinal incerto: COMPRA (61.0%, precisa 3.0pts) e VENDA (40.0%, precisa 20.0pts) abaixo dos limiares. Convicção: 3.2/10 (Fraco) - Consenso modelos: 93%, incerteza: 1.53σ, ensemble estável. Principais contribuintes: LSTM Cla (54.7%), LSTM SR (30.6%). Posição Kelly-ótima: 0.5% (vs 3% padrão), ajustada para incerteza 1.53. Retorno esperado ajustado: +2.2% em 10 dias (penalidade regime: 80%, vol: 84%). Meia-vida sinal: 2.8 dias, holding ótimo: 4 dias, probabilidade persistência: 48%. Regime mercado: lateral (tendência: 0.04, vol: 0.23) - condições favoráveis para este tipo de sinal."
ITUB ,"ITUB  @ $8.45 SELL signal: 36.0% vs 24.0% threshold (margin: +12.0pts). Conviction: 1.9/10 (Weak) - Model agreement: 64%, uncertainty: 1.45σ, very_unstable ensemble. Top contributors: LSTM 10 (24.0%), LSTM (21.8%). Kelly-optimal position: 0.5% (vs 3% standard), risk-adjusted for 1.45 uncertainty. Regime-adjusted expected return: +1.4% over 10 days (regime penalty: 70%, vol penalty: 64%). Signal half-life: 1.0 days, optimal holding: 2 days, persistence probability: 30%. Market regime: sideways (trend: 0.03, vol: 0.33) - challenging conditions for this signal type.","ITUB  @ $8.45 sinal VENDA: 36.0% vs limiar 24.0% (margem: +12.0pts). Convicção: 1.9/10 (Fraco) - Consenso modelos: 64%, incerteza: 1.45σ, ensemble muito instável. Principais contribuintes: LSTM 10 (24.0%), LSTM (21.8%). Posição Kelly-ótima: 0.5% (vs 3% padrão), ajustada para incerteza 1.45. Retorno esperado ajustado: +1.4% em 10 dias (penalidade regime: 70%, vol: 64%). Meia-vida sinal: 1.0 dias, holding ótimo: 2 dias, probabilidade persistência: 30%. Regime mercado: lateral (tendência: 0.03, vol: 0.33) - condições desafiadoras para este tipo de sinal."
ITUB4,"ITUB4 @ $44.15 BUY signal: 49.0% vs 49.0% threshold (margin: +0.0pts). Conviction: 3.0/10 (Weak) - Model agreement: 87%, uncertainty: 5.65σ, stable ensemble. Top contributors: LSTM Cla (46.1%), LSTM SR (38.9%). Kelly-optimal position: 0.5% (vs 3% standard), risk-adjusted for 5.65 uncertainty. Regime-adjusted expected return: +1.8% over 10 days (regime penalty: 70%, vol penalty: 80%). Signal half-life: 2.7 days, optimal holding: 4 days, persistence probability: 48%. Market regime: sideways (trend: 0.05, vol: 0.25) - challenging conditions for this signal type.","ITUB4 @ $44.15 sinal COMPRA: 49.0% vs limiar 49.0% (margem: +0.0pts). Convicção: 3.0/10 (Fraco) - Consenso modelos: 87%, incerteza: 5.65σ, ensemble estável. Principais contribuintes: LSTM Cla (46.1%), LSTM SR (38.9%). Posição Kelly-ótima: 0.5% (vs 3% padrão), ajustada para incerteza 5.65. Retorno esperado ajustado: +1.8% em 10 dias (penalidade regime: 70%, vol: 80%). Meia-vida sinal: 2.7 dias, holding ótimo: 4 dias, probabilidade persistência: 48%. Regime mercado: lateral (tendência: 0.05, vol: 0.25) - condições desafiadoras para este tipo de sinal."
IVVB1,"IVVB1 @ $452.29 shows an unclear signal with both BUY (42.0%, needs 1.0pts) and SELL (0.0%, needs 37.0pts) below thresholds. Conviction: 3.3/10 (Weak) - Model agreement: 75%, uncertainty: 0.72σ, moderate ensemble. Top contributors: LSTM 10 (37.4%), LSTM (19.7%). Kelly-optimal position: 0.5% (vs 3% standard), risk-adjusted for 0.72 uncertainty. Regime-adjusted expected return: +2.6% over 10 days (regime penalty: 80%, vol penalty: 100%). Signal half-life: 7.6 days, optimal holding: 11 days, persistence probability: 95%. Market regime: sideways (trend: 0.01, vol: 0.11) - favorable conditions for this signal type.","IVVB1 @ $452.29 sinal incerto: COMPRA (42.0%, precisa 1.0pts) e VENDA (0.0%, precisa 37.0pts) abaixo dos limiares. Convicção: 3.3/10 (Fraco) - Consenso modelos: 75%, incerteza: 0.72σ, ensemble moderado. Principais contribuintes: LSTM 10 (37.4%), LSTM (19.7%). Posição Kelly-ótima: 0.5% (vs 3% padrão), ajustada para incerteza 0.72. Retorno esperado ajustado: +2.6% em 10 dias (penalidade regime: 80%, vol: 100%). Meia-vida sinal: 7.6 dias, holding ótimo: 11 dias, probabilidade persistência: 95%. Regime mercado: lateral (tendência: 0.01, vol: 0.11) - condições favoráveis para este tipo de sinal."
JNJ  ,"JNJ   @ $258.66 BUY signal: 99.0% vs 53.0% threshold (margin: +46.0pts). Conviction: 7.3/10 (Strong) - Model agreement: 100%, uncertainty: 0.55σ, stable ensemble. Top contributors: LSTM 10 (52.7%), LSTM (43.5%). Kelly-optimal position: 0.5% (vs 3% standard), risk-adjusted for 0.55 uncertainty. Regime-adjusted expected return: +2.2% over 10 days (regime penalty: 70%, vol penalty: 100%). Signal half-life: 9.6 days, optimal holding: 14 days, persistence probability: 95%. Market regime: sideways (trend: 0.06, vol: 0.15) - challenging conditions for this signal type.","JNJ   @ $258.66 sinal COMPRA: 99.0% vs limiar 53.0% (margem: +46.0pts). Convicção: 7.3/10 (Forte) - Consenso modelos: 100%, incerteza: 0.55σ, ensemble estável. Principais contribuintes: LSTM 10 (52.7%), LSTM (43.5%). Posição Kelly-ótima: 0.5% (vs 3% padrão), ajustada para incerteza 0.55. Retorno esperado ajustado: +2.2% em 10 dias (penalidade regime: 70%, vol: 100%). Meia-vida sinal: 9.6 dias, holding ótimo: 14 dias, probabilidade persistência: 95%. Regime mercado: lateral (tendência: 0.06, vol: 0.15) - condições desafiadoras para este tipo de sinal."
JPM  ,"JPM   @ $333.18 BUY signal: 66.0% vs 39.0% threshold (margin: +27.0pts). Conviction: 5.3/10 (Moderate) - Model agreement: 100%, uncertainty: 0.85σ, stable ensemble. Top contributors: LSTM 10 (29.9%), LSTM (24.2%). Kelly-optimal position: 0.5% (vs 3% standard), risk-adjusted for 0.85 uncertainty. Regime-adjusted expected return: +2.1% over 10 days (regime penalty: 70%, vol penalty: 92%). Signal half-life: 7.0 days, optimal holding: 11 days, persistence probability: 95%. Market regime: sideways (trend: 0.07, vol: 0.19) - challenging conditions for this signal type.","JPM   @ $333.18 sinal COMPRA: 66.0% vs limiar 39.0% (margem: +27.0pts). Convicção: 5.3/10 (Moderado) - Consenso modelos: 100%, incerteza: 0.85σ, ensemble estável. Principais contribuintes: LSTM 10 (29.9%), LSTM (24.2%). Posição Kelly-ótima: 0.5% (vs 3% padrão), ajustada para incerteza 0.85. Retorno esperado ajustado: +2.1% em 10 dias (penalidade regime: 70%, vol: 92%). Meia-vida sinal: 7.0 dias, holding ótimo: 11 dias, probabilidade persistência: 95%. Regime mercado: lateral (tendência: 0.07, vol: 0.19) - condições desafiadoras para este tipo de sinal."
KLBN1,"KLBN1 @ $17.98 SELL signal: 96.0% vs 46.0% threshold (margin: +50.0pts). Conviction: 6.2/10 (Moderate) - Model agreement: 100%, uncertainty: 1.22σ, stable ensemble. Top contributors: PPO (42.0%), LSTM SR (34.5%). Kelly-optimal position: 0.5% (vs 3% standard), risk-adjusted for 1.22 uncertainty. Regime-adjusted expected return: +2.1% over 10 days (regime penalty: 70%, vol penalty: 92%). Signal half-life: 4.8 days, optimal holding: 7 days, persistence probability: 75%. Market regime: sideways (trend: 0.07, vol: 0.19) - challenging conditions for this signal type.","KLBN1 @ $17.98 sinal VENDA: 96.0% vs limiar 46.0% (margem: +50.0pts). Convicção: 6.2/10 (Moderado) - Consenso modelos: 100%, incerteza: 1.22σ, ensemble estável. Principais contribuintes: PPO (42.0%), LSTM SR (34.5%). Posição Kelly-ótima: 0.5% (vs 3% padrão), ajustada para incerteza 1.22. Retorno esperado ajustado: +2.1% em 10 dias (penalidade regime: 70%, vol: 92%). Meia-vida sinal: 4.8 dias, holding ótimo: 7 dias, probabilidade persistência: 75%. Regime mercado: lateral (tendência: 0.07, vol: 0.19) - condições desafiadoras para este tipo de sinal."
KLBN3,"KLBN3 @ $3.70 SELL signal: 58.0% vs 55.0% threshold (margin: +3.0pts). Conviction: 2.2/10 (Weak) - Model agreement: 57%, uncertainty: 9.77σ, moderate ensemble. Top contributors: LSTM SR (54.6%), PPO (35.9%). Kelly-optimal position: 0.5% (vs 3% standard), risk-adjusted for 9.77 uncertainty. Regime-adjusted expected return: +1.9% over 10 days (regime penalty: 70%, vol penalty: 84%). Signal half-life: 2.3 days, optimal holding: 4 days, persistence probability: 40%. Market regime: sideways (trend: 0.07, vol: 0.23) - challenging conditions for this signal type.","KLBN3 @ $3.70 sinal VENDA: 58.0% vs limiar 55.0% (margem: +3.0pts). Convicção: 2.2/10 (Fraco) - Consenso modelos: 57%, incerteza: 9.77σ, ensemble moderado. Principais contribuintes: LSTM SR (54.6%), PPO (35.9%). Posição Kelly-ótima: 0.5% (vs 3% padrão), ajustada para incerteza 9.77. Retorno esperado ajustado: +1.9% em 10 dias (penalidade regime: 70%, vol: 84%). Meia-vida sinal: 2.3 dias, holding ótimo: 4 dias, probabilidade persistência: 40%. Regime mercado: lateral (tendência: 0.07, vol: 0.23) - condições desafiadoras para este tipo de sinal."
KLBN4,"KLBN4 @ $3.58 SELL signal: 100.0% vs 100.0% threshold (margin: +0.0pts). Conviction: 5.2/10 (Moderate) - Model agreement: 100%, uncertainty: 0.00σ, unstable ensemble. Top contributors: LSTM SR (100.0%), PPO (0.0%). Kelly-optimal position: 0.8% (vs 3% standard), risk-adjusted for 0.00 uncertainty. Regime-adjusted expected return: +2.1% over 10 days (regime penalty: 70%, vol penalty: 92%). Signal half-life: 7.1 days, optimal holding: 11 days, persistence probability: 95%. Market regime: sideways (trend: 0.06, vol: 0.19) - challenging conditions for this signal type.","KLBN4 @ $3.58 sinal VENDA: 100.0% vs limiar 100.0% (margem: +0.0pts). Convicção: 5.2/10 (Moderado) - Consenso modelos: 100%, incerteza: 0.00σ, ensemble instável. Principais contribuintes: LSTM SR (100.0%), PPO (0.0%). Posição Kelly-ótima: 0.8% (vs 3% padrão), ajustada para incerteza 0.00. Retorno esperado ajustado: +2.1% em 10 dias (penalidade regime: 70%, vol: 92%). Meia-vida sinal: 7.1 dias, holding ótimo: 11 dias, probabilidade persistência: 95%. Regime mercado: lateral (tendência: 0.06, vol: 0.19) - condições desafiadoras para este tipo de sinal."
KO   ,"KO    @ $86.10 BUY signal: 90.0% vs 55.0% threshold (margin: +35.0pts). Conviction: 5.3/10 (Moderate) - Model agreement: 100%, uncertainty: 1.17σ, stable ensemble. Top contributors: LSTM Cla (51.9%), LSTM 10 (35.5%). Kelly-optimal position: 0.5% (vs 3% standard), risk-adjusted for 1.17 uncertainty. Regime-adjusted expected return: +2.2% over 10 days (regime penalty: 70%, vol penalty: 100%). Signal half-life: 5.8 days, optimal holding: 9 days, persistence probability: 80%. Market regime: sideways (trend: 0.02, vol: 0.12) - challenging conditions for this signal type.","KO    @ $86.10 sinal COMPRA: 90.0% vs limiar 55.0% (margem: +35.0pts). Convicção: 5.3/10 (Moderado) - Consenso modelos: 100%, incerteza: 1.17σ, ensemble estável. Principais contribuintes: LSTM Cla (51.9%), LSTM 10 (35.5%). Posição Kelly-ótima: 0.5% (vs 3% padrão), ajustada para incerteza 1.17. Retorno esperado ajustado: +2.2% em 10 dias (penalidade regime: 70%, vol: 100%). Meia-vida sinal: 5.8 dias, holding ótimo: 9 dias, probabilidade persistência: 80%. Regime mercado: lateral (tendência: 0.02, vol: 0.12) - condições desafiadoras para este tipo de sinal."
LEVE3,"LEVE3 @ $33.90 BUY signal: 75.0% vs 51.0% threshold (margin: +24.0pts). Conviction: 4.6/10 (Moderate) - Model agreement: 100%, uncertainty: 1.02σ, stable ensemble. Top contributors: LSTM Cla (41.0%), LSTM (24.9%). Kelly-optimal position: 0.5% (vs 3% standard), risk-adjusted for 1.02 uncertainty. Regime-adjusted expected return: +2.2% over 10 days (regime penalty: 70%, vol penalty: 98%). Signal half-life: 6.4 days, optimal holding: 10 days, persistence probability: 94%. Market regime: sideways (trend: 0.03, vol: 0.16) - challenging conditions for this signal type.","LEVE3 @ $33.90 sinal COMPRA: 75.0% vs limiar 51.0% (margem: +24.0pts). Convicção: 4.6/10 (Moderado) - Consenso modelos: 100%, incerteza: 1.02σ, ensemble estável. Principais contribuintes: LSTM Cla (41.0%), LSTM (24.9%). Posição Kelly-ótima: 0.5% (vs 3% padrão), ajustada para incerteza 1.02. Retorno esperado ajustado: +2.2% em 10 dias (penalidade regime: 70%, vol: 98%). Meia-vida sinal: 6.4 dias, holding ótimo: 10 dias, probabilidade persistência: 94%. Regime mercado: lateral (tendência: 0.03, vol: 0.16) - condições desafiadoras para este tipo de sinal."
LLY  ,"LLY   @ $1149.85 shows an unclear signal with both BUY (69.0%, needs 13.0pts) and SELL (0.0%, needs 100.0pts) below thresholds. Conviction: 2.9/10 (Weak) - Model agreement: 100%, uncertainty: 2.04σ, moderate ensemble. Top contributors: PPO (34.2%), LSTM (31.4%). Kelly-optimal position: 0.5% (vs 3% standard), risk-adjusted for 2.04 uncertainty. Regime-adjusted expected return: +2.3% over 10 days (regime penalty: 80%, vol penalty: 90%). Signal half-life: 2.5 days, optimal holding: 4 days, persistence probability: 40%. Market regime: sideways (trend: 0.01, vol: 0.20) - favorable conditions for this signal type.","LLY   @ $1149.85 sinal incerto: COMPRA (69.0%, precisa 13.0pts) e VENDA (0.0%, precisa 100.0pts) abaixo dos limiares. Convicção: 2.9/10 (Fraco) - Consenso modelos: 100%, incerteza: 2.04σ, ensemble moderado. Principais contribuintes: PPO (34.2%), LSTM (31.4%). Posição Kelly-ótima: 0.5% (vs 3% padrão), ajustada para incerteza 2.04. Retorno esperado ajustado: +2.3% em 10 dias (penalidade regime: 80%, vol: 90%). Meia-vida sinal: 2.5 dias, holding ótimo: 4 dias, probabilidade persistência: 40%. Regime mercado: lateral (tendência: 0.01, vol: 0.20) - condições favoráveis para este tipo de sinal."
MA   ,"MA    @ $550.00 BUY signal: 36.0% vs 36.0% threshold (margin: +0.0pts). Conviction: 1.6/10 (Weak) - Model agreement: 64%, uncertainty: 0.87σ, very_unstable ensemble. Top contributors: PPO (36.3%), LSTM SR (30.3%). Kelly-optimal position: 0.5% (vs 3% standard), risk-adjusted for 0.87 uncertainty. Regime-adjusted expected return: +2.2% over 10 days (regime penalty: 70%, vol penalty: 100%). Signal half-life: 3.1 days, optimal holding: 5 days, persistence probability: 45%. Market regime: sideways (trend: 0.05, vol: 0.15) - challenging conditions for this signal type.","MA    @ $550.00 sinal COMPRA: 36.0% vs limiar 36.0% (margem: +0.0pts). Convicção: 1.6/10 (Fraco) - Consenso modelos: 64%, incerteza: 0.87σ, ensemble muito instável. Principais contribuintes: PPO (36.3%), LSTM SR (30.3%). Posição Kelly-ótima: 0.5% (vs 3% padrão), ajustada para incerteza 0.87. Retorno esperado ajustado: +2.2% em 10 dias (penalidade regime: 70%, vol: 100%). Meia-vida sinal: 3.1 dias, holding ótimo: 5 dias, probabilidade persistência: 45%. Regime mercado: lateral (tendência: 0.05, vol: 0.15) - condições desafiadoras para este tipo de sinal."
META ,"META  @ $725.93 BUY signal: 81.0% vs 49.0% threshold (margin: +32.0pts). Conviction: 5.7/10 (Moderate) - Model agreement: 100%, uncertainty: 0.70σ, moderate ensemble. Top contributors: LSTM (28.9%), SAC (25.9%). Kelly-optimal position: 0.5% (vs 3% standard), risk-adjusted for 0.70 uncertainty. Regime-adjusted expected return: +2.3% over 10 days (regime penalty: 120%, vol penalty: 60%). Signal half-life: 3.9 days, optimal holding: 6 days, persistence probability: 95%. Market regime: trending (trend: 0.16, vol: 0.58) - favorable conditions for this signal type.","META  @ $725.93 sinal COMPRA: 81.0% vs limiar 49.0% (margem: +32.0pts). Convicção: 5.7/10 (Moderado) - Consenso modelos: 100%, incerteza: 0.70σ, ensemble moderado. Principais contribuintes: LSTM (28.9%), SAC (25.9%). Posição Kelly-ótima: 0.5% (vs 3% padrão), ajustada para incerteza 0.70. Retorno esperado ajustado: +2.3% em 10 dias (penalidade regime: 120%, vol: 60%). Meia-vida sinal: 3.9 dias, holding ótimo: 6 dias, probabilidade persistência: 95%. Regime mercado: tendencial (tendência: 0.16, vol: 0.58) - condições favoráveis para este tipo de sinal."
MGLU3,"MGLU3 @ $7.57 BUY signal: 94.0% vs 68.0% threshold (margin: +26.0pts). Conviction: 4.5/10 (Moderate) - Model agreement: 100%, uncertainty: 2.32σ, moderate ensemble. Top contributors: LSTM SR (54.6%), LSTM 10 (19.4%). Kelly-optimal position: 0.5% (vs 3% standard), risk-adjusted for 2.32 uncertainty. Regime-adjusted expected return: +2.3% over 10 days (regime penalty: 120%, vol penalty: 60%). Signal half-life: 1.5 days, optimal holding: 2 days, persistence probability: 40%. Market regime: trending (trend: 0.27, vol: 0.69) - favorable conditions for this signal type.","MGLU3 @ $7.57 sinal COMPRA: 94.0% vs limiar 68.0% (margem: +26.0pts). Convicção: 4.5/10 (Moderado) - Consenso modelos: 100%, incerteza: 2.32σ, ensemble moderado. Principais contribuintes: LSTM SR (54.6%), LSTM 10 (19.4%). Posição Kelly-ótima: 0.5% (vs 3% padrão), ajustada para incerteza 2.32. Retorno esperado ajustado: +2.3% em 10 dias (penalidade regime: 120%, vol: 60%). Meia-vida sinal: 1.5 dias, holding ótimo: 2 dias, probabilidade persistência: 40%. Regime mercado: tendencial (tendência: 0.27, vol: 0.69) - condições favoráveis para este tipo de sinal."
MMM  ,"MMM   @ $163.02 BUY signal: 71.0% vs 52.0% threshold (margin: +19.0pts). Conviction: 5.7/10 (Moderate) - Model agreement: 100%, uncertainty: 0.56σ, stable ensemble. Top contributors: LSTM Cla (51.2%), LSTM (29.5%). Kelly-optimal position: 0.5% (vs 3% standard), risk-adjusted for 0.56 uncertainty. Regime-adjusted expected return: +1.9% over 10 days (regime penalty: 70%, vol penalty: 86%). Signal half-life: 8.3 days, optimal holding: 12 days, persistence probability: 95%. Market regime: sideways (trend: 0.03, vol: 0.22) - challenging conditions for this signal type.","MMM   @ $163.02 sinal COMPRA: 71.0% vs limiar 52.0% (margem: +19.0pts). Convicção: 5.7/10 (Moderado) - Consenso modelos: 100%, incerteza: 0.56σ, ensemble estável. Principais contribuintes: LSTM Cla (51.2%), LSTM (29.5%). Posição Kelly-ótima: 0.5% (vs 3% padrão), ajustada para incerteza 0.56. Retorno esperado ajustado: +1.9% em 10 dias (penalidade regime: 70%, vol: 86%). Meia-vida sinal: 8.3 dias, holding ótimo: 12 dias, probabilidade persistência: 95%. Regime mercado: lateral (tendência: 0.03, vol: 0.22) - condições desafiadoras para este tipo de sinal."
MSFT ,"MSFT  @ $512.80 shows an unclear signal with both BUY (19.0%, needs 43.0pts) and SELL (35.0%, needs 30.0pts) below thresholds. Conviction: 1.4/10 (Weak) - Model agreement: 35%, uncertainty: 2.09σ, unstable ensemble. Top contributors: LSTM 10 (64.7%), TD3 (35.3%). Kelly-optimal position: 0.5% (vs 3% standard), risk-adjusted for 2.09 uncertainty. Regime-adjusted expected return: +2.2% over 10 days (regime penalty: 80%, vol penalty: 84%). Signal half-life: 1.6 days, optimal holding: 2 days, persistence probability: 30%. Market regime: sideways (trend: 0.01, vol: 0.23) - favorable conditions for this signal type.","MSFT  @ $512.80 sinal incerto: COMPRA (19.0%, precisa 43.0pts) e VENDA (35.0%, precisa 30.0pts) abaixo dos limiares. Convicção: 1.4/10 (Fraco) - Consenso modelos: 35%, incerteza: 2.09σ, ensemble instável. Principais contribuintes: LSTM 10 (64.7%), TD3 (35.3%). Posição Kelly-ótima: 0.5% (vs 3% padrão), ajustada para incerteza 2.09. Retorno esperado ajustado: +2.2% em 10 dias (penalidade regime: 80%, vol: 84%). Meia-vida sinal: 1.6 dias, holding ótimo: 2 dias, probabilidade persistência: 30%. Regime mercado: lateral (tendência: 0.01, vol: 0.23) - condições favoráveis para este tipo de sinal."
NEOE3,"NEOE3 @ $33.80 BUY signal: 84.0% vs 26.0% threshold (margin: +58.0pts). Conviction: 6.2/10 (Moderate) - Model agreement: 100%, uncertainty: 1.21σ, stable ensemble. Top contributors: LSTM SR (25.6%), LSTM 10 (15.8%). Kelly-optimal position: 0.5% (vs 3% standard), risk-adjusted for 1.21 uncertainty. Regime-adjusted expected return: +2.2% over 10 days (regime penalty: 70%, vol penalty: 100%). Signal half-life: 6.6 days, optimal holding: 10 days, persistence probability: 76%. Market regime: sideways (trend: 0.00, vol: 0.00) - challenging conditions for this signal type.","NEOE3 @ $33.80 sinal COMPRA: 84.0% vs limiar 26.0% (margem: +58.0pts). Convicção: 6.2/10 (Moderado) - Consenso modelos: 100%, incerteza: 1.21σ, ensemble estável. Principais contribuintes: LSTM SR (25.6%), LSTM 10 (15.8%). Posição Kelly-ótima: 0.5% (vs 3% padrão), ajustada para incerteza 1.21. Retorno esperado ajustado: +2.2% em 10 dias (penalidade regime: 70%, vol: 100%). Meia-vida sinal: 6.6 dias, holding ótimo: 10 dias, probabilidade persistência: 76%. Regime mercado: lateral (tendência: 0.00, vol: 0.00) - condições desafiadoras para este tipo de sinal."
NFLX ,"NFLX  @ $67.85 shows an unclear signal with both BUY (0.0%, needs 52.0pts) and SELL (32.0%, needs 20.0pts) below thresholds. Conviction: 1.4/10 (Weak) - Model agreement: 15%, uncertainty: 3.60σ, moderate ensemble. Top contributors: LSTM 10 (52.1%), PPO (16.3%). Kelly-optimal position: 0.5% (vs 3% standard), risk-adjusted for 3.60 uncertainty. Regime-adjusted expected return: +1.2% over 10 days (regime penalty: 60%, vol penalty: 60%). Signal half-life: 1.7 days, optimal holding: 3 days, persistence probability: 40%. Market regime: trending (trend: 0.16, vol: 0.36) - challenging conditions for this signal type.","NFLX  @ $67.85 sinal incerto: COMPRA (0.0%, precisa 52.0pts) e VENDA (32.0%, precisa 20.0pts) abaixo dos limiares. Convicção: 1.4/10 (Fraco) - Consenso modelos: 15%, incerteza: 3.60σ, ensemble moderado. Principais contribuintes: LSTM 10 (52.1%), PPO (16.3%). Posição Kelly-ótima: 0.5% (vs 3% padrão), ajustada para incerteza 3.60. Retorno esperado ajustado: +1.2% em 10 dias (penalidade regime: 60%, vol: 60%). Meia-vida sinal: 1.7 dias, holding ótimo: 3 dias, probabilidade persistência: 40%. Regime mercado: tendencial (tendência: 0.16, vol: 0.36) - condições desafiadoras para este tipo de sinal."
NU   ,"NU    @ $13.29 SELL signal: 79.0% vs 49.0% threshold (margin: +30.0pts). Conviction: 7.1/10 (Strong) - Model agreement: 100%, uncertainty: 0.37σ, stable ensemble. Top contributors: LSTM 10 (21.2%), LSTM (20.3%). Kelly-optimal position: 0.5% (vs 3% standard), risk-adjusted for 0.37 uncertainty. Regime-adjusted expected return: +2.3% over 10 days (regime penalty: 120%, vol penalty: 60%). Signal half-life: 5.9 days, optimal holding: 9 days, persistence probability: 95%. Market regime: trending (trend: 0.13, vol: 0.49) - favorable conditions for this signal type.","NU    @ $13.29 sinal VENDA: 79.0% vs limiar 49.0% (margem: +30.0pts). Convicção: 7.1/10 (Forte) - Consenso modelos: 100%, incerteza: 0.37σ, ensemble estável. Principais contribuintes: LSTM 10 (21.2%), LSTM (20.3%). Posição Kelly-ótima: 0.5% (vs 3% padrão), ajustada para incerteza 0.37. Retorno esperado ajustado: +2.3% em 10 dias (penalidade regime: 120%, vol: 60%). Meia-vida sinal: 5.9 dias, holding ótimo: 9 dias, probabilidade persistência: 95%. Regime mercado: tendencial (tendência: 0.13, vol: 0.49) - condições favoráveis para este tipo de sinal."
NVDA ,"NVDA  @ $230.86 BUY signal: 95.0% vs 54.0% threshold (margin: +41.0pts). Conviction: 7.3/10 (Strong) - Model agreement: 100%, uncertainty: 0.46σ, stable ensemble. Top contributors: PPO (42.0%), LSTM 10 (40.5%). Kelly-optimal position: 0.5% (vs 3% standard), risk-adjusted for 0.46 uncertainty. Regime-adjusted expected return: +1.8% over 10 days (regime penalty: 70%, vol penalty: 80%). Signal half-life: 8.3 days, optimal holding: 12 days, persistence probability: 95%. Market regime: sideways (trend: 0.01, vol: 0.25) - challenging conditions for this signal type.","NVDA  @ $230.86 sinal COMPRA: 95.0% vs limiar 54.0% (margem: +41.0pts). Convicção: 7.3/10 (Forte) - Consenso modelos: 100%, incerteza: 0.46σ, ensemble estável. Principais contribuintes: PPO (42.0%), LSTM 10 (40.5%). Posição Kelly-ótima: 0.5% (vs 3% padrão), ajustada para incerteza 0.46. Retorno esperado ajustado: +1.8% em 10 dias (penalidade regime: 70%, vol: 80%). Meia-vida sinal: 8.3 dias, holding ótimo: 12 dias, probabilidade persistência: 95%. Regime mercado: lateral (tendência: 0.01, vol: 0.25) - condições desafiadoras para este tipo de sinal."
PBR  ,"PBR   @ $20.98 shows an unclear signal with both BUY (2.0%, needs 81.0pts) and SELL (28.0%, needs 8.0pts) below thresholds. Conviction: 2.7/10 (Weak) - Model agreement: 60%, uncertainty: 2.35σ, stable ensemble. Top contributors: LSTM 10 (36.0%), LSTM SR (28.4%). Kelly-optimal position: 0.5% (vs 3% standard), risk-adjusted for 2.35 uncertainty. Regime-adjusted expected return: +1.8% over 10 days (regime penalty: 80%, vol penalty: 72%). Signal half-life: 2.5 days, optimal holding: 4 days, persistence probability: 48%. Market regime: sideways (trend: 0.02, vol: 0.29) - favorable conditions for this signal type.","PBR   @ $20.98 sinal incerto: COMPRA (2.0%, precisa 81.0pts) e VENDA (28.0%, precisa 8.0pts) abaixo dos limiares. Convicção: 2.7/10 (Fraco) - Consenso modelos: 60%, incerteza: 2.35σ, ensemble estável. Principais contribuintes: LSTM 10 (36.0%), LSTM SR (28.4%). Posição Kelly-ótima: 0.5% (vs 3% padrão), ajustada para incerteza 2.35. Retorno esperado ajustado: +1.8% em 10 dias (penalidade regime: 80%, vol: 72%). Meia-vida sinal: 2.5 dias, holding ótimo: 4 dias, probabilidade persistência: 48%. Regime mercado: lateral (tendência: 0.02, vol: 0.29) - condições favoráveis para este tipo de sinal."
PBR-A,"PBR-A @ $19.12 shows an unclear signal with both BUY (23.0%, needs 18.0pts) and SELL (19.0%, needs 13.0pts) below thresholds. Conviction: 2.4/10 (Weak) - Model agreement: 100%, uncertainty: 7.48σ, unstable ensemble. Top contributors: LSTM Cla (40.8%), LSTM SR (34.0%). Kelly-optimal position: 0.5% (vs 3% standard), risk-adjusted for 7.48 uncertainty. Regime-adjusted expected return: +2.0% over 10 days (regime penalty: 80%, vol penalty: 78%). Signal half-life: 1.5 days, optimal holding: 2 days, persistence probability: 30%. Market regime: sideways (trend: 0.03, vol: 0.26) - favorable conditions for this signal type.","PBR-A @ $19.12 sinal incerto: COMPRA (23.0%, precisa 18.0pts) e VENDA (19.0%, precisa 13.0pts) abaixo dos limiares. Convicção: 2.4/10 (Fraco) - Consenso modelos: 100%, incerteza: 7.48σ, ensemble instável. Principais contribuintes: LSTM Cla (40.8%), LSTM SR (34.0%). Posição Kelly-ótima: 0.5% (vs 3% padrão), ajustada para incerteza 7.48. Retorno esperado ajustado: +2.0% em 10 dias (penalidade regime: 80%, vol: 78%). Meia-vida sinal: 1.5 dias, holding ótimo: 2 dias, probabilidade persistência: 30%. Regime mercado: lateral (tendência: 0.03, vol: 0.26) - condições favoráveis para este tipo de sinal."
PETR3,"PETR3 @ $54.84 shows an unclear signal with both BUY (48.0%, needs 49.0pts) and SELL (25.0%, needs 8.0pts) below thresholds. Conviction: 3.4/10 (Weak) - Model agreement: 100%, uncertainty: 3.31σ, stable ensemble. Top contributors: LSTM SR (51.1%), LSTM Cla (28.1%). Kelly-optimal position: 0.5% (vs 3% standard), risk-adjusted for 3.31 uncertainty. Regime-adjusted expected return: +1.8% over 10 days (regime penalty: 80%, vol penalty: 72%). Signal half-life: 2.5 days, optimal holding: 4 days, persistence probability: 48%. Market regime: sideways (trend: 0.04, vol: 0.29) - favorable conditions for this signal type.","PETR3 @ $54.84 sinal incerto: COMPRA (48.0%, precisa 49.0pts) e VENDA (25.0%, precisa 8.0pts) abaixo dos limiares. Convicção: 3.4/10 (Fraco) - Consenso modelos: 100%, incerteza: 3.31σ, ensemble estável. Principais contribuintes: LSTM SR (51.1%), LSTM Cla (28.1%). Posição Kelly-ótima: 0.5% (vs 3% padrão), ajustada para incerteza 3.31. Retorno esperado ajustado: +1.8% em 10 dias (penalidade regime: 80%, vol: 72%). Meia-vida sinal: 2.5 dias, holding ótimo: 4 dias, probabilidade persistência: 48%. Regime mercado: lateral (tendência: 0.04, vol: 0.29) - condições favoráveis para este tipo de sinal."
PETR4,"PETR4 @ $49.77 shows an unclear signal with both BUY (29.0%, needs 46.0pts) and SELL (0.0%, needs 63.0pts) below thresholds. Conviction: 2.9/10 (Weak) - Model agreement: 100%, uncertainty: 1.40σ, moderate ensemble. Top contributors: LSTM SR (59.0%), LSTM Cla (15.3%). Kelly-optimal position: 0.5% (vs 3% standard), risk-adjusted for 1.40 uncertainty. Regime-adjusted expected return: +2.0% over 10 days (regime penalty: 80%, vol penalty: 78%). Signal half-life: 2.6 days, optimal holding: 4 days, persistence probability: 48%. Market regime: sideways (trend: 0.04, vol: 0.26) - favorable conditions for this signal type.","PETR4 @ $49.77 sinal incerto: COMPRA (29.0%, precisa 46.0pts) e VENDA (0.0%, precisa 63.0pts) abaixo dos limiares. Convicção: 2.9/10 (Fraco) - Consenso modelos: 100%, incerteza: 1.40σ, ensemble moderado. Principais contribuintes: LSTM SR (59.0%), LSTM Cla (15.3%). Posição Kelly-ótima: 0.5% (vs 3% padrão), ajustada para incerteza 1.40. Retorno esperado ajustado: +2.0% em 10 dias (penalidade regime: 80%, vol: 78%). Meia-vida sinal: 2.6 dias, holding ótimo: 4 dias, probabilidade persistência: 48%. Regime mercado: lateral (tendência: 0.04, vol: 0.26) - condições favoráveis para este tipo de sinal."
PM   ,"PM    @ $188.18 shows an unclear signal with both BUY (29.0%, needs 39.0pts) and SELL (0.0%, needs 30.0pts) below thresholds. Conviction: 2.2/10 (Weak) - Model agreement: 55%, uncertainty: 8.10σ, moderate ensemble. Top contributors: SAC (38.6%), LSTM 10 (29.1%). Kelly-optimal position: 0.5% (vs 3% standard), risk-adjusted for 8.10 uncertainty. Regime-adjusted expected return: +2.3% over 10 days (regime penalty: 80%, vol penalty: 90%). Signal half-life: 2.5 days, optimal holding: 4 days, persistence probability: 40%. Market regime: sideways (trend: 0.01, vol: 0.20) - favorable conditions for this signal type.","PM    @ $188.18 sinal incerto: COMPRA (29.0%, precisa 39.0pts) e VENDA (0.0%, precisa 30.0pts) abaixo dos limiares. Convicção: 2.2/10 (Fraco) - Consenso modelos: 55%, incerteza: 8.10σ, ensemble moderado. Principais contribuintes: SAC (38.6%), LSTM 10 (29.1%). Posição Kelly-ótima: 0.5% (vs 3% padrão), ajustada para incerteza 8.10. Retorno esperado ajustado: +2.3% em 10 dias (penalidade regime: 80%, vol: 90%). Meia-vida sinal: 2.5 dias, holding ótimo: 4 dias, probabilidade persistência: 40%. Regime mercado: lateral (tendência: 0.01, vol: 0.20) - condições favoráveis para este tipo de sinal."
PRIO3,"PRIO3 @ $61.46 BUY signal: 46.0% vs 30.0% threshold (margin: +16.0pts). Conviction: 3.7/10 (Moderate) - Model agreement: 100%, uncertainty: 1.94σ, moderate ensemble. Top contributors: LSTM SR (29.7%), LSTM (23.3%). Kelly-optimal position: 0.5% (vs 3% standard), risk-adjusted for 1.94 uncertainty. Regime-adjusted expected return: +1.3% over 10 days (regime penalty: 70%, vol penalty: 60%). Signal half-life: 1.8 days, optimal holding: 3 days, persistence probability: 40%. Market regime: sideways (trend: 0.00, vol: 0.35) - challenging conditions for this signal type.","PRIO3 @ $61.46 sinal COMPRA: 46.0% vs limiar 30.0% (margem: +16.0pts). Convicção: 3.7/10 (Moderado) - Consenso modelos: 100%, incerteza: 1.94σ, ensemble moderado. Principais contribuintes: LSTM SR (29.7%), LSTM (23.3%). Posição Kelly-ótima: 0.5% (vs 3% padrão), ajustada para incerteza 1.94. Retorno esperado ajustado: +1.3% em 10 dias (penalidade regime: 70%, vol: 60%). Meia-vida sinal: 1.8 dias, holding ótimo: 3 dias, probabilidade persistência: 40%. Regime mercado: lateral (tendência: 0.00, vol: 0.35) - condições desafiadoras para este tipo de sinal."
PSSA3,"PSSA3 @ $47.84 shows an unclear signal with both BUY (16.0%, needs 21.0pts) and SELL (48.0%, needs 4.0pts) below thresholds. Conviction: 4.4/10 (Moderate) - Model agreement: 48%, uncertainty: 0.40σ, stable ensemble. Top contributors: LSTM Cla (51.5%), LSTM 10 (48.5%). Kelly-optimal position: 0.5% (vs 3% standard), risk-adjusted for 0.40 uncertainty. Regime-adjusted expected return: +2.5% over 10 days (regime penalty: 80%, vol penalty: 96%). Signal half-life: 10.2 days, optimal holding: 15 days, persistence probability: 95%. Market regime: sideways (trend: 0.06, vol: 0.17) - favorable conditions for this signal type.","PSSA3 @ $47.84 sinal incerto: COMPRA (16.0%, precisa 21.0pts) e VENDA (48.0%, precisa 4.0pts) abaixo dos limiares. Convicção: 4.4/10 (Moderado) - Consenso modelos: 48%, incerteza: 0.40σ, ensemble estável. Principais contribuintes: LSTM Cla (51.5%), LSTM 10 (48.5%). Posição Kelly-ótima: 0.5% (vs 3% padrão), ajustada para incerteza 0.40. Retorno esperado ajustado: +2.5% em 10 dias (penalidade regime: 80%, vol: 96%). Meia-vida sinal: 10.2 dias, holding ótimo: 15 dias, probabilidade persistência: 95%. Regime mercado: lateral (tendência: 0.06, vol: 0.17) - condições favoráveis para este tipo de sinal."
PYPL ,"PYPL  @ $53.06 shows an unclear signal with both BUY (20.0%, needs 12.0pts) and SELL (5.0%, needs 53.0pts) below thresholds. Conviction: 2.2/10 (Weak) - Model agreement: 31%, uncertainty: 0.72σ, unstable ensemble. Top contributors: LSTM Cla (31.8%), LSTM SR (20.4%). Kelly-optimal position: 0.5% (vs 3% standard), risk-adjusted for 0.72 uncertainty. Regime-adjusted expected return: +1.8% over 10 days (regime penalty: 80%, vol penalty: 70%). Signal half-life: 3.6 days, optimal holding: 5 days, persistence probability: 72%. Market regime: sideways (trend: 0.05, vol: 0.30) - favorable conditions for this signal type.","PYPL  @ $53.06 sinal incerto: COMPRA (20.0%, precisa 12.0pts) e VENDA (5.0%, precisa 53.0pts) abaixo dos limiares. Convicção: 2.2/10 (Fraco) - Consenso modelos: 31%, incerteza: 0.72σ, ensemble instável. Principais contribuintes: LSTM Cla (31.8%), LSTM SR (20.4%). Posição Kelly-ótima: 0.5% (vs 3% padrão), ajustada para incerteza 0.72. Retorno esperado ajustado: +1.8% em 10 dias (penalidade regime: 80%, vol: 70%). Meia-vida sinal: 3.6 dias, holding ótimo: 5 dias, probabilidade persistência: 72%. Regime mercado: lateral (tendência: 0.05, vol: 0.30) - condições favoráveis para este tipo de sinal."
QUAL3,"QUAL3 @ $1.64 SELL signal: 63.0% vs 28.0% threshold (margin: +35.0pts). Conviction: 4.4/10 (Moderate) - Model agreement: 72%, uncertainty: 1.87σ, moderate ensemble. Top contributors: LSTM 10 (27.5%), TD3 (21.0%). Kelly-optimal position: 0.5% (vs 3% standard), risk-adjusted for 1.87 uncertainty. Regime-adjusted expected return: +1.3% over 10 days (regime penalty: 70%, vol penalty: 60%). Signal half-life: 1.5 days, optimal holding: 2 days, persistence probability: 40%. Market regime: sideways (trend: 0.07, vol: 0.51) - challenging conditions for this signal type.","QUAL3 @ $1.64 sinal VENDA: 63.0% vs limiar 28.0% (margem: +35.0pts). Convicção: 4.4/10 (Moderado) - Consenso modelos: 72%, incerteza: 1.87σ, ensemble moderado. Principais contribuintes: LSTM 10 (27.5%), TD3 (21.0%). Posição Kelly-ótima: 0.5% (vs 3% padrão), ajustada para incerteza 1.87. Retorno esperado ajustado: +1.3% em 10 dias (penalidade regime: 70%, vol: 60%). Meia-vida sinal: 1.5 dias, holding ótimo: 2 dias, probabilidade persistência: 40%. Regime mercado: lateral (tendência: 0.07, vol: 0.51) - condições desafiadoras para este tipo de sinal."
RADL3,"RADL3 @ $18.73 SELL signal: 96.0% vs 53.0% threshold (margin: +43.0pts). Conviction: 4.8/10 (Moderate) - Model agreement: 100%, uncertainty: 543.13σ, unstable ensemble. Top contributors: LSTM Cla (53.5%), LSTM SR (32.5%). Kelly-optimal position: 0.5% (vs 3% standard), risk-adjusted for 543.13 uncertainty. Regime-adjusted expected return: +1.3% over 10 days (regime penalty: 70%, vol penalty: 60%). Signal half-life: 1.1 days, optimal holding: 2 days, persistence probability: 30%. Market regime: sideways (trend: 0.06, vol: 0.39) - challenging conditions for this signal type.","RADL3 @ $18.73 sinal VENDA: 96.0% vs limiar 53.0% (margem: +43.0pts). Convicção: 4.8/10 (Moderado) - Consenso modelos: 100%, incerteza: 543.13σ, ensemble instável. Principais contribuintes: LSTM Cla (53.5%), LSTM SR (32.5%). Posição Kelly-ótima: 0.5% (vs 3% padrão), ajustada para incerteza 543.13. Retorno esperado ajustado: +1.3% em 10 dias (penalidade regime: 70%, vol: 60%). Meia-vida sinal: 1.1 dias, holding ótimo: 2 dias, probabilidade persistência: 30%. Regime mercado: lateral (tendência: 0.06, vol: 0.39) - condições desafiadoras para este tipo de sinal."
RAIL3,"RAIL3 @ $16.49 SELL signal: 53.0% vs 53.0% threshold (margin: +0.0pts). Conviction: 2.3/10 (Weak) - Model agreement: 60%, uncertainty: 0.92σ, moderate ensemble. Top contributors: LSTM 10 (50.9%), LSTM Cla (37.9%). Kelly-optimal position: 0.5% (vs 3% standard), risk-adjusted for 0.92 uncertainty. Regime-adjusted expected return: +1.8% over 10 days (regime penalty: 70%, vol penalty: 82%). Signal half-life: 5.0 days, optimal holding: 7 days, persistence probability: 86%. Market regime: sideways (trend: 0.09, vol: 0.24) - challenging conditions for this signal type.","RAIL3 @ $16.49 sinal VENDA: 53.0% vs limiar 53.0% (margem: +0.0pts). Convicção: 2.3/10 (Fraco) - Consenso modelos: 60%, incerteza: 0.92σ, ensemble moderado. Principais contribuintes: LSTM 10 (50.9%), LSTM Cla (37.9%). Posição Kelly-ótima: 0.5% (vs 3% padrão), ajustada para incerteza 0.92. Retorno esperado ajustado: +1.8% em 10 dias (penalidade regime: 70%, vol: 82%). Meia-vida sinal: 5.0 dias, holding ótimo: 7 dias, probabilidade persistência: 86%. Regime mercado: lateral (tendência: 0.09, vol: 0.24) - condições desafiadoras para este tipo de sinal."
SANB1,"SANB1 @ $27.90 shows an unclear signal with both BUY (0.0%, needs 57.0pts) and SELL (1.0%, needs 36.0pts) below thresholds. Conviction: 0.8/10 (Weak) - Model agreement: 0%, uncertainty: 3.18σ, unstable ensemble. Top contributors: LSTM 10 (37.5%), LSTM (34.3%). Kelly-optimal position: 0.5% (vs 3% standard), risk-adjusted for 3.18 uncertainty. Regime-adjusted expected return: +2.0% over 10 days (regime penalty: 80%, vol penalty: 80%). Signal half-life: 1.6 days, optimal holding: 2 days, persistence probability: 30%. Market regime: sideways (trend: 0.07, vol: 0.25) - favorable conditions for this signal type.","SANB1 @ $27.90 sinal incerto: COMPRA (0.0%, precisa 57.0pts) e VENDA (1.0%, precisa 36.0pts) abaixo dos limiares. Convicção: 0.8/10 (Fraco) - Consenso modelos: 0%, incerteza: 3.18σ, ensemble instável. Principais contribuintes: LSTM 10 (37.5%), LSTM (34.3%). Posição Kelly-ótima: 0.5% (vs 3% padrão), ajustada para incerteza 3.18. Retorno esperado ajustado: +2.0% em 10 dias (penalidade regime: 80%, vol: 80%). Meia-vida sinal: 1.6 dias, holding ótimo: 2 dias, probabilidade persistência: 30%. Regime mercado: lateral (tendência: 0.07, vol: 0.25) - condições favoráveis para este tipo de sinal."
SANB3,"SANB3 @ $13.88 shows an unclear signal with both BUY (27.0%, needs 43.0pts) and SELL (39.0%, needs 9.0pts) below thresholds. Conviction: 2.8/10 (Weak) - Model agreement: 61%, uncertainty: 3.80σ, stable ensemble. Top contributors: LSTM 10 (27.3%), LSTM SR (22.3%). Kelly-optimal position: 0.5% (vs 3% standard), risk-adjusted for 3.80 uncertainty. Regime-adjusted expected return: +2.0% over 10 days (regime penalty: 80%, vol penalty: 80%). Signal half-life: 2.7 days, optimal holding: 4 days, persistence probability: 48%. Market regime: sideways (trend: 0.07, vol: 0.25) - favorable conditions for this signal type.","SANB3 @ $13.88 sinal incerto: COMPRA (27.0%, precisa 43.0pts) e VENDA (39.0%, precisa 9.0pts) abaixo dos limiares. Convicção: 2.8/10 (Fraco) - Consenso modelos: 61%, incerteza: 3.80σ, ensemble estável. Principais contribuintes: LSTM 10 (27.3%), LSTM SR (22.3%). Posição Kelly-ótima: 0.5% (vs 3% padrão), ajustada para incerteza 3.80. Retorno esperado ajustado: +2.0% em 10 dias (penalidade regime: 80%, vol: 80%). Meia-vida sinal: 2.7 dias, holding ótimo: 4 dias, probabilidade persistência: 48%. Regime mercado: lateral (tendência: 0.07, vol: 0.25) - condições favoráveis para este tipo de sinal."
SANB4,"SANB4 @ $13.84 SELL signal: 42.0% vs 30.0% threshold (margin: +12.0pts). Conviction: 2.9/10 (Weak) - Model agreement: 64%, uncertainty: 2.24σ, moderate ensemble. Top contributors: LSTM 10 (29.2%), LSTM (29.1%). Kelly-optimal position: 0.5% (vs 3% standard), risk-adjusted for 2.24 uncertainty. Regime-adjusted expected return: +1.7% over 10 days (regime penalty: 70%, vol penalty: 76%). Signal half-life: 2.1 days, optimal holding: 3 days, persistence probability: 40%. Market regime: sideways (trend: 0.07, vol: 0.27) - challenging conditions for this signal type.","SANB4 @ $13.84 sinal VENDA: 42.0% vs limiar 30.0% (margem: +12.0pts). Convicção: 2.9/10 (Fraco) - Consenso modelos: 64%, incerteza: 2.24σ, ensemble moderado. Principais contribuintes: LSTM 10 (29.2%), LSTM (29.1%). Posição Kelly-ótima: 0.5% (vs 3% padrão), ajustada para incerteza 2.24. Retorno esperado ajustado: +1.7% em 10 dias (penalidade regime: 70%, vol: 76%). Meia-vida sinal: 2.1 dias, holding ótimo: 3 dias, probabilidade persistência: 40%. Regime mercado: lateral (tendência: 0.07, vol: 0.27) - condições desafiadoras para este tipo de sinal."
SAP  ,"SAP   @ $210.79 SELL signal: 100.0% vs 58.0% threshold (margin: +42.0pts). Conviction: 8.5/10 (Strong) - Model agreement: 100%, uncertainty: 0.07σ, stable ensemble. Top contributors: LSTM SR (57.9%), LSTM Cla (42.1%). Kelly-optimal position: 0.8% (vs 3% standard), risk-adjusted for 0.07 uncertainty. Regime-adjusted expected return: +1.7% over 10 days (regime penalty: 70%, vol penalty: 76%). Signal half-life: 10.0 days, optimal holding: 15 days, persistence probability: 95%. Market regime: sideways (trend: 0.02, vol: 0.27) - challenging conditions for this signal type.","SAP   @ $210.79 sinal VENDA: 100.0% vs limiar 58.0% (margem: +42.0pts). Convicção: 8.5/10 (Forte) - Consenso modelos: 100%, incerteza: 0.07σ, ensemble estável. Principais contribuintes: LSTM SR (57.9%), LSTM Cla (42.1%). Posição Kelly-ótima: 0.8% (vs 3% padrão), ajustada para incerteza 0.07. Retorno esperado ajustado: +1.7% em 10 dias (penalidade regime: 70%, vol: 76%). Meia-vida sinal: 10.0 dias, holding ótimo: 15 dias, probabilidade persistência: 95%. Regime mercado: lateral (tendência: 0.02, vol: 0.27) - condições desafiadoras para este tipo de sinal."
SAPR1,"SAPR1 @ $33.59 shows an unclear signal with both BUY (14.0%, needs 15.0pts) and SELL (34.0%, needs 24.0pts) below thresholds. Conviction: 2.3/10 (Weak) - Model agreement: 33%, uncertainty: 2.18σ, stable ensemble. Top contributors: PPO (24.0%), LSTM Cla (23.3%). Kelly-optimal position: 0.5% (vs 3% standard), risk-adjusted for 2.18 uncertainty. Regime-adjusted expected return: +1.8% over 10 days (regime penalty: 80%, vol penalty: 70%). Signal half-life: 2.4 days, optimal holding: 4 days, persistence probability: 48%. Market regime: sideways (trend: 0.04, vol: 0.30) - favorable conditions for this signal type.","SAPR1 @ $33.59 sinal incerto: COMPRA (14.0%, precisa 15.0pts) e VENDA (34.0%, precisa 24.0pts) abaixo dos limiares. Convicção: 2.3/10 (Fraco) - Consenso modelos: 33%, incerteza: 2.18σ, ensemble estável. Principais contribuintes: PPO (24.0%), LSTM Cla (23.3%). Posição Kelly-ótima: 0.5% (vs 3% padrão), ajustada para incerteza 2.18. Retorno esperado ajustado: +1.8% em 10 dias (penalidade regime: 80%, vol: 70%). Meia-vida sinal: 2.4 dias, holding ótimo: 4 dias, probabilidade persistência: 48%. Regime mercado: lateral (tendência: 0.04, vol: 0.30) - condições favoráveis para este tipo de sinal."
SAPR3,"SAPR3 @ $7.22 SELL signal: 42.0% vs 32.0% threshold (margin: +10.0pts). Conviction: 2.3/10 (Weak) - Model agreement: 66%, uncertainty: 3.89σ, unstable ensemble. Top contributors: LSTM 10 (23.5%), LSTM (23.2%). Kelly-optimal position: 0.5% (vs 3% standard), risk-adjusted for 3.89 uncertainty. Regime-adjusted expected return: +1.7% over 10 days (regime penalty: 70%, vol penalty: 78%). Signal half-life: 1.5 days, optimal holding: 2 days, persistence probability: 30%. Market regime: sideways (trend: 0.05, vol: 0.26) - challenging conditions for this signal type.","SAPR3 @ $7.22 sinal VENDA: 42.0% vs limiar 32.0% (margem: +10.0pts). Convicção: 2.3/10 (Fraco) - Consenso modelos: 66%, incerteza: 3.89σ, ensemble instável. Principais contribuintes: LSTM 10 (23.5%), LSTM (23.2%). Posição Kelly-ótima: 0.5% (vs 3% padrão), ajustada para incerteza 3.89. Retorno esperado ajustado: +1.7% em 10 dias (penalidade regime: 70%, vol: 78%). Meia-vida sinal: 1.5 dias, holding ótimo: 2 dias, probabilidade persistência: 30%. Regime mercado: lateral (tendência: 0.05, vol: 0.26) - condições desafiadoras para este tipo de sinal."
SAPR4,"SAPR4 @ $6.60 shows an unclear signal with both BUY (19.0%, needs 15.0pts) and SELL (0.0%, needs 31.0pts) below thresholds. Conviction: 1.4/10 (Weak) - Model agreement: 70%, uncertainty: 1.01σ, very_unstable ensemble. Top contributors: LSTM (28.9%), LSTM SR (20.5%). Kelly-optimal position: 0.5% (vs 3% standard), risk-adjusted for 1.01 uncertainty. Regime-adjusted expected return: +2.2% over 10 days (regime penalty: 80%, vol penalty: 84%). Signal half-life: 2.3 days, optimal holding: 3 days, persistence probability: 40%. Market regime: sideways (trend: 0.04, vol: 0.23) - favorable conditions for this signal type.","SAPR4 @ $6.60 sinal incerto: COMPRA (19.0%, precisa 15.0pts) e VENDA (0.0%, precisa 31.0pts) abaixo dos limiares. Convicção: 1.4/10 (Fraco) - Consenso modelos: 70%, incerteza: 1.01σ, ensemble muito instável. Principais contribuintes: LSTM (28.9%), LSTM SR (20.5%). Posição Kelly-ótima: 0.5% (vs 3% padrão), ajustada para incerteza 1.01. Retorno esperado ajustado: +2.2% em 10 dias (penalidade regime: 80%, vol: 84%). Meia-vida sinal: 2.3 dias, holding ótimo: 3 dias, probabilidade persistência: 40%. Regime mercado: lateral (tendência: 0.04, vol: 0.23) - condições favoráveis para este tipo de sinal."
SBUX ,"SBUX  @ $94.88 shows an unclear signal with both BUY (0.0%, needs 54.0pts) and SELL (0.0%, needs 63.0pts) below thresholds. Conviction: 1.4/10 (Weak) - Model agreement: 0%, uncertainty: 6.43σ, moderate ensemble. Top contributors: TD3 (27.9%), LSTM 10 (24.1%). Kelly-optimal position: 0.5% (vs 3% standard), risk-adjusted for 6.43 uncertainty. Regime-adjusted expected return: +2.5% over 10 days (regime penalty: 80%, vol penalty: 96%). Signal half-life: 2.6 days, optimal holding: 4 days, persistence probability: 40%. Market regime: sideways (trend: 0.09, vol: 0.17) - favorable conditions for this signal type.","SBUX  @ $94.88 sinal incerto: COMPRA (0.0%, precisa 54.0pts) e VENDA (0.0%, precisa 63.0pts) abaixo dos limiares. Convicção: 1.4/10 (Fraco) - Consenso modelos: 0%, incerteza: 6.43σ, ensemble moderado. Principais contribuintes: TD3 (27.9%), LSTM 10 (24.1%). Posição Kelly-ótima: 0.5% (vs 3% padrão), ajustada para incerteza 6.43. Retorno esperado ajustado: +2.5% em 10 dias (penalidade regime: 80%, vol: 96%). Meia-vida sinal: 2.6 dias, holding ótimo: 4 dias, probabilidade persistência: 40%. Regime mercado: lateral (tendência: 0.09, vol: 0.17) - condições favoráveis para este tipo de sinal."
SIMH3,"SIMH3 @ $10.06 SELL signal: 63.0% vs 36.0% threshold (margin: +27.0pts). Conviction: 4.5/10 (Moderate) - Model agreement: 100%, uncertainty: 6.66σ, moderate ensemble. Top contributors: LSTM 10 (27.6%), LSTM SR (23.0%). Kelly-optimal position: 0.5% (vs 3% standard), risk-adjusted for 6.66 uncertainty. Regime-adjusted expected return: +2.3% over 10 days (regime penalty: 120%, vol penalty: 60%). Signal half-life: 1.5 days, optimal holding: 2 days, persistence probability: 40%. Market regime: trending (trend: 0.26, vol: 0.72) - favorable conditions for this signal type.","SIMH3 @ $10.06 sinal VENDA: 63.0% vs limiar 36.0% (margem: +27.0pts). Convicção: 4.5/10 (Moderado) - Consenso modelos: 100%, incerteza: 6.66σ, ensemble moderado. Principais contribuintes: LSTM 10 (27.6%), LSTM SR (23.0%). Posição Kelly-ótima: 0.5% (vs 3% padrão), ajustada para incerteza 6.66. Retorno esperado ajustado: +2.3% em 10 dias (penalidade regime: 120%, vol: 60%). Meia-vida sinal: 1.5 dias, holding ótimo: 2 dias, probabilidade persistência: 40%. Regime mercado: tendencial (tendência: 0.26, vol: 0.72) - condições favoráveis para este tipo de sinal."
SO   ,"SO    @ $83.47 shows an unclear signal with both BUY (26.0%, needs 11.0pts) and SELL (10.0%, needs 18.0pts) below thresholds. Conviction: 2.2/10 (Weak) - Model agreement: 53%, uncertainty: 1.66σ, moderate ensemble. Top contributors: SAC (32.5%), LSTM (18.8%). Kelly-optimal position: 0.5% (vs 3% standard), risk-adjusted for 1.66 uncertainty. Regime-adjusted expected return: +2.6% over 10 days (regime penalty: 80%, vol penalty: 100%). Signal half-life: 2.8 days, optimal holding: 4 days, persistence probability: 40%. Market regime: sideways (trend: 0.05, vol: 0.13) - favorable conditions for this signal type.","SO    @ $83.47 sinal incerto: COMPRA (26.0%, precisa 11.0pts) e VENDA (10.0%, precisa 18.0pts) abaixo dos limiares. Convicção: 2.2/10 (Fraco) - Consenso modelos: 53%, incerteza: 1.66σ, ensemble moderado. Principais contribuintes: SAC (32.5%), LSTM (18.8%). Posição Kelly-ótima: 0.5% (vs 3% padrão), ajustada para incerteza 1.66. Retorno esperado ajustado: +2.6% em 10 dias (penalidade regime: 80%, vol: 100%). Meia-vida sinal: 2.8 dias, holding ótimo: 4 dias, probabilidade persistência: 40%. Regime mercado: lateral (tendência: 0.05, vol: 0.13) - condições favoráveis para este tipo de sinal."
TAEE1,"TAEE1 @ $41.84 BUY signal: 99.0% vs 38.0% threshold (margin: +61.0pts). Conviction: 7.7/10 (Strong) - Model agreement: 100%, uncertainty: 0.49σ, stable ensemble. Top contributors: LSTM Cla (34.8%), LSTM 10 (26.8%). Kelly-optimal position: 0.5% (vs 3% standard), risk-adjusted for 0.49 uncertainty. Regime-adjusted expected return: +2.1% over 10 days (regime penalty: 70%, vol penalty: 92%). Signal half-life: 9.2 days, optimal holding: 14 days, persistence probability: 95%. Market regime: sideways (trend: 0.01, vol: 0.19) - challenging conditions for this signal type.","TAEE1 @ $41.84 sinal COMPRA: 99.0% vs limiar 38.0% (margem: +61.0pts). Convicção: 7.7/10 (Forte) - Consenso modelos: 100%, incerteza: 0.49σ, ensemble estável. Principais contribuintes: LSTM Cla (34.8%), LSTM 10 (26.8%). Posição Kelly-ótima: 0.5% (vs 3% padrão), ajustada para incerteza 0.49. Retorno esperado ajustado: +2.1% em 10 dias (penalidade regime: 70%, vol: 92%). Meia-vida sinal: 9.2 dias, holding ótimo: 14 dias, probabilidade persistência: 95%. Regime mercado: lateral (tendência: 0.01, vol: 0.19) - condições desafiadoras para este tipo de sinal."
TAEE3,"TAEE3 @ $13.75 shows an unclear signal with both BUY (48.0%, needs 1.0pts) and SELL (17.0%, needs 21.0pts) below thresholds. Conviction: 2.7/10 (Weak) - Model agreement: 58%, uncertainty: 1.98σ, stable ensemble. Top contributors: LSTM 10 (30.8%), SAC (24.4%). Kelly-optimal position: 0.5% (vs 3% standard), risk-adjusted for 1.98 uncertainty. Regime-adjusted expected return: +2.5% over 10 days (regime penalty: 80%, vol penalty: 98%). Signal half-life: 3.2 days, optimal holding: 5 days, persistence probability: 48%. Market regime: sideways (trend: 0.00, vol: 0.16) - favorable conditions for this signal type.","TAEE3 @ $13.75 sinal incerto: COMPRA (48.0%, precisa 1.0pts) e VENDA (17.0%, precisa 21.0pts) abaixo dos limiares. Convicção: 2.7/10 (Fraco) - Consenso modelos: 58%, incerteza: 1.98σ, ensemble estável. Principais contribuintes: LSTM 10 (30.8%), SAC (24.4%). Posição Kelly-ótima: 0.5% (vs 3% padrão), ajustada para incerteza 1.98. Retorno esperado ajustado: +2.5% em 10 dias (penalidade regime: 80%, vol: 98%). Meia-vida sinal: 3.2 dias, holding ótimo: 5 dias, probabilidade persistência: 48%. Regime mercado: lateral (tendência: 0.00, vol: 0.16) - condições favoráveis para este tipo de sinal."
TAEE4,"TAEE4 @ $14.07 SELL signal: 49.0% vs 34.0% threshold (margin: +15.0pts). Conviction: 3.2/10 (Weak) - Model agreement: 71%, uncertainty: 1.71σ, moderate ensemble. Top contributors: LSTM 10 (28.3%), LSTM (20.3%). Kelly-optimal position: 0.5% (vs 3% standard), risk-adjusted for 1.71 uncertainty. Regime-adjusted expected return: +2.2% over 10 days (regime penalty: 70%, vol penalty: 100%). Signal half-life: 2.7 days, optimal holding: 4 days, persistence probability: 40%. Market regime: sideways (trend: 0.01, vol: 0.15) - challenging conditions for this signal type.","TAEE4 @ $14.07 sinal VENDA: 49.0% vs limiar 34.0% (margem: +15.0pts). Convicção: 3.2/10 (Fraco) - Consenso modelos: 71%, incerteza: 1.71σ, ensemble moderado. Principais contribuintes: LSTM 10 (28.3%), LSTM (20.3%). Posição Kelly-ótima: 0.5% (vs 3% padrão), ajustada para incerteza 1.71. Retorno esperado ajustado: +2.2% em 10 dias (penalidade regime: 70%, vol: 100%). Meia-vida sinal: 2.7 dias, holding ótimo: 4 dias, probabilidade persistência: 40%. Regime mercado: lateral (tendência: 0.01, vol: 0.15) - condições desafiadoras para este tipo de sinal."
TASA3,"TASA3 @ $8.15 BUY signal: 86.0% vs 76.0% threshold (margin: +10.0pts). Conviction: 5.0/10 (Moderate) - Model agreement: 92%, uncertainty: 0.63σ, stable ensemble. Top contributors: LSTM (75.5%), PPO (6.9%). Kelly-optimal position: 0.5% (vs 3% standard), risk-adjusted for 0.63 uncertainty. Regime-adjusted expected return: +2.3% over 10 days (regime penalty: 120%, vol penalty: 60%). Signal half-life: 4.9 days, optimal holding: 7 days, persistence probability: 95%. Market regime: trending (trend: 0.34, vol: 0.76) - favorable conditions for this signal type.","TASA3 @ $8.15 sinal COMPRA: 86.0% vs limiar 76.0% (margem: +10.0pts). Convicção: 5.0/10 (Moderado) - Consenso modelos: 92%, incerteza: 0.63σ, ensemble estável. Principais contribuintes: LSTM (75.5%), PPO (6.9%). Posição Kelly-ótima: 0.5% (vs 3% padrão), ajustada para incerteza 0.63. Retorno esperado ajustado: +2.3% em 10 dias (penalidade regime: 120%, vol: 60%). Meia-vida sinal: 4.9 dias, holding ótimo: 7 dias, probabilidade persistência: 95%. Regime mercado: tendencial (tendência: 0.34, vol: 0.76) - condições favoráveis para este tipo de sinal."
TASA4,"TASA4 @ $8.14 shows an unclear signal with both BUY (24.0%, needs 21.0pts) and SELL (0.0%, needs 32.0pts) below thresholds. Conviction: 1.9/10 (Weak) - Model agreement: 15%, uncertainty: 1.57σ, stable ensemble. Top contributors: SAC (44.3%), PPO (25.8%). Kelly-optimal position: 0.5% (vs 3% standard), risk-adjusted for 1.57 uncertainty. Regime-adjusted expected return: +1.2% over 10 days (regime penalty: 60%, vol penalty: 60%). Signal half-life: 1.8 days, optimal holding: 3 days, persistence probability: 48%. Market regime: trending (trend: 0.35, vol: 0.85) - challenging conditions for this signal type.","TASA4 @ $8.14 sinal incerto: COMPRA (24.0%, precisa 21.0pts) e VENDA (0.0%, precisa 32.0pts) abaixo dos limiares. Convicção: 1.9/10 (Fraco) - Consenso modelos: 15%, incerteza: 1.57σ, ensemble estável. Principais contribuintes: SAC (44.3%), PPO (25.8%). Posição Kelly-ótima: 0.5% (vs 3% padrão), ajustada para incerteza 1.57. Retorno esperado ajustado: +1.2% em 10 dias (penalidade regime: 60%, vol: 60%). Meia-vida sinal: 1.8 dias, holding ótimo: 3 dias, probabilidade persistência: 48%. Regime mercado: tendencial (tendência: 0.35, vol: 0.85) - condições desafiadoras para este tipo de sinal."
TSLA ,"TSLA  @ $354.11 shows an unclear signal with both BUY (34.0%, needs 51.0pts) and SELL (16.0%, needs 68.0pts) below thresholds. Conviction: 4.9/10 (Moderate) - Model agreement: 100%, uncertainty: 0.32σ, moderate ensemble. Top contributors: LSTM (65.5%), LSTM 10 (18.7%). Kelly-optimal position: 0.6% (vs 3% standard), risk-adjusted for 0.32 uncertainty. Regime-adjusted expected return: +1.5% over 10 days (regime penalty: 80%, vol penalty: 60%). Signal half-life: 5.7 days, optimal holding: 9 days, persistence probability: 95%. Market regime: sideways (trend: 0.05, vol: 0.36) - favorable conditions for this signal type.","TSLA  @ $354.11 sinal incerto: COMPRA (34.0%, precisa 51.0pts) e VENDA (16.0%, precisa 68.0pts) abaixo dos limiares. Convicção: 4.9/10 (Moderado) - Consenso modelos: 100%, incerteza: 0.32σ, ensemble moderado. Principais contribuintes: LSTM (65.5%), LSTM 10 (18.7%). Posição Kelly-ótima: 0.6% (vs 3% padrão), ajustada para incerteza 0.32. Retorno esperado ajustado: +1.5% em 10 dias (penalidade regime: 80%, vol: 60%). Meia-vida sinal: 5.7 dias, holding ótimo: 9 dias, probabilidade persistência: 95%. Regime mercado: lateral (tendência: 0.05, vol: 0.36) - condições favoráveis para este tipo de sinal."
UBER ,"UBER  @ $67.88 shows an unclear signal with both BUY (21.0%, needs 29.0pts) and SELL (19.0%, needs 12.0pts) below thresholds. Conviction: 2.9/10 (Weak) - Model agreement: 100%, uncertainty: 1.10σ, moderate ensemble. Top contributors: LSTM Cla (50.1%), LSTM 10 (14.9%). Kelly-optimal position: 0.5% (vs 3% standard), risk-adjusted for 1.10 uncertainty. Regime-adjusted expected return: +2.2% over 10 days (regime penalty: 80%, vol penalty: 84%). Signal half-life: 4.2 days, optimal holding: 6 days, persistence probability: 72%. Market regime: sideways (trend: 0.09, vol: 0.23) - favorable conditions for this signal type.","UBER  @ $67.88 sinal incerto: COMPRA (21.0%, precisa 29.0pts) e VENDA (19.0%, precisa 12.0pts) abaixo dos limiares. Convicção: 2.9/10 (Fraco) - Consenso modelos: 100%, incerteza: 1.10σ, ensemble moderado. Principais contribuintes: LSTM Cla (50.1%), LSTM 10 (14.9%). Posição Kelly-ótima: 0.5% (vs 3% padrão), ajustada para incerteza 1.10. Retorno esperado ajustado: +2.2% em 10 dias (penalidade regime: 80%, vol: 84%). Meia-vida sinal: 4.2 dias, holding ótimo: 6 dias, probabilidade persistência: 72%. Regime mercado: lateral (tendência: 0.09, vol: 0.23) - condições favoráveis para este tipo de sinal."
UBR  ,"UBR   @ $32.97 shows an unclear signal with both BUY (2.0%, needs 47.0pts) and SELL (1.0%, needs 52.0pts) below thresholds. Conviction: 2.7/10 (Weak) - Model agreement: 53%, uncertainty: 1.58σ, stable ensemble. Top contributors: LSTM (49.1%), LSTM SR (30.0%). Kelly-optimal position: 0.5% (vs 3% standard), risk-adjusted for 1.58 uncertainty. Regime-adjusted expected return: +1.5% over 10 days (regime penalty: 80%, vol penalty: 60%). Signal half-life: 1.8 days, optimal holding: 3 days, persistence probability: 48%. Market regime: sideways (trend: 0.05, vol: 0.41) - favorable conditions for this signal type.","UBR   @ $32.97 sinal incerto: COMPRA (2.0%, precisa 47.0pts) e VENDA (1.0%, precisa 52.0pts) abaixo dos limiares. Convicção: 2.7/10 (Fraco) - Consenso modelos: 53%, incerteza: 1.58σ, ensemble estável. Principais contribuintes: LSTM (49.1%), LSTM SR (30.0%). Posição Kelly-ótima: 0.5% (vs 3% padrão), ajustada para incerteza 1.58. Retorno esperado ajustado: +1.5% em 10 dias (penalidade regime: 80%, vol: 60%). Meia-vida sinal: 1.8 dias, holding ótimo: 3 dias, probabilidade persistência: 48%. Regime mercado: lateral (tendência: 0.05, vol: 0.41) - condições favoráveis para este tipo de sinal."
UDN  ,"UDN   @ $17.78 shows an unclear signal with both BUY (4.0%, needs 40.0pts) and SELL (62.0%, needs 1.0pts) below thresholds. Conviction: 2.7/10 (Weak) - Model agreement: 58%, uncertainty: 1.82σ, stable ensemble. Top contributors: PPO (24.0%), LSTM SR (18.9%). Kelly-optimal position: 0.5% (vs 3% standard), risk-adjusted for 1.82 uncertainty. Regime-adjusted expected return: +2.6% over 10 days (regime penalty: 80%, vol penalty: 100%). Signal half-life: 3.9 days, optimal holding: 6 days, persistence probability: 48%. Market regime: sideways (trend: 0.02, vol: 0.05) - favorable conditions for this signal type.","UDN   @ $17.78 sinal incerto: COMPRA (4.0%, precisa 40.0pts) e VENDA (62.0%, precisa 1.0pts) abaixo dos limiares. Convicção: 2.7/10 (Fraco) - Consenso modelos: 58%, incerteza: 1.82σ, ensemble estável. Principais contribuintes: PPO (24.0%), LSTM SR (18.9%). Posição Kelly-ótima: 0.5% (vs 3% padrão), ajustada para incerteza 1.82. Retorno esperado ajustado: +2.6% em 10 dias (penalidade regime: 80%, vol: 100%). Meia-vida sinal: 3.9 dias, holding ótimo: 6 dias, probabilidade persistência: 48%. Regime mercado: lateral (tendência: 0.02, vol: 0.05) - condições favoráveis para este tipo de sinal."
UNH  ,"UNH   @ $365.20 shows an unclear signal with both BUY (15.0%, needs 18.0pts) and SELL (0.0%, needs 81.0pts) below thresholds. Conviction: 3.4/10 (Weak) - Model agreement: 0%, uncertainty: 0.49σ, stable ensemble. Top contributors: LSTM SR (32.9%), SAC (25.7%). Kelly-optimal position: 0.5% (vs 3% standard), risk-adjusted for 0.49 uncertainty. Regime-adjusted expected return: +2.4% over 10 days (regime penalty: 80%, vol penalty: 94%). Signal half-life: 9.4 days, optimal holding: 14 days, persistence probability: 95%. Market regime: sideways (trend: 0.07, vol: 0.18) - favorable conditions for this signal type.","UNH   @ $365.20 sinal incerto: COMPRA (15.0%, precisa 18.0pts) e VENDA (0.0%, precisa 81.0pts) abaixo dos limiares. Convicção: 3.4/10 (Fraco) - Consenso modelos: 0%, incerteza: 0.49σ, ensemble estável. Principais contribuintes: LSTM SR (32.9%), SAC (25.7%). Posição Kelly-ótima: 0.5% (vs 3% padrão), ajustada para incerteza 0.49. Retorno esperado ajustado: +2.4% em 10 dias (penalidade regime: 80%, vol: 94%). Meia-vida sinal: 9.4 dias, holding ótimo: 14 dias, probabilidade persistência: 95%. Regime mercado: lateral (tendência: 0.07, vol: 0.18) - condições favoráveis para este tipo de sinal."
UNIP3,"UNIP3 @ $54.52 shows an unclear signal with both BUY (8.0%, needs 46.0pts) and SELL (18.0%, needs 41.0pts) below thresholds. Conviction: 2.0/10 (Weak) - Model agreement: 11%, uncertainty: 0.83σ, moderate ensemble. Top contributors: LSTM 10 (58.8%), TD3 (23.6%). Kelly-optimal position: 0.5% (vs 3% standard), risk-adjusted for 0.83 uncertainty. Regime-adjusted expected return: +2.5% over 10 days (regime penalty: 80%, vol penalty: 98%). Signal half-life: 6.3 days, optimal holding: 9 days, persistence probability: 94%. Market regime: sideways (trend: 0.02, vol: 0.16) - favorable conditions for this signal type.","UNIP3 @ $54.52 sinal incerto: COMPRA (8.0%, precisa 46.0pts) e VENDA (18.0%, precisa 41.0pts) abaixo dos limiares. Convicção: 2.0/10 (Fraco) - Consenso modelos: 11%, incerteza: 0.83σ, ensemble moderado. Principais contribuintes: LSTM 10 (58.8%), TD3 (23.6%). Posição Kelly-ótima: 0.5% (vs 3% padrão), ajustada para incerteza 0.83. Retorno esperado ajustado: +2.5% em 10 dias (penalidade regime: 80%, vol: 98%). Meia-vida sinal: 6.3 dias, holding ótimo: 9 dias, probabilidade persistência: 94%. Regime mercado: lateral (tendência: 0.02, vol: 0.16) - condições favoráveis para este tipo de sinal."
UNIP5,"UNIP5 @ $57.98 shows an unclear signal with both BUY (58.0%, needs 1.0pts) and SELL (0.0%, needs 34.0pts) below thresholds. Conviction: 3.4/10 (Weak) - Model agreement: 100%, uncertainty: 1.13σ, stable ensemble. Top contributors: SAC (24.5%), LSTM SR (17.4%). Kelly-optimal position: 0.5% (vs 3% standard), risk-adjusted for 1.13 uncertainty. Regime-adjusted expected return: +2.4% over 10 days (regime penalty: 80%, vol penalty: 92%). Signal half-life: 5.3 days, optimal holding: 8 days, persistence probability: 84%. Market regime: sideways (trend: 0.01, vol: 0.19) - favorable conditions for this signal type.","UNIP5 @ $57.98 sinal incerto: COMPRA (58.0%, precisa 1.0pts) e VENDA (0.0%, precisa 34.0pts) abaixo dos limiares. Convicção: 3.4/10 (Fraco) - Consenso modelos: 100%, incerteza: 1.13σ, ensemble estável. Principais contribuintes: SAC (24.5%), LSTM SR (17.4%). Posição Kelly-ótima: 0.5% (vs 3% padrão), ajustada para incerteza 1.13. Retorno esperado ajustado: +2.4% em 10 dias (penalidade regime: 80%, vol: 92%). Meia-vida sinal: 5.3 dias, holding ótimo: 8 dias, probabilidade persistência: 84%. Regime mercado: lateral (tendência: 0.01, vol: 0.19) - condições favoráveis para este tipo de sinal."
UNIP6,"UNIP6 @ $56.31 SELL signal: 52.0% vs 48.0% threshold (margin: +4.0pts). Conviction: 2.2/10 (Weak) - Model agreement: 52%, uncertainty: 1.69σ, moderate ensemble. Top contributors: LSTM Cla (48.4%), LSTM SR (26.6%). Kelly-optimal position: 0.5% (vs 3% standard), risk-adjusted for 1.69 uncertainty. Regime-adjusted expected return: +2.2% over 10 days (regime penalty: 70%, vol penalty: 100%). Signal half-life: 2.8 days, optimal holding: 4 days, persistence probability: 40%. Market regime: sideways (trend: 0.01, vol: 0.13) - challenging conditions for this signal type.","UNIP6 @ $56.31 sinal VENDA: 52.0% vs limiar 48.0% (margem: +4.0pts). Convicção: 2.2/10 (Fraco) - Consenso modelos: 52%, incerteza: 1.69σ, ensemble moderado. Principais contribuintes: LSTM Cla (48.4%), LSTM SR (26.6%). Posição Kelly-ótima: 0.5% (vs 3% padrão), ajustada para incerteza 1.69. Retorno esperado ajustado: +2.2% em 10 dias (penalidade regime: 70%, vol: 100%). Meia-vida sinal: 2.8 dias, holding ótimo: 4 dias, probabilidade persistência: 40%. Regime mercado: lateral (tendência: 0.01, vol: 0.13) - condições desafiadoras para este tipo de sinal."
USIM3,"USIM3 @ $6.61 BUY signal: 72.0% vs 50.0% threshold (margin: +22.0pts). Conviction: 4.5/10 (Moderate) - Model agreement: 100%, uncertainty: 0.83σ, moderate ensemble. Top contributors: SAC (26.0%), PPO (23.5%). Kelly-optimal position: 0.5% (vs 3% standard), risk-adjusted for 0.83 uncertainty. Regime-adjusted expected return: +1.5% over 10 days (regime penalty: 70%, vol penalty: 68%). Signal half-life: 4.6 days, optimal holding: 7 days, persistence probability: 94%. Market regime: sideways (trend: 0.08, vol: 0.31) - challenging conditions for this signal type.","USIM3 @ $6.61 sinal COMPRA: 72.0% vs limiar 50.0% (margem: +22.0pts). Convicção: 4.5/10 (Moderado) - Consenso modelos: 100%, incerteza: 0.83σ, ensemble moderado. Principais contribuintes: SAC (26.0%), PPO (23.5%). Posição Kelly-ótima: 0.5% (vs 3% padrão), ajustada para incerteza 0.83. Retorno esperado ajustado: +1.5% em 10 dias (penalidade regime: 70%, vol: 68%). Meia-vida sinal: 4.6 dias, holding ótimo: 7 dias, probabilidade persistência: 94%. Regime mercado: lateral (tendência: 0.08, vol: 0.31) - condições desafiadoras para este tipo de sinal."
USIM5,"USIM5 @ $7.09 shows an unclear signal with both BUY (23.0%, needs 49.0pts) and SELL (1.0%, needs 51.0pts) below thresholds. Conviction: 2.9/10 (Weak) - Model agreement: 100%, uncertainty: 6.94σ, moderate ensemble. Top contributors: LSTM 10 (44.4%), LSTM (23.4%). Kelly-optimal position: 0.5% (vs 3% standard), risk-adjusted for 6.94 uncertainty. Regime-adjusted expected return: +1.6% over 10 days (regime penalty: 80%, vol penalty: 62%). Signal half-life: 1.8 days, optimal holding: 3 days, persistence probability: 40%. Market regime: sideways (trend: 0.08, vol: 0.34) - favorable conditions for this signal type.","USIM5 @ $7.09 sinal incerto: COMPRA (23.0%, precisa 49.0pts) e VENDA (1.0%, precisa 51.0pts) abaixo dos limiares. Convicção: 2.9/10 (Fraco) - Consenso modelos: 100%, incerteza: 6.94σ, ensemble moderado. Principais contribuintes: LSTM 10 (44.4%), LSTM (23.4%). Posição Kelly-ótima: 0.5% (vs 3% padrão), ajustada para incerteza 6.94. Retorno esperado ajustado: +1.6% em 10 dias (penalidade regime: 80%, vol: 62%). Meia-vida sinal: 1.8 dias, holding ótimo: 3 dias, probabilidade persistência: 40%. Regime mercado: lateral (tendência: 0.08, vol: 0.34) - condições favoráveis para este tipo de sinal."
UUP  ,"UUP   @ $28.96 BUY signal: 100.0% vs 56.0% threshold (margin: +44.0pts). Conviction: 5.8/10 (Moderate) - Model agreement: 100%, uncertainty: 3.42σ, stable ensemble. Top contributors: TD3 (55.7%), PPO (27.4%). Kelly-optimal position: 0.5% (vs 3% standard), risk-adjusted for 3.42 uncertainty. Regime-adjusted expected return: +2.2% over 10 days (regime penalty: 70%, vol penalty: 100%). Signal half-life: 4.0 days, optimal holding: 6 days, persistence probability: 48%. Market regime: sideways (trend: 0.03, vol: 0.04) - challenging conditions for this signal type.","UUP   @ $28.96 sinal COMPRA: 100.0% vs limiar 56.0% (margem: +44.0pts). Convicção: 5.8/10 (Moderado) - Consenso modelos: 100%, incerteza: 3.42σ, ensemble estável. Principais contribuintes: TD3 (55.7%), PPO (27.4%). Posição Kelly-ótima: 0.5% (vs 3% padrão), ajustada para incerteza 3.42. Retorno esperado ajustado: +2.2% em 10 dias (penalidade regime: 70%, vol: 100%). Meia-vida sinal: 4.0 dias, holding ótimo: 6 dias, probabilidade persistência: 48%. Regime mercado: lateral (tendência: 0.03, vol: 0.04) - condições desafiadoras para este tipo de sinal."
V    ,"V     @ $359.85 shows an unclear signal with both BUY (6.0%, needs 72.0pts) and SELL (3.0%, needs 84.0pts) below thresholds. Conviction: 3.1/10 (Weak) - Model agreement: 22%, uncertainty: 0.20σ, very_unstable ensemble. Top contributors: PPO (77.8%), LSTM (16.2%). Kelly-optimal position: 0.7% (vs 3% standard), risk-adjusted for 0.20 uncertainty. Regime-adjusted expected return: +2.5% over 10 days (regime penalty: 80%, vol penalty: 98%). Signal half-life: 4.9 days, optimal holding: 7 days, persistence probability: 72%. Market regime: sideways (trend: 0.04, vol: 0.16) - favorable conditions for this signal type.","V     @ $359.85 sinal incerto: COMPRA (6.0%, precisa 72.0pts) e VENDA (3.0%, precisa 84.0pts) abaixo dos limiares. Convicção: 3.1/10 (Fraco) - Consenso modelos: 22%, incerteza: 0.20σ, ensemble muito instável. Principais contribuintes: PPO (77.8%), LSTM (16.2%). Posição Kelly-ótima: 0.7% (vs 3% padrão), ajustada para incerteza 0.20. Retorno esperado ajustado: +2.5% em 10 dias (penalidade regime: 80%, vol: 98%). Meia-vida sinal: 4.9 dias, holding ótimo: 7 dias, probabilidade persistência: 72%. Regime mercado: lateral (tendência: 0.04, vol: 0.16) - condições favoráveis para este tipo de sinal."
VALE ,"VALE  @ $13.45 shows an unclear signal with both BUY (60.0%, needs 8.0pts) and SELL (16.0%, needs 34.0pts) below thresholds. Conviction: 3.4/10 (Weak) - Model agreement: 62%, uncertainty: 0.73σ, stable ensemble. Top contributors: SAC (22.0%), TD3 (18.4%). Kelly-optimal position: 0.5% (vs 3% standard), risk-adjusted for 0.73 uncertainty. Regime-adjusted expected return: +1.5% over 10 days (regime penalty: 60%, vol penalty: 80%). Signal half-life: 6.9 days, optimal holding: 10 days, persistence probability: 95%. Market regime: trending (trend: 0.11, vol: 0.25) - challenging conditions for this signal type.","VALE  @ $13.45 sinal incerto: COMPRA (60.0%, precisa 8.0pts) e VENDA (16.0%, precisa 34.0pts) abaixo dos limiares. Convicção: 3.4/10 (Fraco) - Consenso modelos: 62%, incerteza: 0.73σ, ensemble estável. Principais contribuintes: SAC (22.0%), TD3 (18.4%). Posição Kelly-ótima: 0.5% (vs 3% padrão), ajustada para incerteza 0.73. Retorno esperado ajustado: +1.5% em 10 dias (penalidade regime: 60%, vol: 80%). Meia-vida sinal: 6.9 dias, holding ótimo: 10 dias, probabilidade persistência: 95%. Regime mercado: tendencial (tendência: 0.11, vol: 0.25) - condições desafiadoras para este tipo de sinal."
VALE3,"VALE3 @ $70.30 BUY signal: 56.0% vs 37.0% threshold (margin: +19.0pts). Conviction: 3.9/10 (Moderate) - Model agreement: 69%, uncertainty: 24.76σ, stable ensemble. Top contributors: LSTM (36.3%), SAC (24.8%). Kelly-optimal position: 0.5% (vs 3% standard), risk-adjusted for 24.76 uncertainty. Regime-adjusted expected return: +2.0% over 10 days (regime penalty: 70%, vol penalty: 88%). Signal half-life: 2.9 days, optimal holding: 4 days, persistence probability: 48%. Market regime: sideways (trend: 0.09, vol: 0.21) - challenging conditions for this signal type.","VALE3 @ $70.30 sinal COMPRA: 56.0% vs limiar 37.0% (margem: +19.0pts). Convicção: 3.9/10 (Moderado) - Consenso modelos: 69%, incerteza: 24.76σ, ensemble estável. Principais contribuintes: LSTM (36.3%), SAC (24.8%). Posição Kelly-ótima: 0.5% (vs 3% padrão), ajustada para incerteza 24.76. Retorno esperado ajustado: +2.0% em 10 dias (penalidade regime: 70%, vol: 88%). Meia-vida sinal: 2.9 dias, holding ótimo: 4 dias, probabilidade persistência: 48%. Regime mercado: lateral (tendência: 0.09, vol: 0.21) - condições desafiadoras para este tipo de sinal."
WEGE3,"WEGE3 @ $49.56 BUY signal: 80.0% vs 38.0% threshold (margin: +42.0pts). Conviction: 5.7/10 (Moderate) - Model agreement: 100%, uncertainty: 2.18σ, stable ensemble. Top contributors: LSTM 10 (30.2%), TD3 (22.1%). Kelly-optimal position: 0.5% (vs 3% standard), risk-adjusted for 2.18 uncertainty. Regime-adjusted expected return: +2.1% over 10 days (regime penalty: 70%, vol penalty: 92%). Signal half-life: 3.1 days, optimal holding: 5 days, persistence probability: 48%. Market regime: sideways (trend: 0.04, vol: 0.19) - challenging conditions for this signal type.","WEGE3 @ $49.56 sinal COMPRA: 80.0% vs limiar 38.0% (margem: +42.0pts). Convicção: 5.7/10 (Moderado) - Consenso modelos: 100%, incerteza: 2.18σ, ensemble estável. Principais contribuintes: LSTM 10 (30.2%), TD3 (22.1%). Posição Kelly-ótima: 0.5% (vs 3% padrão), ajustada para incerteza 2.18. Retorno esperado ajustado: +2.1% em 10 dias (penalidade regime: 70%, vol: 92%). Meia-vida sinal: 3.1 dias, holding ótimo: 5 dias, probabilidade persistência: 48%. Regime mercado: lateral (tendência: 0.04, vol: 0.19) - condições desafiadoras para este tipo de sinal."
