Portfolio,Stock,Weight_Pct,Return_Pct,Sharpe_Ratio,Risk_Volatility_Pct,Risk_MaxDrawdown_Pct
High Risk All,AEP,20.64,315.8,2.14,76.9,52.1
High Risk All,JNJ,12.3,668.5,2.74,73.8,41.8
High Risk All,AMZN,12.16,546.9,2.03,280.5,100.0
High Risk All,PRIO3,11.39,307.8,1.87,68.7,50.5
High Risk All,CRM,10.06,323.9,1.64,267.4,100.0
High Risk All,BPAC11,8.83,349.9,2.08,80.4,54.6
High Risk All,VALE3,7.06,519.2,3.5,51.0,41.2
High Risk All,JPM,6.49,758.5,2.1,367.6,100.0
High Risk All,GOOGL,6.16,1603.8,2.69,120.0,75.7
High Risk All,GOOG,4.9,1163.9,2.39,118.4,76.0
Medium Risk All,GOOGL,23.48,1603.8,2.69,120.0,75.7
Medium Risk All,JNJ,14.29,668.5,2.74,73.8,41.8
Medium Risk All,GOOG,12.24,1163.9,2.39,118.4,76.0
Medium Risk All,PETR4,10.12,283.1,2.51,43.9,37.8
Medium Risk All,ELET3,8.97,292.7,2.06,42.2,32.6
Medium Risk All,ELET6,8.97,303.6,1.81,51.7,37.4
Medium Risk All,WEGE3,5.77,246.7,2.4,49.7,42.7
Medium Risk All,VALE3,5.53,519.2,3.5,51.0,41.2
Medium Risk All,CPFE3,5.39,283.2,3.39,45.3,43.9
Medium Risk All,AEP,5.24,315.8,2.14,76.9,52.1
Low Risk All,BRSR6,38.84,78.3,2.92,23.1,30.3
Low Risk All,GOOGL,11.23,1603.8,2.69,120.0,75.7
Low Risk All,JNJ,11.1,668.5,2.74,73.8,41.8
Low Risk All,EBR,9.25,50.8,2.49,13.8,10.1
Low Risk All,ELET3,9.25,292.7,2.06,42.2,32.6
Low Risk All,PBR-A,6.12,105.4,2.64,26.2,28.3
Low Risk All,BRAP4,4.23,127.4,2.73,28.2,26.2
Low Risk All,CPFE3,3.7,283.2,3.39,45.3,43.9
Low Risk All,PETR4,3.4,283.1,2.51,43.9,37.8
Low Risk All,VALE3,2.9,519.2,3.5,51.0,41.2
High Risk Brazilian,BPAC3,28.25,154.4,1.98,71.8,81.8
High Risk Brazilian,BPAC11,21.75,349.9,2.08,80.4,54.6
High Risk Brazilian,ELET6,11.69,303.6,1.81,51.7,37.4
High Risk Brazilian,ELET3,11.69,292.7,2.06,42.2,32.6
High Risk Brazilian,SIMH3,5.81,119.0,2.35,47.8,63.9
High Risk Brazilian,CPFE3,5.19,283.2,3.39,45.3,43.9
High Risk Brazilian,WEGE3,5.0,246.7,2.4,49.7,42.7
High Risk Brazilian,VALE3,4.61,519.2,3.5,51.0,41.2
High Risk Brazilian,PETR4,3.33,283.1,2.51,43.9,37.8
High Risk Brazilian,PRIO3,2.68,307.8,1.87,68.7,50.5
Medium Risk Brazilian,BRSR6,37.44,78.3,2.92,23.1,30.3
Medium Risk Brazilian,BPAC11,12.56,349.9,2.08,80.4,54.6
Medium Risk Brazilian,ELET3,11.78,292.7,2.06,42.2,32.6
Medium Risk Brazilian,ELET6,11.78,303.6,1.81,51.7,37.4
Medium Risk Brazilian,BRAP4,5.97,127.4,2.73,28.2,26.2
Medium Risk Brazilian,WEGE3,5.05,246.7,2.4,49.7,42.7
Medium Risk Brazilian,CPFE3,5.0,283.2,3.39,45.3,43.9
Medium Risk Brazilian,VALE3,4.21,519.2,3.5,51.0,41.2
Medium Risk Brazilian,PETR4,3.37,283.1,2.51,43.9,37.8
Medium Risk Brazilian,PRIO3,2.83,307.8,1.87,68.7,50.5
Low Risk Brazilian,BRSR6,50.0,78.3,2.92,23.1,30.3
Low Risk Brazilian,ELET3,22.7,292.7,2.06,42.2,32.6
Low Risk Brazilian,TASA4,6.14,45.4,2.06,16.7,17.4
Low Risk Brazilian,CPFE3,5.87,283.2,3.39,45.3,43.9
Low Risk Brazilian,USIM3,4.85,58.0,2.45,20.3,33.6
Low Risk Brazilian,GOAU4,4.19,49.1,2.25,16.3,19.5
Low Risk Brazilian,LEVE3,1.88,116.3,2.0,33.7,21.1
Low Risk Brazilian,BRAP4,1.78,127.4,2.73,28.2,26.2
Low Risk Brazilian,PETR4,1.4,283.1,2.51,43.9,37.8
Low Risk Brazilian,VALE3,1.2,519.2,3.5,51.0,41.2
High Risk International,CRM,15.87,323.9,1.64,267.4,100.0
High Risk International,JNJ,12.93,668.5,2.74,73.8,41.8
High Risk International,AEP,12.93,315.8,2.14,76.9,52.1
High Risk International,DUK,12.93,164.2,1.94,151.7,90.0
High Risk International,KO,10.37,219.1,2.04,51.7,29.9
High Risk International,JPM,9.52,758.5,2.1,367.6,100.0
High Risk International,AMZN,9.02,546.9,2.03,280.5,100.0
High Risk International,GOOGL,8.21,1603.8,2.69,120.0,75.7
High Risk International,GOOG,6.8,1163.9,2.39,118.4,76.0
High Risk International,AAPL,1.43,210.5,1.73,203.7,95.7
Medium Risk International,GOOGL,23.45,1603.8,2.69,120.0,75.7
Medium Risk International,KO,17.65,219.1,2.04,51.7,29.9
Medium Risk International,PBR-A,17.65,105.4,2.64,26.2,28.3
Medium Risk International,EBR,12.36,50.8,2.49,13.8,10.1
Medium Risk International,JNJ,11.76,668.5,2.74,73.8,41.8
Medium Risk International,AEP,11.17,315.8,2.14,76.9,52.1
Medium Risk International,GOOG,5.97,1163.9,2.39,118.4,76.0
Low Risk International,KO,17.65,219.1,2.04,51.7,29.9
Low Risk International,GOOGL,17.2,1603.8,2.69,120.0,75.7
Low Risk International,GOOG,12.21,1163.9,2.39,118.4,76.0
Low Risk International,JNJ,11.76,668.5,2.74,73.8,41.8
Low Risk International,EBR,9.17,50.8,2.49,13.8,10.1
Low Risk International,ELP,9.17,45.3,1.61,13.5,9.8
Low Risk International,PBR-A,8.82,105.4,2.64,26.2,28.3
Low Risk International,ABEV,8.82,12.4,1.65,6.0,5.6
Low Risk International,AEP,5.2,315.8,2.14,76.9,52.1
High Risk All 3,JPM,58.33,758.5,2.1,367.6,100.0
High Risk All 3,GOOGL,20.83,1603.8,2.69,120.0,75.7
High Risk All 3,GOOG,20.83,1163.9,2.39,118.4,76.0
High Risk Brazilian 3,BPAC11,70.0,349.9,2.08,80.4,54.6
High Risk Brazilian 3,VALE3,15.0,519.2,3.5,51.0,41.2
High Risk Brazilian 3,PRIO3,15.0,307.8,1.87,68.7,50.5
High Risk International 3,JPM,58.33,758.5,2.1,367.6,100.0
High Risk International 3,GOOGL,20.83,1603.8,2.69,120.0,75.7
High Risk International 3,GOOG,20.83,1163.9,2.39,118.4,76.0
Medium Risk All 3,GOOGL,35.93,1603.8,2.69,120.0,75.7
Medium Risk All 3,GOOG,35.49,1163.9,2.39,118.4,76.0
Medium Risk All 3,JNJ,28.57,668.5,2.74,73.8,41.8
Medium Risk Brazilian 3,CPFE3,57.14,283.2,3.39,45.3,43.9
Medium Risk Brazilian 3,VALE3,21.43,519.2,3.5,51.0,41.2
Medium Risk Brazilian 3,PETR4,21.43,283.1,2.51,43.9,37.8
Medium Risk International 3,GOOGL,35.93,1603.8,2.69,120.0,75.7
Medium Risk International 3,GOOG,35.49,1163.9,2.39,118.4,76.0
Medium Risk International 3,JNJ,28.57,668.5,2.74,73.8,41.8
Low Risk All 3,GOOGL,50.0,1603.8,2.69,120.0,75.7
Low Risk All 3,VALE3,30.0,519.2,3.5,51.0,41.2
Low Risk All 3,JNJ,20.0,668.5,2.74,73.8,41.8
Low Risk Brazilian 3,CPFE3,57.14,283.2,3.39,45.3,43.9
Low Risk Brazilian 3,VALE3,21.43,519.2,3.5,51.0,41.2
Low Risk Brazilian 3,BRAP4,21.43,127.4,2.73,28.2,26.2
Low Risk International 3,GOOGL,50.0,1603.8,2.69,120.0,75.7
Low Risk International 3,PBR-A,30.0,105.4,2.64,26.2,28.3
Low Risk International 3,JNJ,20.0,668.5,2.74,73.8,41.8
High Risk All 5,JPM,40.0,758.5,2.1,367.6,100.0
High Risk All 5,AMZN,18.0,546.9,2.03,280.5,100.0
High Risk All 5,GOOGL,16.41,1603.8,2.69,120.0,75.7
High Risk All 5,GOOG,13.59,1163.9,2.39,118.4,76.0
High Risk All 5,JNJ,12.0,668.5,2.74,73.8,41.8
High Risk Brazilian 5,BPAC11,50.0,349.9,2.08,80.4,54.6
High Risk Brazilian 5,ELET6,14.31,303.6,1.81,51.7,37.4
High Risk Brazilian 5,CPFE3,14.27,283.2,3.39,45.3,43.9
High Risk Brazilian 5,VALE3,12.97,519.2,3.5,51.0,41.2
High Risk Brazilian 5,PRIO3,8.46,307.8,1.87,68.7,50.5
High Risk International 5,JPM,40.0,758.5,2.1,367.6,100.0
High Risk International 5,AMZN,18.0,546.9,2.03,280.5,100.0
High Risk International 5,GOOGL,16.41,1603.8,2.69,120.0,75.7
High Risk International 5,GOOG,13.59,1163.9,2.39,118.4,76.0
High Risk International 5,JNJ,12.0,668.5,2.74,73.8,41.8
Medium Risk All 5,CPFE3,28.57,283.2,3.39,45.3,43.9
Medium Risk All 5,VALE3,21.43,519.2,3.5,51.0,41.2
Medium Risk All 5,GOOGL,20.6,1603.8,2.69,120.0,75.7
Medium Risk All 5,GOOG,15.11,1163.9,2.39,118.4,76.0
Medium Risk All 5,JNJ,14.29,668.5,2.74,73.8,41.8
Medium Risk Brazilian 5,ELET3,32.8,292.7,2.06,42.2,32.6
Medium Risk Brazilian 5,CPFE3,24.34,283.2,3.39,45.3,43.9
Medium Risk Brazilian 5,WEGE3,14.8,246.7,2.4,49.7,42.7
Medium Risk Brazilian 5,VALE3,14.67,519.2,3.5,51.0,41.2
Medium Risk Brazilian 5,PETR4,13.39,283.1,2.51,43.9,37.8
Medium Risk International 5,AEP,28.57,315.8,2.14,76.9,52.1
Medium Risk International 5,KO,21.43,219.1,2.04,51.7,29.9
Medium Risk International 5,GOOGL,19.69,1603.8,2.69,120.0,75.7
Medium Risk International 5,GOOG,16.02,1163.9,2.39,118.4,76.0
Medium Risk International 5,JNJ,14.29,668.5,2.74,73.8,41.8
Low Risk All 5,GOOGL,35.71,1603.8,2.69,120.0,75.7
Low Risk All 5,CPFE3,28.57,283.2,3.39,45.3,43.9
Low Risk All 5,JNJ,14.29,668.5,2.74,73.8,41.8
Low Risk All 5,BRAP4,10.74,127.4,2.73,28.2,26.2
Low Risk All 5,VALE3,10.69,519.2,3.5,51.0,41.2
Low Risk Brazilian 5,BRSR6,50.0,78.3,2.92,23.1,30.3
Low Risk Brazilian 5,ELET3,18.27,292.7,2.06,42.2,32.6
Low Risk Brazilian 5,BRAP4,13.13,127.4,2.73,28.2,26.2
Low Risk Brazilian 5,CPFE3,10.3,283.2,3.39,45.3,43.9
Low Risk Brazilian 5,VALE3,8.3,519.2,3.5,51.0,41.2
Low Risk International 5,EBR,28.57,50.8,2.49,13.8,10.1
Low Risk International 5,PBR-A,21.43,105.4,2.64,26.2,28.3
Low Risk International 5,GOOGL,19.83,1603.8,2.69,120.0,75.7
Low Risk International 5,GOOG,15.89,1163.9,2.39,118.4,76.0
Low Risk International 5,JNJ,14.29,668.5,2.74,73.8,41.8
High Risk All 10,AEP,20.64,315.8,2.14,76.9,52.1
High Risk All 10,JNJ,12.3,668.5,2.74,73.8,41.8
High Risk All 10,AMZN,12.16,546.9,2.03,280.5,100.0
High Risk All 10,PRIO3,11.39,307.8,1.87,68.7,50.5
High Risk All 10,CRM,10.06,323.9,1.64,267.4,100.0
High Risk All 10,BPAC11,8.83,349.9,2.08,80.4,54.6
High Risk All 10,VALE3,7.06,519.2,3.5,51.0,41.2
High Risk All 10,JPM,6.49,758.5,2.1,367.6,100.0
High Risk All 10,GOOGL,6.16,1603.8,2.69,120.0,75.7
High Risk All 10,GOOG,4.9,1163.9,2.39,118.4,76.0
High Risk Brazilian 10,BPAC3,28.25,154.4,1.98,71.8,81.8
High Risk Brazilian 10,BPAC11,21.75,349.9,2.08,80.4,54.6
High Risk Brazilian 10,ELET6,11.69,303.6,1.81,51.7,37.4
High Risk Brazilian 10,ELET3,11.69,292.7,2.06,42.2,32.6
High Risk Brazilian 10,SIMH3,5.81,119.0,2.35,47.8,63.9
High Risk Brazilian 10,CPFE3,5.19,283.2,3.39,45.3,43.9
High Risk Brazilian 10,WEGE3,5.0,246.7,2.4,49.7,42.7
High Risk Brazilian 10,VALE3,4.61,519.2,3.5,51.0,41.2
High Risk Brazilian 10,PETR4,3.33,283.1,2.51,43.9,37.8
High Risk Brazilian 10,PRIO3,2.68,307.8,1.87,68.7,50.5
High Risk International 10,CRM,15.87,323.9,1.64,267.4,100.0
High Risk International 10,JNJ,12.93,668.5,2.74,73.8,41.8
High Risk International 10,AEP,12.93,315.8,2.14,76.9,52.1
High Risk International 10,DUK,12.93,164.2,1.94,151.7,90.0
High Risk International 10,KO,10.37,219.1,2.04,51.7,29.9
High Risk International 10,JPM,9.52,758.5,2.1,367.6,100.0
High Risk International 10,AMZN,9.02,546.9,2.03,280.5,100.0
High Risk International 10,GOOGL,8.21,1603.8,2.69,120.0,75.7
High Risk International 10,GOOG,6.8,1163.9,2.39,118.4,76.0
High Risk International 10,AAPL,1.43,210.5,1.73,203.7,95.7
Medium Risk All 10,GOOGL,23.48,1603.8,2.69,120.0,75.7
Medium Risk All 10,JNJ,14.29,668.5,2.74,73.8,41.8
Medium Risk All 10,GOOG,12.24,1163.9,2.39,118.4,76.0
Medium Risk All 10,PETR4,10.12,283.1,2.51,43.9,37.8
Medium Risk All 10,ELET3,8.97,292.7,2.06,42.2,32.6
Medium Risk All 10,ELET6,8.97,303.6,1.81,51.7,37.4
Medium Risk All 10,WEGE3,5.77,246.7,2.4,49.7,42.7
Medium Risk All 10,VALE3,5.53,519.2,3.5,51.0,41.2
Medium Risk All 10,CPFE3,5.39,283.2,3.39,45.3,43.9
Medium Risk All 10,AEP,5.24,315.8,2.14,76.9,52.1
Medium Risk Brazilian 10,BRSR6,37.44,78.3,2.92,23.1,30.3
Medium Risk Brazilian 10,BPAC11,12.56,349.9,2.08,80.4,54.6
Medium Risk Brazilian 10,ELET3,11.78,292.7,2.06,42.2,32.6
Medium Risk Brazilian 10,ELET6,11.78,303.6,1.81,51.7,37.4
Medium Risk Brazilian 10,BRAP4,5.97,127.4,2.73,28.2,26.2
Medium Risk Brazilian 10,WEGE3,5.05,246.7,2.4,49.7,42.7
Medium Risk Brazilian 10,CPFE3,5.0,283.2,3.39,45.3,43.9
Medium Risk Brazilian 10,VALE3,4.21,519.2,3.5,51.0,41.2
Medium Risk Brazilian 10,PETR4,3.37,283.1,2.51,43.9,37.8
Medium Risk Brazilian 10,PRIO3,2.83,307.8,1.87,68.7,50.5
Medium Risk International 10,GOOGL,23.45,1603.8,2.69,120.0,75.7
Medium Risk International 10,KO,17.65,219.1,2.04,51.7,29.9
Medium Risk International 10,PBR-A,17.65,105.4,2.64,26.2,28.3
Medium Risk International 10,EBR,12.36,50.8,2.49,13.8,10.1
Medium Risk International 10,JNJ,11.76,668.5,2.74,73.8,41.8
Medium Risk International 10,AEP,11.17,315.8,2.14,76.9,52.1
Medium Risk International 10,GOOG,5.97,1163.9,2.39,118.4,76.0
Low Risk All 10,BRSR6,38.84,78.3,2.92,23.1,30.3
Low Risk All 10,GOOGL,11.23,1603.8,2.69,120.0,75.7
Low Risk All 10,JNJ,11.1,668.5,2.74,73.8,41.8
Low Risk All 10,EBR,9.25,50.8,2.49,13.8,10.1
Low Risk All 10,ELET3,9.25,292.7,2.06,42.2,32.6
Low Risk All 10,PBR-A,6.12,105.4,2.64,26.2,28.3
Low Risk All 10,BRAP4,4.23,127.4,2.73,28.2,26.2
Low Risk All 10,CPFE3,3.7,283.2,3.39,45.3,43.9
Low Risk All 10,PETR4,3.4,283.1,2.51,43.9,37.8
Low Risk All 10,VALE3,2.9,519.2,3.5,51.0,41.2
Low Risk Brazilian 10,BRSR6,50.0,78.3,2.92,23.1,30.3
Low Risk Brazilian 10,ELET3,22.7,292.7,2.06,42.2,32.6
Low Risk Brazilian 10,TASA4,6.14,45.4,2.06,16.7,17.4
Low Risk Brazilian 10,CPFE3,5.87,283.2,3.39,45.3,43.9
Low Risk Brazilian 10,USIM3,4.85,58.0,2.45,20.3,33.6
Low Risk Brazilian 10,GOAU4,4.19,49.1,2.25,16.3,19.5
Low Risk Brazilian 10,LEVE3,1.88,116.3,2.0,33.7,21.1
Low Risk Brazilian 10,BRAP4,1.78,127.4,2.73,28.2,26.2
Low Risk Brazilian 10,PETR4,1.4,283.1,2.51,43.9,37.8
Low Risk Brazilian 10,VALE3,1.2,519.2,3.5,51.0,41.2
Low Risk International 10,KO,17.65,219.1,2.04,51.7,29.9
Low Risk International 10,GOOGL,17.2,1603.8,2.69,120.0,75.7
Low Risk International 10,GOOG,12.21,1163.9,2.39,118.4,76.0
Low Risk International 10,JNJ,11.76,668.5,2.74,73.8,41.8
Low Risk International 10,EBR,9.17,50.8,2.49,13.8,10.1
Low Risk International 10,ELP,9.17,45.3,1.61,13.5,9.8
Low Risk International 10,PBR-A,8.82,105.4,2.64,26.2,28.3
Low Risk International 10,ABEV,8.82,12.4,1.65,6.0,5.6
Low Risk International 10,AEP,5.2,315.8,2.14,76.9,52.1
High Risk All 20,KO,12.52,219.1,2.04,51.7,29.9
High Risk All 20,BPAC3,10.02,154.4,1.98,71.8,81.8
High Risk All 20,JNJ,9.0,668.5,2.74,73.8,41.8
High Risk All 20,PETR4,8.6,283.1,2.51,43.9,37.8
High Risk All 20,CRM,6.68,323.9,1.64,267.4,100.0
High Risk All 20,AMZN,5.79,546.9,2.03,280.5,100.0
High Risk All 20,WEGE3,5.77,246.7,2.4,49.7,42.7
High Risk All 20,ELET6,5.55,303.6,1.81,51.7,37.4
High Risk All 20,ELET3,5.55,292.7,2.06,42.2,32.6
High Risk All 20,DUK,5.55,164.2,1.94,151.7,90.0
High Risk All 20,AEP,5.39,315.8,2.14,76.9,52.1
High Risk All 20,BPAC11,4.55,349.9,2.08,80.4,54.6
High Risk All 20,VALE3,3.77,519.2,3.5,51.0,41.2
High Risk All 20,JPM,2.53,758.5,2.1,367.6,100.0
High Risk All 20,GOOGL,2.44,1603.8,2.69,120.0,75.7
High Risk All 20,CPFE3,2.35,283.2,3.39,45.3,43.9
High Risk All 20,GOOG,1.97,1163.9,2.39,118.4,76.0
High Risk All 20,NVDA,1.04,156.4,1.5,331.4,100.0
High Risk All 20,AAPL,0.75,210.5,1.73,203.7,95.7
High Risk All 20,PRIO3,0.17,307.8,1.87,68.7,50.5
High Risk Brazilian 20,BRSR5,20.72,76.8,1.96,42.1,22.2
High Risk Brazilian 20,BRSR6,15.74,78.3,2.92,23.1,30.3
High Risk Brazilian 20,MGLU3,14.61,50.6,2.05,50.2,67.2
High Risk Brazilian 20,ELET6,7.35,303.6,1.81,51.7,37.4
High Risk Brazilian 20,ELET3,7.35,292.7,2.06,42.2,32.6
High Risk Brazilian 20,NEOE3,7.35,89.0,1.64,27.1,23.5
High Risk Brazilian 20,USIM3,7.25,58.0,2.45,20.3,33.6
High Risk Brazilian 20,BPAC3,4.11,154.4,1.98,71.8,81.8
High Risk Brazilian 20,BPAC11,2.13,349.9,2.08,80.4,54.6
High Risk Brazilian 20,BRAP4,1.9,127.4,2.73,28.2,26.2
High Risk Brazilian 20,LEVE3,1.8,116.3,2.0,33.7,21.1
High Risk Brazilian 20,SIMH3,1.73,119.0,2.35,47.8,63.9
High Risk Brazilian 20,PETR4,1.55,283.1,2.51,43.9,37.8
High Risk Brazilian 20,PRIO3,1.4,307.8,1.87,68.7,50.5
High Risk Brazilian 20,VALE3,1.4,519.2,3.5,51.0,41.2
High Risk Brazilian 20,CPFE3,1.35,283.2,3.39,45.3,43.9
High Risk Brazilian 20,WEGE3,1.26,246.7,2.4,49.7,42.7
High Risk Brazilian 20,TAEE11,0.99,144.2,1.96,41.2,33.5
High Risk International 20,PBR-A,18.3,105.4,2.64,26.2,28.3
High Risk International 20,JNJ,12.2,668.5,2.74,73.8,41.8
High Risk International 20,AEP,12.2,315.8,2.14,76.9,52.1
High Risk International 20,DUK,12.2,164.2,1.94,151.7,90.0
High Risk International 20,KO,11.78,219.1,2.04,51.7,29.9
High Risk International 20,CRM,9.31,323.9,1.64,267.4,100.0
High Risk International 20,AMZN,6.52,546.9,2.03,280.5,100.0
High Risk International 20,JPM,5.44,758.5,2.1,367.6,100.0
High Risk International 20,GOOGL,4.37,1603.8,2.69,120.0,75.7
High Risk International 20,GOOG,3.57,1163.9,2.39,118.4,76.0
High Risk International 20,NVDA,2.49,156.4,1.5,331.4,100.0
High Risk International 20,AAPL,1.61,210.5,1.73,203.7,95.7
Medium Risk All 20,BRSR6,32.58,78.3,2.92,23.1,30.3
Medium Risk All 20,KO,12.53,219.1,2.04,51.7,29.9
Medium Risk All 20,ELET3,7.75,292.7,2.06,42.2,32.6
Medium Risk All 20,ELET6,7.75,303.6,1.81,51.7,37.4
Medium Risk All 20,JNJ,7.06,668.5,2.74,73.8,41.8
Medium Risk All 20,BPAC11,4.5,349.9,2.08,80.4,54.6
Medium Risk All 20,USIM3,3.9,58.0,2.45,20.3,33.6
Medium Risk All 20,GOOGL,3.44,1603.8,2.69,120.0,75.7
Medium Risk All 20,PRIO3,2.96,307.8,1.87,68.7,50.5
Medium Risk All 20,GOOG,2.81,1163.9,2.39,118.4,76.0
Medium Risk All 20,AEP,2.49,315.8,2.14,76.9,52.1
Medium Risk All 20,CPFE3,1.75,283.2,3.39,45.3,43.9
Medium Risk All 20,PBR-A,1.71,105.4,2.64,26.2,28.3
Medium Risk All 20,BRAP4,1.51,127.4,2.73,28.2,26.2
Medium Risk All 20,LEVE3,1.48,116.3,2.0,33.7,21.1
Medium Risk All 20,TAEE11,1.45,144.2,1.96,41.2,33.5
Medium Risk All 20,PETR4,1.39,283.1,2.51,43.9,37.8
Medium Risk All 20,SIMH3,1.09,119.0,2.35,47.8,63.9
Medium Risk All 20,VALE3,1.01,519.2,3.5,51.0,41.2
Medium Risk All 20,WEGE3,0.83,246.7,2.4,49.7,42.7
Medium Risk Brazilian 20,BRSR6,20.74,78.3,2.92,23.1,30.3
Medium Risk Brazilian 20,MGLU3,17.65,50.6,2.05,50.2,67.2
Medium Risk Brazilian 20,BRSR5,15.44,76.8,1.96,42.1,22.2
Medium Risk Brazilian 20,ELET3,10.39,292.7,2.06,42.2,32.6
Medium Risk Brazilian 20,ELET6,10.39,303.6,1.81,51.7,37.4
Medium Risk Brazilian 20,USIM3,4.58,58.0,2.45,20.3,33.6
Medium Risk Brazilian 20,TASA4,3.36,45.4,2.06,16.7,17.4
Medium Risk Brazilian 20,GOAU4,3.05,49.1,2.25,16.3,19.5
Medium Risk Brazilian 20,BPAC11,2.83,349.9,2.08,80.4,54.6
Medium Risk Brazilian 20,BPAC3,2.16,154.4,1.98,71.8,81.8
Medium Risk Brazilian 20,CPFE3,1.57,283.2,3.39,45.3,43.9
Medium Risk Brazilian 20,LEVE3,1.2,116.3,2.0,33.7,21.1
Medium Risk Brazilian 20,TAEE11,1.17,144.2,1.96,41.2,33.5
Medium Risk Brazilian 20,BRAP4,1.12,127.4,2.73,28.2,26.2
Medium Risk Brazilian 20,SIMH3,0.99,119.0,2.35,47.8,63.9
Medium Risk Brazilian 20,PETR4,0.93,283.1,2.51,43.9,37.8
Medium Risk Brazilian 20,PRIO3,0.83,307.8,1.87,68.7,50.5
Medium Risk Brazilian 20,VALE3,0.79,519.2,3.5,51.0,41.2
Medium Risk Brazilian 20,WEGE3,0.68,246.7,2.4,49.7,42.7
Medium Risk Brazilian 20,EALT3,0.1,38.7,2.36,30.1,31.8
Medium Risk International 20,GOOGL,23.45,1603.8,2.69,120.0,75.7
Medium Risk International 20,KO,17.65,219.1,2.04,51.7,29.9
Medium Risk International 20,PBR-A,17.65,105.4,2.64,26.2,28.3
Medium Risk International 20,EBR,12.36,50.8,2.49,13.8,10.1
Medium Risk International 20,JNJ,11.76,668.5,2.74,73.8,41.8
Medium Risk International 20,AEP,11.17,315.8,2.14,76.9,52.1
Medium Risk International 20,GOOG,5.97,1163.9,2.39,118.4,76.0
Low Risk All 20,BRSR6,26.87,78.3,2.92,23.1,30.3
Low Risk All 20,BRSR5,12.23,76.8,1.96,42.1,22.2
Low Risk All 20,KO,12.07,219.1,2.04,51.7,29.9
Low Risk All 20,EBR,5.31,50.8,2.49,13.8,10.1
Low Risk All 20,ELET3,5.31,292.7,2.06,42.2,32.6
Low Risk All 20,CPLE6,5.31,51.8,1.87,16.0,11.2
Low Risk All 20,NEOE3,5.31,89.0,1.64,27.1,23.5
Low Risk All 20,JNJ,5.28,668.5,2.74,73.8,41.8
Low Risk All 20,EALT3,3.57,38.7,2.36,30.1,31.8
Low Risk All 20,TASA4,3.2,45.4,2.06,16.7,17.4
Low Risk All 20,GOOGL,2.51,1603.8,2.69,120.0,75.7
Low Risk All 20,GOAU4,2.2,49.1,2.25,16.3,19.5
Low Risk All 20,USIM3,2.2,58.0,2.45,20.3,33.6
Low Risk All 20,GOOG,1.96,1163.9,2.39,118.4,76.0
Low Risk All 20,PBR-A,1.58,105.4,2.64,26.2,28.3
Low Risk All 20,LEVE3,1.21,116.3,2.0,33.7,21.1
Low Risk All 20,PETR4,1.11,283.1,2.51,43.9,37.8
Low Risk All 20,CPFE3,1.08,283.2,3.39,45.3,43.9
Low Risk All 20,BRAP4,0.99,127.4,2.73,28.2,26.2
Low Risk All 20,VALE3,0.69,519.2,3.5,51.0,41.2
Low Risk Brazilian 20,CPFE3,28.57,283.2,3.39,45.3,43.9
Low Risk Brazilian 20,BRSR5,22.78,76.8,1.96,42.1,22.2
Low Risk Brazilian 20,BRSR6,20.3,78.3,2.92,23.1,30.3
Low Risk Brazilian 20,ITSA4,6.92,51.9,1.56,21.4,18.8
Low Risk Brazilian 20,TASA4,5.45,45.4,2.06,16.7,17.4
Low Risk Brazilian 20,USIM3,4.82,58.0,2.45,20.3,33.6
Low Risk Brazilian 20,GOAU4,3.48,49.1,2.25,16.3,19.5
Low Risk Brazilian 20,PETR4,2.02,283.1,2.51,43.9,37.8
Low Risk Brazilian 20,LEVE3,1.76,116.3,2.0,33.7,21.1
Low Risk Brazilian 20,BRAP4,1.63,127.4,2.73,28.2,26.2
Low Risk Brazilian 20,VALE3,1.19,519.2,3.5,51.0,41.2
Low Risk Brazilian 20,WEGE3,1.08,246.7,2.4,49.7,42.7
Low Risk International 20,KO,17.65,219.1,2.04,51.7,29.9
Low Risk International 20,GOOGL,17.2,1603.8,2.69,120.0,75.7
Low Risk International 20,GOOG,12.21,1163.9,2.39,118.4,76.0
Low Risk International 20,JNJ,11.76,668.5,2.74,73.8,41.8
Low Risk International 20,EBR,9.17,50.8,2.49,13.8,10.1
Low Risk International 20,ELP,9.17,45.3,1.61,13.5,9.8
Low Risk International 20,PBR-A,8.82,105.4,2.64,26.2,28.3
Low Risk International 20,ABEV,8.82,12.4,1.65,6.0,5.6
Low Risk International 20,AEP,5.2,315.8,2.14,76.9,52.1
Sector Technology All,GOOGL,19.36,1603.8,2.69,120.0,75.7
Sector Technology All,GOOG,19.36,1163.9,2.39,118.4,76.0
Sector Technology All,CRM,19.36,323.9,1.64,267.4,100.0
Sector Technology All,NVDA,19.36,156.4,1.5,331.4,100.0
Sector Technology All,AAPL,18.27,210.5,1.73,203.7,95.7
Sector Technology All,META,4.29,-97.8,-0.73,254.8,100.0
Sector Technology International,GOOGL,19.36,1603.8,2.69,120.0,75.7
Sector Technology International,GOOG,19.36,1163.9,2.39,118.4,76.0
Sector Technology International,CRM,19.36,323.9,1.64,267.4,100.0
Sector Technology International,NVDA,19.36,156.4,1.5,331.4,100.0
Sector Technology International,AAPL,18.27,210.5,1.73,203.7,95.7
Sector Technology International,META,4.29,-97.8,-0.73,254.8,100.0
Sector Finances All,BRSR6,18.69,78.3,2.92,23.1,30.3
Sector Finances All,BRSR5,18.69,76.8,1.96,42.1,22.2
Sector Finances All,BPAN4,18.69,52.3,1.54,21.9,16.8
Sector Finances All,ITSA4,9.33,51.9,1.56,21.4,18.8
Sector Finances All,BPAC3,8.63,154.4,1.98,71.8,81.8
Sector Finances All,BBDC3,6.96,61.6,1.42,26.9,28.3
Sector Finances All,BPAC5,5.95,86.2,1.23,45.9,38.5
Sector Finances All,ITUB4,5.24,95.1,1.36,49.5,45.6
Sector Finances All,JPM,4.53,758.5,2.1,367.6,100.0
Sector Finances All,BPAC11,3.3,349.9,2.08,80.4,54.6
Sector Finances Brazilian,BRSR6,19.2,78.3,2.92,23.1,30.3
Sector Finances Brazilian,BRSR5,19.2,76.8,1.96,42.1,22.2
Sector Finances Brazilian,BPAN4,19.2,52.3,1.54,21.9,16.8
Sector Finances Brazilian,ITSA4,10.38,51.9,1.56,21.4,18.8
Sector Finances Brazilian,BPAC3,9.14,154.4,1.98,71.8,81.8
Sector Finances Brazilian,BBDC3,7.54,61.6,1.42,26.9,28.3
Sector Finances Brazilian,BPAC5,6.05,86.2,1.23,45.9,38.5
Sector Finances Brazilian,ITUB4,5.54,95.1,1.36,49.5,45.6
Sector Finances Brazilian,BPAC11,3.74,349.9,2.08,80.4,54.6
Sector Finances International,JPM,100.0,758.5,2.1,367.6,100.0
Sector Energy All,ELET3,14.91,292.7,2.06,42.2,32.6
Sector Energy All,ELET6,14.91,303.6,1.81,51.7,37.4
Sector Energy All,EBR,14.91,50.8,2.49,13.8,10.1
Sector Energy All,NEOE3,14.91,89.0,1.64,27.1,23.5
Sector Energy All,CPLE6,14.91,51.8,1.87,16.0,11.2
Sector Energy All,ELP,14.91,45.3,1.61,13.5,9.8
Sector Energy All,CPFE3,3.13,283.2,3.39,45.3,43.9
Sector Energy All,AEP,2.6,315.8,2.14,76.9,52.1
Sector Energy All,TAEE11,2.46,144.2,1.96,41.2,33.5
Sector Energy All,DUK,2.34,164.2,1.94,151.7,90.0
Sector Energy Brazilian,ELET3,18.11,292.7,2.06,42.2,32.6
Sector Energy Brazilian,ELET6,18.11,303.6,1.81,51.7,37.4
Sector Energy Brazilian,NEOE3,18.11,89.0,1.64,27.1,23.5
Sector Energy Brazilian,CPLE6,18.11,51.8,1.87,16.0,11.2
Sector Energy Brazilian,CMIG4,11.93,30.6,1.36,17.1,25.0
Sector Energy Brazilian,CPFE3,6.13,283.2,3.39,45.3,43.9
Sector Energy Brazilian,CMIG3,5.26,34.8,0.99,24.6,29.7
Sector Energy Brazilian,TAEE11,4.22,144.2,1.96,41.2,33.5
Sector Energy International,EBR,33.06,50.8,2.49,13.8,10.1
Sector Energy International,ELP,33.06,45.3,1.61,13.5,9.8
Sector Energy International,AEP,16.97,315.8,2.14,76.9,52.1
Sector Energy International,DUK,16.91,164.2,1.94,151.7,90.0
Sector Consumer All,AMZN,19.23,546.9,2.03,280.5,100.0
Sector Consumer All,KO,19.23,219.1,2.04,51.7,29.9
Sector Consumer All,MGLU3,19.23,50.6,2.05,50.2,67.2
Sector Consumer All,PSSA3,19.23,79.3,1.14,89.7,50.3
Sector Consumer All,AAPL,19.07,210.5,1.73,203.7,95.7
Sector Consumer All,META,4.03,-97.8,-0.73,254.8,100.0
Sector Consumer Brazilian,MGLU3,50.0,50.6,2.05,50.2,67.2
Sector Consumer Brazilian,PSSA3,50.0,79.3,1.14,89.7,50.3
Sector Consumer International,AMZN,28.81,546.9,2.03,280.5,100.0
Sector Consumer International,KO,28.81,219.1,2.04,51.7,29.9
Sector Consumer International,AAPL,28.81,210.5,1.73,203.7,95.7
Sector Consumer International,META,13.58,-97.8,-0.73,254.8,100.0
Sector Health All,JNJ,100.0,668.5,2.74,73.8,41.8
Sector Health International,JNJ,100.0,668.5,2.74,73.8,41.8
Momentum All,PRIO3,19.83,307.8,1.87,68.7,50.5
Momentum All,AEP,16.66,315.8,2.14,76.9,52.1
Momentum All,VALE3,12.3,519.2,3.5,51.0,41.2
Momentum All,JNJ,11.98,668.5,2.74,73.8,41.8
Momentum All,AMZN,9.81,546.9,2.03,280.5,100.0
Momentum All,CRM,8.12,323.9,1.64,267.4,100.0
Momentum All,BPAC11,7.13,349.9,2.08,80.4,54.6
Momentum All,JPM,5.24,758.5,2.1,367.6,100.0
Momentum All,GOOGL,4.97,1603.8,2.69,120.0,75.7
Momentum All,GOOG,3.96,1163.9,2.39,118.4,76.0
Momentum Brazilian,ELET6,20.55,303.6,1.81,51.7,37.4
Momentum Brazilian,ELET3,20.55,292.7,2.06,42.2,32.6
Momentum Brazilian,VALE3,9.51,519.2,3.5,51.0,41.2
Momentum Brazilian,WEGE3,9.46,246.7,2.4,49.7,42.7
Momentum Brazilian,CPFE3,9.08,283.2,3.39,45.3,43.9
Momentum Brazilian,BPAC3,7.44,154.4,1.98,71.8,81.8
Momentum Brazilian,PETR4,7.42,283.1,2.51,43.9,37.8
Momentum Brazilian,TAEE11,6.6,144.2,1.96,41.2,33.5
Momentum Brazilian,PRIO3,5.95,307.8,1.87,68.7,50.5
Momentum Brazilian,BPAC11,3.46,349.9,2.08,80.4,54.6
Momentum International,AEP,14.44,315.8,2.14,76.9,52.1
Momentum International,KO,14.44,219.1,2.04,51.7,29.9
Momentum International,DUK,14.44,164.2,1.94,151.7,90.0
Momentum International,CRM,14.3,323.9,1.64,267.4,100.0
Momentum International,JNJ,13.17,668.5,2.74,73.8,41.8
Momentum International,AMZN,12.56,546.9,2.03,280.5,100.0
Momentum International,JPM,5.95,758.5,2.1,367.6,100.0
Momentum International,GOOGL,5.13,1603.8,2.69,120.0,75.7
Momentum International,GOOG,4.25,1163.9,2.39,118.4,76.0
Momentum International,AAPL,1.33,210.5,1.73,203.7,95.7
Mean Reversion All,META,50.0,-97.8,-0.73,254.8,100.0
Mean Reversion All,PM,50.0,-21.2,0.96,236.7,99.9
Mean Reversion International,META,50.0,-97.8,-0.73,254.8,100.0
Mean Reversion International,PM,50.0,-21.2,0.96,236.7,99.9
Quality All,BRSR6,17.99,78.3,2.92,23.1,30.3
Quality All,EBR,17.99,50.8,2.49,13.8,10.1
Quality All,USIM3,17.99,58.0,2.45,20.3,33.6
Quality All,PBR-A,11.77,105.4,2.64,26.2,28.3
Quality All,BRAP4,7.87,127.4,2.73,28.2,26.2
Quality All,CPFE3,7.3,283.2,3.39,45.3,43.9
Quality All,PETR4,6.69,283.1,2.51,43.9,37.8
Quality All,VALE3,5.41,519.2,3.5,51.0,41.2
Quality All,JNJ,4.14,668.5,2.74,73.8,41.8
Quality All,GOOGL,2.86,1603.8,2.69,120.0,75.7
Quality Brazilian,EALT3,19.13,38.7,2.36,30.1,31.8
Quality Brazilian,USIM3,17.71,58.0,2.45,20.3,33.6
Quality Brazilian,BRSR6,15.84,78.3,2.92,23.1,30.3
Quality Brazilian,GOAU4,13.82,49.1,2.25,16.3,19.5
Quality Brazilian,SIMH3,7.45,119.0,2.35,47.8,63.9
Quality Brazilian,BRAP4,5.99,127.4,2.73,28.2,26.2
Quality Brazilian,PETR4,5.47,283.1,2.51,43.9,37.8
Quality Brazilian,CPFE3,5.36,283.2,3.39,45.3,43.9
Quality Brazilian,WEGE3,5.08,246.7,2.4,49.7,42.7
Quality Brazilian,VALE3,4.15,519.2,3.5,51.0,41.2
Quality International,PBR-A,18.65,105.4,2.64,26.2,28.3
Quality International,EBR,18.65,50.8,2.49,13.8,10.1
Quality International,DUK,12.76,164.2,1.94,151.7,90.0
Quality International,AEP,11.05,315.8,2.14,76.9,52.1
Quality International,KO,10.64,219.1,2.04,51.7,29.9
Quality International,AMZN,9.18,546.9,2.03,280.5,100.0
Quality International,JNJ,7.68,668.5,2.74,73.8,41.8
Quality International,JPM,4.34,758.5,2.1,367.6,100.0
Quality International,GOOGL,3.87,1603.8,2.69,120.0,75.7
Quality International,GOOG,3.17,1163.9,2.39,118.4,76.0
Value All,ELET3,18.11,292.7,2.06,42.2,32.6
Value All,ELET6,18.11,303.6,1.81,51.7,37.4
Value All,PRIO3,12.55,307.8,1.87,68.7,50.5
Value All,CPFE3,11.09,283.2,3.39,45.3,43.9
Value All,PETR4,10.91,283.1,2.51,43.9,37.8
Value All,VALE3,10.11,519.2,3.5,51.0,41.2
Value All,JNJ,8.23,668.5,2.74,73.8,41.8
Value All,BPAC11,4.61,349.9,2.08,80.4,54.6
Value All,GOOGL,3.56,1603.8,2.69,120.0,75.7
Value All,GOOG,2.71,1163.9,2.39,118.4,76.0
Value Brazilian,ELET3,20.07,292.7,2.06,42.2,32.6
Value Brazilian,ELET6,20.07,303.6,1.81,51.7,37.4
Value Brazilian,BRAP4,10.5,127.4,2.73,28.2,26.2
Value Brazilian,LEVE3,9.75,116.3,2.0,33.7,21.1
Value Brazilian,WEGE3,8.74,246.7,2.4,49.7,42.7
Value Brazilian,CPFE3,8.7,283.2,3.39,45.3,43.9
Value Brazilian,VALE3,7.61,519.2,3.5,51.0,41.2
Value Brazilian,PETR4,6.07,283.1,2.51,43.9,37.8
Value Brazilian,PRIO3,5.33,307.8,1.87,68.7,50.5
Value Brazilian,BPAC11,3.16,349.9,2.08,80.4,54.6
Value International,EBR,17.58,50.8,2.49,13.8,10.1
Value International,PBR-A,17.58,105.4,2.64,26.2,28.3
Value International,ELP,17.58,45.3,1.61,13.5,9.8
Value International,AEP,11.71,315.8,2.14,76.9,52.1
Value International,KO,10.11,219.1,2.04,51.7,29.9
Value International,AMZN,8.24,546.9,2.03,280.5,100.0
Value International,JNJ,7.27,668.5,2.74,73.8,41.8
Value International,JPM,3.83,758.5,2.1,367.6,100.0
Value International,GOOGL,3.36,1603.8,2.69,120.0,75.7
Value International,GOOG,2.71,1163.9,2.39,118.4,76.0
Growth All,PRIO3,18.31,307.8,1.87,68.7,50.5
Growth All,PETR4,17.4,283.1,2.51,43.9,37.8
Growth All,AEP,14.81,315.8,2.14,76.9,52.1
Growth All,VALE3,11.14,519.2,3.5,51.0,41.2
Growth All,JNJ,10.0,668.5,2.74,73.8,41.8
Growth All,AMZN,9.94,546.9,2.03,280.5,100.0
Growth All,BPAC11,6.0,349.9,2.08,80.4,54.6
Growth All,JPM,4.48,758.5,2.1,367.6,100.0
Growth All,GOOGL,4.44,1603.8,2.69,120.0,75.7
Growth All,GOOG,3.48,1163.9,2.39,118.4,76.0
Growth Brazilian,ELET6,20.55,303.6,1.81,51.7,37.4
Growth Brazilian,ELET3,20.55,292.7,2.06,42.2,32.6
Growth Brazilian,VALE3,9.51,519.2,3.5,51.0,41.2
Growth Brazilian,WEGE3,9.46,246.7,2.4,49.7,42.7
Growth Brazilian,CPFE3,9.08,283.2,3.39,45.3,43.9
Growth Brazilian,BPAC3,7.44,154.4,1.98,71.8,81.8
Growth Brazilian,PETR4,7.42,283.1,2.51,43.9,37.8
Growth Brazilian,TAEE11,6.6,144.2,1.96,41.2,33.5
Growth Brazilian,PRIO3,5.95,307.8,1.87,68.7,50.5
Growth Brazilian,BPAC11,3.46,349.9,2.08,80.4,54.6
Growth International,JNJ,15.36,668.5,2.74,73.8,41.8
Growth International,AMZN,15.36,546.9,2.03,280.5,100.0
Growth International,AEP,15.36,315.8,2.14,76.9,52.1
Growth International,CRM,15.36,323.9,1.64,267.4,100.0
Growth International,KO,15.36,219.1,2.04,51.7,29.9
Growth International,JPM,7.02,758.5,2.1,367.6,100.0
Growth International,GOOGL,6.36,1603.8,2.69,120.0,75.7
Growth International,GOOG,5.26,1163.9,2.39,118.4,76.0
Growth International,NVDA,2.81,156.4,1.5,331.4,100.0
Growth International,AAPL,1.77,210.5,1.73,203.7,95.7
High Frequency All,PRIO3,19.24,307.8,1.87,68.7,50.5
High Frequency All,PETR4,14.03,283.1,2.51,43.9,37.8
High Frequency All,CMIG3,13.69,34.8,0.99,24.6,29.7
High Frequency All,ITSA4,13.57,51.9,1.56,21.4,18.8
High Frequency All,WEGE3,11.92,246.7,2.4,49.7,42.7
High Frequency All,BBDC3,8.98,61.6,1.42,26.9,28.3
High Frequency All,TAEE11,8.67,144.2,1.96,41.2,33.5
High Frequency All,BPAC11,5.87,349.9,2.08,80.4,54.6
High Frequency All,NVDA,2.17,156.4,1.5,331.4,100.0
High Frequency All,AAPL,1.86,210.5,1.73,203.7,95.7
High Frequency Brazilian,CMIG4,19.39,30.6,1.36,17.1,25.0
High Frequency Brazilian,VALE3,12.97,519.2,3.5,51.0,41.2
High Frequency Brazilian,ITSA4,11.07,51.9,1.56,21.4,18.8
High Frequency Brazilian,WEGE3,9.77,246.7,2.4,49.7,42.7
High Frequency Brazilian,CMIG3,9.68,34.8,0.99,24.6,29.7
High Frequency Brazilian,PRIO3,9.67,307.8,1.87,68.7,50.5
High Frequency Brazilian,PETR4,8.72,283.1,2.51,43.9,37.8
High Frequency Brazilian,BBDC3,7.51,61.6,1.42,26.9,28.3
High Frequency Brazilian,TAEE11,6.94,144.2,1.96,41.2,33.5
High Frequency Brazilian,BPAC11,4.29,349.9,2.08,80.4,54.6
High Frequency International,AEP,14.36,315.8,2.14,76.9,52.1
High Frequency International,JNJ,14.36,668.5,2.74,73.8,41.8
High Frequency International,KO,14.36,219.1,2.04,51.7,29.9
High Frequency International,PBR-A,14.36,105.4,2.64,26.2,28.3
High Frequency International,ABEV,14.36,12.4,1.65,6.0,5.6
High Frequency International,ELP,14.36,45.3,1.61,13.5,9.8
High Frequency International,JPM,5.52,758.5,2.1,367.6,100.0
High Frequency International,GOOG,4.72,1163.9,2.39,118.4,76.0
High Frequency International,NVDA,2.21,156.4,1.5,331.4,100.0
High Frequency International,AAPL,1.38,210.5,1.73,203.7,95.7
Low Turnover All,PRIO3,19.55,307.8,1.87,68.7,50.5
Low Turnover All,PETR4,14.13,283.1,2.51,43.9,37.8
Low Turnover All,ITSA4,13.83,51.9,1.56,21.4,18.8
Low Turnover All,CMIG3,12.0,34.8,0.99,24.6,29.7
Low Turnover All,WEGE3,11.87,246.7,2.4,49.7,42.7
Low Turnover All,BBDC3,9.81,61.6,1.42,26.9,28.3
Low Turnover All,TAEE11,8.71,144.2,1.96,41.2,33.5
Low Turnover All,BPAC11,6.05,349.9,2.08,80.4,54.6
Low Turnover All,NVDA,2.18,156.4,1.5,331.4,100.0
Low Turnover All,AAPL,1.87,210.5,1.73,203.7,95.7
Low Turnover Brazilian,CMIG4,18.68,30.6,1.36,17.1,25.0
Low Turnover Brazilian,VALE3,12.98,519.2,3.5,51.0,41.2
Low Turnover Brazilian,ITSA4,11.14,51.9,1.56,21.4,18.8
Low Turnover Brazilian,CMIG3,10.19,34.8,0.99,24.6,29.7
Low Turnover Brazilian,WEGE3,9.84,246.7,2.4,49.7,42.7
Low Turnover Brazilian,PRIO3,9.56,307.8,1.87,68.7,50.5
Low Turnover Brazilian,PETR4,8.7,283.1,2.51,43.9,37.8
Low Turnover Brazilian,BBDC3,7.59,61.6,1.42,26.9,28.3
Low Turnover Brazilian,TAEE11,6.98,144.2,1.96,41.2,33.5
Low Turnover Brazilian,BPAC11,4.33,349.9,2.08,80.4,54.6
Low Turnover International,AEP,14.36,315.8,2.14,76.9,52.1
Low Turnover International,JNJ,14.36,668.5,2.74,73.8,41.8
Low Turnover International,KO,14.36,219.1,2.04,51.7,29.9
Low Turnover International,PBR-A,14.36,105.4,2.64,26.2,28.3
Low Turnover International,ABEV,14.36,12.4,1.65,6.0,5.6
Low Turnover International,ELP,14.36,45.3,1.61,13.5,9.8
Low Turnover International,JPM,5.52,758.5,2.1,367.6,100.0
Low Turnover International,GOOG,4.72,1163.9,2.39,118.4,76.0
Low Turnover International,NVDA,2.21,156.4,1.5,331.4,100.0
Low Turnover International,AAPL,1.38,210.5,1.73,203.7,95.7
Swing Trading All,EALT4,14.23,23.3,1.63,18.3,32.1
Swing Trading All,EBR,14.23,50.8,2.49,13.8,10.1
Swing Trading All,EALT3,14.22,38.7,2.36,30.1,31.8
Swing Trading All,BRSR5,14.17,76.8,1.96,42.1,22.2
Swing Trading All,MGLU3,14.15,50.6,2.05,50.2,67.2
Swing Trading All,BPAC5,13.88,86.2,1.23,45.9,38.5
Swing Trading All,CRM,13.5,323.9,1.64,267.4,100.0
Swing Trading All,META,1.62,-97.8,-0.73,254.8,100.0
Swing Trading Brazilian,BRSR5,23.32,76.8,1.96,42.1,22.2
Swing Trading Brazilian,EALT4,23.32,23.3,1.63,18.3,32.1
Swing Trading Brazilian,EALT3,23.32,38.7,2.36,30.1,31.8
Swing Trading Brazilian,MGLU3,22.35,50.6,2.05,50.2,67.2
Swing Trading Brazilian,BPAC5,7.7,86.2,1.23,45.9,38.5
Swing Trading International,CRM,35.7,323.9,1.64,267.4,100.0
Swing Trading International,EBR,35.7,50.8,2.49,13.8,10.1
Swing Trading International,META,28.6,-97.8,-0.73,254.8,100.0
Risk Parity All,BRSR6,12.13,78.3,2.92,23.1,30.3
Risk Parity All,EBR,12.13,50.8,2.49,13.8,10.1
Risk Parity All,USIM3,12.13,58.0,2.45,20.3,33.6
Risk Parity All,EALT3,12.13,38.7,2.36,30.1,31.8
Risk Parity All,TASA4,11.37,45.4,2.06,16.7,17.4
Risk Parity All,GOAU4,9.61,49.1,2.25,16.3,19.5
Risk Parity All,PBR-A,6.15,105.4,2.64,26.2,28.3
Risk Parity All,BRAP4,4.4,127.4,2.73,28.2,26.2
Risk Parity All,PETR4,4.05,283.1,2.51,43.9,37.8
Risk Parity All,SIMH3,3.68,119.0,2.35,47.8,63.9
Risk Parity All,CPFE3,3.26,283.2,3.39,45.3,43.9
Risk Parity All,VALE3,3.09,519.2,3.5,51.0,41.2
Risk Parity All,WEGE3,2.72,246.7,2.4,49.7,42.7
Risk Parity All,JNJ,1.89,668.5,2.74,73.8,41.8
Risk Parity All,GOOGL,1.28,1603.8,2.69,120.0,75.7
Risk Parity Brazilian,EALT3,12.94,38.7,2.36,30.1,31.8
Risk Parity Brazilian,CPLE6,12.94,51.8,1.87,16.0,11.2
Risk Parity Brazilian,ELET3,12.94,292.7,2.06,42.2,32.6
Risk Parity Brazilian,BRSR5,9.85,76.8,1.96,42.1,22.2
Risk Parity Brazilian,USIM3,8.88,58.0,2.45,20.3,33.6
Risk Parity Brazilian,BRSR6,8.83,78.3,2.92,23.1,30.3
Risk Parity Brazilian,TASA4,8.02,45.4,2.06,16.7,17.4
Risk Parity Brazilian,GOAU4,7.93,49.1,2.25,16.3,19.5
Risk Parity Brazilian,LEVE3,3.08,116.3,2.0,33.7,21.1
Risk Parity Brazilian,SIMH3,2.84,119.0,2.35,47.8,63.9
Risk Parity Brazilian,BRAP4,2.81,127.4,2.73,28.2,26.2
Risk Parity Brazilian,PETR4,2.67,283.1,2.51,43.9,37.8
Risk Parity Brazilian,CPFE3,2.25,283.2,3.39,45.3,43.9
Risk Parity Brazilian,VALE3,2.07,519.2,3.5,51.0,41.2
Risk Parity Brazilian,WEGE3,1.95,246.7,2.4,49.7,42.7
Risk Parity International,EBR,10.99,50.8,2.49,13.8,10.1
Risk Parity International,PBR-A,10.99,105.4,2.64,26.2,28.3
Risk Parity International,AEP,10.99,315.8,2.14,76.9,52.1
Risk Parity International,ABEV,10.99,12.4,1.65,6.0,5.6
Risk Parity International,ELP,10.99,45.3,1.61,13.5,9.8
Risk Parity International,DUK,10.99,164.2,1.94,151.7,90.0
Risk Parity International,KO,10.91,219.1,2.04,51.7,29.9
Risk Parity International,JNJ,6.22,668.5,2.74,73.8,41.8
Risk Parity International,CRM,4.87,323.9,1.64,267.4,100.0
Risk Parity International,AMZN,4.62,546.9,2.03,280.5,100.0
Risk Parity International,JPM,2.21,758.5,2.1,367.6,100.0
Risk Parity International,GOOGL,1.94,1603.8,2.69,120.0,75.7
Risk Parity International,GOOG,1.59,1163.9,2.39,118.4,76.0
Risk Parity International,NVDA,1.02,156.4,1.5,331.4,100.0
Risk Parity International,AAPL,0.65,210.5,1.73,203.7,95.7
Max Sharpe All,CMIG3,14.0,34.8,0.99,24.6,29.7
Max Sharpe All,BBDC3,13.87,61.6,1.42,26.9,28.3
Max Sharpe All,BRSR5,12.5,76.8,1.96,42.1,22.2
Max Sharpe All,BPAC3,10.4,154.4,1.98,71.8,81.8
Max Sharpe All,AMZN,9.33,546.9,2.03,280.5,100.0
Max Sharpe All,BPAC5,8.38,86.2,1.23,45.9,38.5
Max Sharpe All,BRAP4,7.66,127.4,2.73,28.2,26.2
Max Sharpe All,AEP,5.8,315.8,2.14,76.9,52.1
Max Sharpe All,AAPL,4.66,210.5,1.73,203.7,95.7
Max Sharpe All,CMIG4,4.05,30.6,1.36,17.1,25.0
Max Sharpe All,BRSR6,3.77,78.3,2.92,23.1,30.3
Max Sharpe All,ALUP3,2.65,22.9,0.74,26.8,23.9
Max Sharpe All,BPAC11,1.6,349.9,2.08,80.4,54.6
Max Sharpe All,ABEV,0.67,12.4,1.65,6.0,5.6
Max Sharpe All,BPAN4,0.67,52.3,1.54,21.9,16.8
Max Sharpe Brazilian,TASA4,14.0,45.4,2.06,16.7,17.4
Max Sharpe Brazilian,SIMH3,12.5,119.0,2.35,47.8,63.9
Max Sharpe Brazilian,MGLU3,12.5,50.6,2.05,50.2,67.2
Max Sharpe Brazilian,WEGE3,10.98,246.7,2.4,49.7,42.7
Max Sharpe Brazilian,CPFE3,9.36,283.2,3.39,45.3,43.9
Max Sharpe Brazilian,PETR4,8.5,283.1,2.51,43.9,37.8
Max Sharpe Brazilian,BRAP4,7.66,127.4,2.73,28.2,26.2
Max Sharpe Brazilian,USIM3,7.19,58.0,2.45,20.3,33.6
Max Sharpe Brazilian,VALE3,6.33,519.2,3.5,51.0,41.2
Max Sharpe Brazilian,GOAU4,4.55,49.1,2.25,16.3,19.5
Max Sharpe Brazilian,BRSR6,3.77,78.3,2.92,23.1,30.3
Max Sharpe Brazilian,CPLE6,0.67,51.8,1.87,16.0,11.2
Max Sharpe Brazilian,ELET3,0.67,292.7,2.06,42.2,32.6
Max Sharpe Brazilian,ELET6,0.67,303.6,1.81,51.7,37.4
Max Sharpe Brazilian,EALT3,0.67,38.7,2.36,30.1,31.8
Max Sharpe International,JNJ,10.12,668.5,2.74,73.8,41.8
Max Sharpe International,DUK,9.33,164.2,1.94,151.7,90.0
Max Sharpe International,AMZN,9.33,546.9,2.03,280.5,100.0
Max Sharpe International,GOOGL,9.33,1603.8,2.69,120.0,75.7
Max Sharpe International,CRM,9.33,323.9,1.64,267.4,100.0
Max Sharpe International,GOOG,9.33,1163.9,2.39,118.4,76.0
Max Sharpe International,JPM,8.02,758.5,2.1,367.6,100.0
Max Sharpe International,ABEV,7.63,12.4,1.65,6.0,5.6
Max Sharpe International,AEP,5.8,315.8,2.14,76.9,52.1
Max Sharpe International,NVDA,5.34,156.4,1.5,331.4,100.0
Max Sharpe International,AAPL,4.66,210.5,1.73,203.7,95.7
Max Sharpe International,ELP,4.18,45.3,1.61,13.5,9.8
Max Sharpe International,EBR,4.1,50.8,2.49,13.8,10.1
Max Sharpe International,KO,2.81,219.1,2.04,51.7,29.9
Max Sharpe International,META,0.67,-97.8,-0.73,254.8,100.0
Min Variance All,BPAC3,7.84,154.4,1.98,71.8,81.8
Min Variance All,JNJ,7.63,668.5,2.74,73.8,41.8
Min Variance All,JPM,7.04,758.5,2.1,367.6,100.0
Min Variance All,AMZN,7.04,546.9,2.03,280.5,100.0
Min Variance All,CRM,7.04,323.9,1.64,267.4,100.0
Min Variance All,GOOGL,7.04,1603.8,2.69,120.0,75.7
Min Variance All,GOOG,7.04,1163.9,2.39,118.4,76.0
Min Variance All,DUK,6.8,164.2,1.94,151.7,90.0
Min Variance All,VALE3,6.36,519.2,3.5,51.0,41.2
Min Variance All,AEP,5.82,315.8,2.14,76.9,52.1
Min Variance All,ELET6,5.43,303.6,1.81,51.7,37.4
Min Variance All,NVDA,5.37,156.4,1.5,331.4,100.0
Min Variance All,AAPL,4.68,210.5,1.73,203.7,95.7
Min Variance All,PRIO3,4.09,307.8,1.87,68.7,50.5
Min Variance All,SAPR11,3.57,84.1,1.2,78.7,76.5
Min Variance All,KO,2.83,219.1,2.04,51.7,29.9
Min Variance All,PM,1.77,-21.2,0.96,236.7,99.9
Min Variance All,BPAC11,1.61,349.9,2.08,80.4,54.6
Min Variance All,PSSA3,1.01,79.3,1.14,89.7,50.3
Min Variance Brazilian,BRSR5,12.89,76.8,1.96,42.1,22.2
Min Variance Brazilian,SIMH3,12.08,119.0,2.35,47.8,63.9
Min Variance Brazilian,WEGE3,9.71,246.7,2.4,49.7,42.7
Min Variance Brazilian,CPFE3,9.65,283.2,3.39,45.3,43.9
Min Variance Brazilian,BPAC5,8.64,86.2,1.23,45.9,38.5
Min Variance Brazilian,ITUB4,8.33,95.1,1.36,49.5,45.6
Min Variance Brazilian,BPAC3,8.04,154.4,1.98,71.8,81.8
Min Variance Brazilian,TAEE11,7.01,144.2,1.96,41.2,33.5
Min Variance Brazilian,PETR4,6.57,283.1,2.51,43.9,37.8
Min Variance Brazilian,VALE3,6.53,519.2,3.5,51.0,41.2
Min Variance Brazilian,PRIO3,4.2,307.8,1.87,68.7,50.5
Min Variance Brazilian,SAPR11,3.67,84.1,1.2,78.7,76.5
Min Variance Brazilian,BPAC11,1.65,349.9,2.08,80.4,54.6
Min Variance Brazilian,PSSA3,1.03,79.3,1.14,89.7,50.3
Min Variance International,JNJ,8.56,668.5,2.74,73.8,41.8
Min Variance International,AMZN,8.24,546.9,2.03,280.5,100.0
Min Variance International,CRM,8.24,323.9,1.64,267.4,100.0
Min Variance International,GOOG,8.24,1163.9,2.39,118.4,76.0
Min Variance International,JPM,8.02,758.5,2.1,367.6,100.0
Min Variance International,GOOGL,7.78,1603.8,2.69,120.0,75.7
Min Variance International,PBR-A,7.77,105.4,2.64,26.2,28.3
Min Variance International,DUK,6.33,164.2,1.94,151.7,90.0
Min Variance International,AEP,5.8,315.8,2.14,76.9,52.1
Min Variance International,ABEV,5.54,12.4,1.65,6.0,5.6
Min Variance International,NVDA,5.34,156.4,1.5,331.4,100.0
Min Variance International,ELP,5.18,45.3,1.61,13.5,9.8
Min Variance International,EBR,5.16,50.8,2.49,13.8,10.1
Min Variance International,AAPL,4.66,210.5,1.73,203.7,95.7
Min Variance International,KO,2.81,219.1,2.04,51.7,29.9
Min Variance International,PM,1.76,-21.2,0.96,236.7,99.9
Min Variance International,META,0.59,-97.8,-0.73,254.8,100.0
Max Diversification All,ABEV,12.65,12.4,1.65,6.0,5.6
Max Diversification All,BPAN4,12.65,52.3,1.54,21.9,16.8
Max Diversification All,BRSR5,12.65,76.8,1.96,42.1,22.2
Max Diversification All,BRSR6,12.65,78.3,2.92,23.1,30.3
Max Diversification All,CMIG4,8.81,30.6,1.36,17.1,25.0
Max Diversification All,AEP,7.53,315.8,2.14,76.9,52.1
Max Diversification All,BRAP4,6.95,127.4,2.73,28.2,26.2
Max Diversification All,ALUP3,5.53,22.9,0.74,26.8,23.9
Max Diversification All,CMIG3,4.46,34.8,0.99,24.6,29.7
Max Diversification All,BPAC3,3.9,154.4,1.98,71.8,81.8
Max Diversification All,BPAC5,3.4,86.2,1.23,45.9,38.5
Max Diversification All,AMZN,3.38,546.9,2.03,280.5,100.0
Max Diversification All,BBDC3,3.18,61.6,1.42,26.9,28.3
Max Diversification All,BPAC11,1.79,349.9,2.08,80.4,54.6
Max Diversification All,AAPL,0.48,210.5,1.73,203.7,95.7
Max Diversification Brazilian,BPAN4,12.45,52.3,1.54,21.9,16.8
Max Diversification Brazilian,CPLE6,12.45,51.8,1.87,16.0,11.2
Max Diversification Brazilian,EALT3,12.45,38.7,2.36,30.1,31.8
Max Diversification Brazilian,EALT4,12.45,23.3,1.63,18.3,32.1
Max Diversification Brazilian,BRSR6,12.19,78.3,2.92,23.1,30.3
Max Diversification Brazilian,BRSR5,9.45,76.8,1.96,42.1,22.2
Max Diversification Brazilian,CMIG4,6.06,30.6,1.36,17.1,25.0
Max Diversification Brazilian,BRAP4,5.29,127.4,2.73,28.2,26.2
Max Diversification Brazilian,ALUP3,3.19,22.9,0.74,26.8,23.9
Max Diversification Brazilian,CMIG3,2.94,34.8,0.99,24.6,29.7
Max Diversification Brazilian,CPFE3,2.91,283.2,3.39,45.3,43.9
Max Diversification Brazilian,BPAC3,2.69,154.4,1.98,71.8,81.8
Max Diversification Brazilian,BBDC3,2.21,61.6,1.42,26.9,28.3
Max Diversification Brazilian,BPAC5,1.98,86.2,1.23,45.9,38.5
Max Diversification Brazilian,BPAC11,1.28,349.9,2.08,80.4,54.6
Max Diversification International,KO,15.84,219.1,2.04,51.7,29.9
Max Diversification International,EBR,9.24,50.8,2.49,13.8,10.1
Max Diversification International,ELP,9.21,45.3,1.61,13.5,9.8
Max Diversification International,AEP,8.26,315.8,2.14,76.9,52.1
Max Diversification International,ABEV,7.93,12.4,1.65,6.0,5.6
Max Diversification International,DUK,5.96,164.2,1.94,151.7,90.0
Max Diversification International,NVDA,5.61,156.4,1.5,331.4,100.0
Max Diversification International,JPM,5.17,758.5,2.1,367.6,100.0
Max Diversification International,CRM,4.96,323.9,1.64,267.4,100.0
Max Diversification International,AMZN,4.95,546.9,2.03,280.5,100.0
Max Diversification International,META,4.76,-97.8,-0.73,254.8,100.0
Max Diversification International,AAPL,4.69,210.5,1.73,203.7,95.7
Max Diversification International,JNJ,4.67,668.5,2.74,73.8,41.8
Max Diversification International,GOOGL,4.45,1603.8,2.69,120.0,75.7
Max Diversification International,GOOG,4.28,1163.9,2.39,118.4,76.0
Concentrated All,GOOGL,20.0,1603.8,2.69,120.0,75.7
Concentrated All,GOOG,20.0,1163.9,2.39,118.4,76.0
Concentrated All,VALE3,20.0,519.2,3.5,51.0,41.2
Concentrated All,JNJ,20.0,668.5,2.74,73.8,41.8
Concentrated All,JPM,20.0,758.5,2.1,367.6,100.0
Concentrated Brazilian,VALE3,20.0,519.2,3.5,51.0,41.2
Concentrated Brazilian,CPFE3,20.0,283.2,3.39,45.3,43.9
Concentrated Brazilian,PETR4,20.0,283.1,2.51,43.9,37.8
Concentrated Brazilian,BPAC11,20.0,349.9,2.08,80.4,54.6
Concentrated Brazilian,WEGE3,20.0,246.7,2.4,49.7,42.7
Concentrated International,GOOGL,20.0,1603.8,2.69,120.0,75.7
Concentrated International,GOOG,20.0,1163.9,2.39,118.4,76.0
Concentrated International,JNJ,20.0,668.5,2.74,73.8,41.8
Concentrated International,JPM,20.0,758.5,2.1,367.6,100.0
Concentrated International,AMZN,20.0,546.9,2.03,280.5,100.0
Mega Diversified All,JNJ,6.07,668.5,2.74,73.8,41.8
Mega Diversified All,CRM,5.6,323.9,1.64,267.4,100.0
Mega Diversified All,JPM,5.6,758.5,2.1,367.6,100.0
Mega Diversified All,GOOG,5.6,1163.9,2.39,118.4,76.0
Mega Diversified All,GOOGL,5.6,1603.8,2.69,120.0,75.7
Mega Diversified All,AMZN,5.6,546.9,2.03,280.5,100.0
Mega Diversified All,BPAC3,5.53,154.4,1.98,71.8,81.8
Mega Diversified All,VALE3,5.41,519.2,3.5,51.0,41.2
Mega Diversified All,NVDA,5.34,156.4,1.5,331.4,100.0
Mega Diversified All,PETR4,5.1,283.1,2.51,43.9,37.8
Mega Diversified All,AEP,5.06,315.8,2.14,76.9,52.1
Mega Diversified All,CPFE3,4.66,283.2,3.39,45.3,43.9
Mega Diversified All,AAPL,4.66,210.5,1.73,203.7,95.7
Mega Diversified All,TAEE11,3.65,144.2,1.96,41.2,33.5
Mega Diversified All,SIMH3,3.35,119.0,2.35,47.8,63.9
Mega Diversified All,WEGE3,3.28,246.7,2.4,49.7,42.7
Mega Diversified All,PRIO3,3.26,307.8,1.87,68.7,50.5
Mega Diversified All,DUK,3.22,164.2,1.94,151.7,90.0
Mega Diversified All,MGLU3,2.89,50.6,2.05,50.2,67.2
Mega Diversified All,SAPR11,2.84,84.1,1.2,78.7,76.5
Mega Diversified All,KO,2.81,219.1,2.04,51.7,29.9
Mega Diversified All,PM,1.76,-21.2,0.96,236.7,99.9
Mega Diversified All,BPAC11,1.6,349.9,2.08,80.4,54.6
Mega Diversified All,PSSA3,1.0,79.3,1.14,89.7,50.3
Mega Diversified All,META,0.5,-97.8,-0.73,254.8,100.0
Mega Diversified Brazilian,SIMH3,9.38,119.0,2.35,47.8,63.9
Mega Diversified Brazilian,CPFE3,9.36,283.2,3.39,45.3,43.9
Mega Diversified Brazilian,WEGE3,9.01,246.7,2.4,49.7,42.7
Mega Diversified Brazilian,ITSA4,8.5,51.9,1.56,21.4,18.8
Mega Diversified Brazilian,BPAC5,8.38,86.2,1.23,45.9,38.5
Mega Diversified Brazilian,ITUB4,8.08,95.1,1.36,49.5,45.6
Mega Diversified Brazilian,VALE3,6.33,519.2,3.5,51.0,41.2
Mega Diversified Brazilian,BPAC3,6.24,154.4,1.98,71.8,81.8
Mega Diversified Brazilian,TAEE11,5.44,144.2,1.96,41.2,33.5
Mega Diversified Brazilian,PETR4,5.1,283.1,2.51,43.9,37.8
Mega Diversified Brazilian,BRAP4,4.8,127.4,2.73,28.2,26.2
Mega Diversified Brazilian,CMIG3,3.38,34.8,0.99,24.6,29.7
Mega Diversified Brazilian,HYPE3,3.28,42.4,1.02,49.6,46.3
Mega Diversified Brazilian,PRIO3,3.26,307.8,1.87,68.7,50.5
Mega Diversified Brazilian,SAPR11,2.84,84.1,1.2,78.7,76.5
Mega Diversified Brazilian,BPAC11,1.6,349.9,2.08,80.4,54.6
Mega Diversified Brazilian,PSSA3,1.0,79.3,1.14,89.7,50.3
Mega Diversified Brazilian,BBDC3,0.5,61.6,1.42,26.9,28.3
Mega Diversified Brazilian,MGLU3,0.5,50.6,2.05,50.2,67.2
Mega Diversified Brazilian,ELET6,0.5,303.6,1.81,51.7,37.4
Mega Diversified Brazilian,ELET3,0.5,292.7,2.06,42.2,32.6
Mega Diversified Brazilian,LEVE3,0.5,116.3,2.0,33.7,21.1
Mega Diversified Brazilian,ALUP3,0.5,22.9,0.74,26.8,23.9
Mega Diversified Brazilian,CMIG4,0.5,30.6,1.36,17.1,25.0
Mega Diversified Brazilian,NEOE3,0.5,89.0,1.64,27.1,23.5
Mega Diversified International,JNJ,8.56,668.5,2.74,73.8,41.8
Mega Diversified International,CRM,8.24,323.9,1.64,267.4,100.0
Mega Diversified International,GOOG,8.24,1163.9,2.39,118.4,76.0
Mega Diversified International,AMZN,8.24,546.9,2.03,280.5,100.0
Mega Diversified International,JPM,8.02,758.5,2.1,367.6,100.0
Mega Diversified International,GOOGL,7.78,1603.8,2.69,120.0,75.7
Mega Diversified International,PBR-A,7.77,105.4,2.64,26.2,28.3
Mega Diversified International,DUK,6.33,164.2,1.94,151.7,90.0
Mega Diversified International,AEP,5.8,315.8,2.14,76.9,52.1
Mega Diversified International,ABEV,5.54,12.4,1.65,6.0,5.6
Mega Diversified International,NVDA,5.34,156.4,1.5,331.4,100.0
Mega Diversified International,ELP,5.18,45.3,1.61,13.5,9.8
Mega Diversified International,EBR,5.16,50.8,2.49,13.8,10.1
Mega Diversified International,AAPL,4.66,210.5,1.73,203.7,95.7
Mega Diversified International,KO,2.81,219.1,2.04,51.7,29.9
Mega Diversified International,PM,1.76,-21.2,0.96,236.7,99.9
Mega Diversified International,META,0.59,-97.8,-0.73,254.8,100.0
Barbell All,BRAP4,23.95,127.4,2.73,28.2,26.2
Barbell All,LEVE3,23.95,116.3,2.0,33.7,21.1
Barbell All,PBR-A,23.95,105.4,2.64,26.2,28.3
Barbell All,JPM,10.56,758.5,2.1,367.6,100.0
Barbell All,GOOGL,9.7,1603.8,2.69,120.0,75.7
Barbell All,GOOG,7.9,1163.9,2.39,118.4,76.0
Barbell Brazilian,BRAP4,23.18,127.4,2.73,28.2,26.2
Barbell Brazilian,NEOE3,23.18,89.0,1.64,27.1,23.5
Barbell Brazilian,LEVE3,21.25,116.3,2.0,33.7,21.1
Barbell Brazilian,BPAC3,13.71,154.4,1.98,71.8,81.8
Barbell Brazilian,PRIO3,11.51,307.8,1.87,68.7,50.5
Barbell Brazilian,BPAC11,7.17,349.9,2.08,80.4,54.6
Barbell International,PBR-A,24.5,105.4,2.64,26.2,28.3
Barbell International,EBR,24.5,50.8,2.49,13.8,10.1
Barbell International,ELP,24.5,45.3,1.61,13.5,9.8
Barbell International,JPM,9.95,758.5,2.1,367.6,100.0
Barbell International,GOOGL,9.17,1603.8,2.69,120.0,75.7
Barbell International,GOOG,7.39,1163.9,2.39,118.4,76.0
Inverse Vol All,ABEV,29.88,12.4,1.65,6.0,5.6
Inverse Vol All,CMIG4,10.47,30.6,1.36,17.1,25.0
Inverse Vol All,BPAN4,8.19,52.3,1.54,21.9,16.8
Inverse Vol All,BRSR6,7.76,78.3,2.92,23.1,30.3
Inverse Vol All,CMIG3,7.28,34.8,0.99,24.6,29.7
Inverse Vol All,ALUP3,6.68,22.9,0.74,26.8,23.9
Inverse Vol All,BBDC3,6.66,61.6,1.42,26.9,28.3
Inverse Vol All,BRAP4,6.36,127.4,2.73,28.2,26.2
Inverse Vol All,BRSR5,4.25,76.8,1.96,42.1,22.2
Inverse Vol All,BPAC5,3.91,86.2,1.23,45.9,38.5
Inverse Vol All,BPAC3,2.5,154.4,1.98,71.8,81.8
Inverse Vol All,AEP,2.33,315.8,2.14,76.9,52.1
Inverse Vol All,BPAC11,2.23,349.9,2.08,80.4,54.6
Inverse Vol All,AAPL,0.88,210.5,1.73,203.7,95.7
Inverse Vol All,AMZN,0.64,546.9,2.03,280.5,100.0
Inverse Vol Brazilian,CPLE6,11.54,51.8,1.87,16.0,11.2
Inverse Vol Brazilian,CMIG4,10.78,30.6,1.36,17.1,25.0
Inverse Vol Brazilian,EALT4,10.07,23.3,1.63,18.3,32.1
Inverse Vol Brazilian,BPAN4,8.43,52.3,1.54,21.9,16.8
Inverse Vol Brazilian,BRSR6,7.98,78.3,2.92,23.1,30.3
Inverse Vol Brazilian,CMIG3,7.49,34.8,0.99,24.6,29.7
Inverse Vol Brazilian,ALUP3,6.87,22.9,0.74,26.8,23.9
Inverse Vol Brazilian,BBDC3,6.85,61.6,1.42,26.9,28.3
Inverse Vol Brazilian,BRAP4,6.55,127.4,2.73,28.2,26.2
Inverse Vol Brazilian,EALT3,6.13,38.7,2.36,30.1,31.8
Inverse Vol Brazilian,BRSR5,4.37,76.8,1.96,42.1,22.2
Inverse Vol Brazilian,CPFE3,4.07,283.2,3.39,45.3,43.9
Inverse Vol Brazilian,BPAC5,4.02,86.2,1.23,45.9,38.5
Inverse Vol Brazilian,BPAC3,2.57,154.4,1.98,71.8,81.8
Inverse Vol Brazilian,BPAC11,2.29,349.9,2.08,80.4,54.6
Inverse Vol International,ABEV,41.27,12.4,1.65,6.0,5.6
Inverse Vol International,ELP,18.29,45.3,1.61,13.5,9.8
Inverse Vol International,EBR,17.89,50.8,2.49,13.8,10.1
Inverse Vol International,KO,4.78,219.1,2.04,51.7,29.9
Inverse Vol International,JNJ,3.35,668.5,2.74,73.8,41.8
Inverse Vol International,AEP,3.22,315.8,2.14,76.9,52.1
Inverse Vol International,GOOG,2.09,1163.9,2.39,118.4,76.0
Inverse Vol International,GOOGL,2.06,1603.8,2.69,120.0,75.7
Inverse Vol International,DUK,1.63,164.2,1.94,151.7,90.0
Inverse Vol International,AAPL,1.21,210.5,1.73,203.7,95.7
Inverse Vol International,META,0.97,-97.8,-0.73,254.8,100.0
Inverse Vol International,CRM,0.93,323.9,1.64,267.4,100.0
Inverse Vol International,AMZN,0.88,546.9,2.03,280.5,100.0
Inverse Vol International,NVDA,0.75,156.4,1.5,331.4,100.0
Inverse Vol International,JPM,0.67,758.5,2.1,367.6,100.0
Kelly All,AMZN,10.05,546.9,2.03,280.5,100.0
Kelly All,BPAC3,10.05,154.4,1.98,71.8,81.8
Kelly All,BPAN4,10.05,52.3,1.54,21.9,16.8
Kelly All,BRSR5,10.05,76.8,1.96,42.1,22.2
Kelly All,CPLE6,8.66,51.8,1.87,16.0,11.2
Kelly All,ABEV,8.11,12.4,1.65,6.0,5.6
Kelly All,CPFE3,7.53,283.2,3.39,45.3,43.9
Kelly All,BPAC5,6.74,86.2,1.23,45.9,38.5
Kelly All,ALUP3,6.63,22.9,0.74,26.8,23.9
Kelly All,BRAP4,6.15,127.4,2.73,28.2,26.2
Kelly All,AEP,4.66,315.8,2.14,76.9,52.1
Kelly All,AAPL,3.74,210.5,1.73,203.7,95.7
Kelly All,CMIG4,3.25,30.6,1.36,17.1,25.0
Kelly All,BRSR6,3.03,78.3,2.92,23.1,30.3
Kelly All,BPAC11,1.29,349.9,2.08,80.4,54.6
Kelly Brazilian,BPAC3,9.92,154.4,1.98,71.8,81.8
Kelly Brazilian,BPAN4,9.92,52.3,1.54,21.9,16.8
Kelly Brazilian,BRSR5,9.92,76.8,1.96,42.1,22.2
Kelly Brazilian,EALT3,9.92,38.7,2.36,30.1,31.8
Kelly Brazilian,CPLE6,8.54,51.8,1.87,16.0,11.2
Kelly Brazilian,GOAU3,7.51,36.0,1.74,16.2,17.8
Kelly Brazilian,CPFE3,7.43,283.2,3.39,45.3,43.9
Kelly Brazilian,EALT4,7.33,23.3,1.63,18.3,32.1
Kelly Brazilian,BPAC5,6.65,86.2,1.23,45.9,38.5
Kelly Brazilian,ALUP3,6.54,22.9,0.74,26.8,23.9
Kelly Brazilian,BRAP4,6.07,127.4,2.73,28.2,26.2
Kelly Brazilian,CMIG4,3.21,30.6,1.36,17.1,25.0
Kelly Brazilian,BRSR6,2.99,78.3,2.92,23.1,30.3
Kelly Brazilian,ELET3,2.79,292.7,2.06,42.2,32.6
Kelly Brazilian,BPAC11,1.27,349.9,2.08,80.4,54.6
Kelly International,AMZN,9.01,546.9,2.03,280.5,100.0
Kelly International,CRM,9.01,323.9,1.64,267.4,100.0
Kelly International,DUK,9.01,164.2,1.94,151.7,90.0
Kelly International,ELP,9.01,45.3,1.61,13.5,9.8
Kelly International,GOOG,9.01,1163.9,2.39,118.4,76.0
Kelly International,GOOGL,9.01,1603.8,2.69,120.0,75.7
Kelly International,JNJ,9.01,668.5,2.74,73.8,41.8
Kelly International,EBR,7.56,50.8,2.49,13.8,10.1
Kelly International,ABEV,7.27,12.4,1.65,6.0,5.6
Kelly International,JPM,5.78,758.5,2.1,367.6,100.0
Kelly International,AEP,4.18,315.8,2.14,76.9,52.1
Kelly International,NVDA,3.85,156.4,1.5,331.4,100.0
Kelly International,AAPL,3.36,210.5,1.73,203.7,95.7
Kelly International,META,2.91,-97.8,-0.73,254.8,100.0
Kelly International,KO,2.03,219.1,2.04,51.7,29.9
Sector Technology All 3,GOOGL,33.33,1603.8,2.69,120.0,75.7
Sector Technology All 3,GOOG,33.33,1163.9,2.39,118.4,76.0
Sector Technology All 3,CRM,33.33,323.9,1.64,267.4,100.0
Sector Technology International 3,GOOGL,33.33,1603.8,2.69,120.0,75.7
Sector Technology International 3,GOOG,33.33,1163.9,2.39,118.4,76.0
Sector Technology International 3,CRM,33.33,323.9,1.64,267.4,100.0
Sector Finances All 3,BPAC11,35.12,349.9,2.08,80.4,54.6
Sector Finances All 3,BRSR6,35.12,78.3,2.92,23.1,30.3
Sector Finances All 3,JPM,29.77,758.5,2.1,367.6,100.0
Sector Finances Brazilian 3,BRSR6,36.52,78.3,2.92,23.1,30.3
Sector Finances Brazilian 3,BPAC3,36.52,154.4,1.98,71.8,81.8
Sector Finances Brazilian 3,BPAC11,26.97,349.9,2.08,80.4,54.6
Sector Finances International 3,JPM,100.0,758.5,2.1,367.6,100.0
Sector Energy All 3,CPFE3,36.26,283.2,3.39,45.3,43.9
Sector Energy All 3,ELET3,36.26,292.7,2.06,42.2,32.6
Sector Energy All 3,AEP,27.48,315.8,2.14,76.9,52.1
Sector Energy Brazilian 3,ELET3,40.72,292.7,2.06,42.2,32.6
Sector Energy Brazilian 3,ELET6,40.72,303.6,1.81,51.7,37.4
Sector Energy Brazilian 3,CPFE3,18.56,283.2,3.39,45.3,43.9
Sector Energy International 3,EBR,35.61,50.8,2.49,13.8,10.1
Sector Energy International 3,AEP,32.33,315.8,2.14,76.9,52.1
Sector Energy International 3,DUK,32.05,164.2,1.94,151.7,90.0
Sector Consumer All 3,AMZN,39.44,546.9,2.03,280.5,100.0
Sector Consumer All 3,KO,39.44,219.1,2.04,51.7,29.9
Sector Consumer All 3,AAPL,21.12,210.5,1.73,203.7,95.7
Sector Consumer Brazilian 3,MGLU3,50.0,50.6,2.05,50.2,67.2
Sector Consumer Brazilian 3,PSSA3,50.0,79.3,1.14,89.7,50.3
Sector Consumer International 3,AMZN,39.44,546.9,2.03,280.5,100.0
Sector Consumer International 3,KO,39.44,219.1,2.04,51.7,29.9
Sector Consumer International 3,AAPL,21.12,210.5,1.73,203.7,95.7
Sector Health All 3,JNJ,100.0,668.5,2.74,73.8,41.8
Sector Health International 3,JNJ,100.0,668.5,2.74,73.8,41.8
Momentum All 3,GOOGL,33.33,1603.8,2.69,120.0,75.7
Momentum All 3,GOOG,33.33,1163.9,2.39,118.4,76.0
Momentum All 3,JPM,33.33,758.5,2.1,367.6,100.0
Momentum Brazilian 3,VALE3,33.33,519.2,3.5,51.0,41.2
Momentum Brazilian 3,BPAC11,33.33,349.9,2.08,80.4,54.6
Momentum Brazilian 3,PRIO3,33.33,307.8,1.87,68.7,50.5
Momentum International 3,GOOGL,33.33,1603.8,2.69,120.0,75.7
Momentum International 3,GOOG,33.33,1163.9,2.39,118.4,76.0
Momentum International 3,JPM,33.33,758.5,2.1,367.6,100.0
Mean Reversion All 3,META,50.0,-97.8,-0.73,254.8,100.0
Mean Reversion All 3,PM,50.0,-21.2,0.96,236.7,99.9
Mean Reversion International 3,META,50.0,-97.8,-0.73,254.8,100.0
Mean Reversion International 3,PM,50.0,-21.2,0.96,236.7,99.9
Quality All 3,CPFE3,33.34,283.2,3.39,45.3,43.9
Quality All 3,BRSR6,33.34,78.3,2.92,23.1,30.3
Quality All 3,VALE3,33.32,519.2,3.5,51.0,41.2
Quality Brazilian 3,CPFE3,33.34,283.2,3.39,45.3,43.9
Quality Brazilian 3,BRSR6,33.34,78.3,2.92,23.1,30.3
Quality Brazilian 3,VALE3,33.32,519.2,3.5,51.0,41.2
Quality International 3,JNJ,34.58,668.5,2.74,73.8,41.8
Quality International 3,PBR-A,34.58,105.4,2.64,26.2,28.3
Quality International 3,GOOGL,30.85,1603.8,2.69,120.0,75.7
Value All 3,GOOGL,33.47,1603.8,2.69,120.0,75.7
Value All 3,JNJ,33.47,668.5,2.74,73.8,41.8
Value All 3,GOOG,33.06,1163.9,2.39,118.4,76.0
Value Brazilian 3,ELET3,40.71,292.7,2.06,42.2,32.6
Value Brazilian 3,ELET6,40.71,303.6,1.81,51.7,37.4
Value Brazilian 3,VALE3,18.57,519.2,3.5,51.0,41.2
Value International 3,GOOGL,33.47,1603.8,2.69,120.0,75.7
Value International 3,JNJ,33.47,668.5,2.74,73.8,41.8
Value International 3,GOOG,33.06,1163.9,2.39,118.4,76.0
Growth All 3,GOOGL,33.33,1603.8,2.69,120.0,75.7
Growth All 3,GOOG,33.33,1163.9,2.39,118.4,76.0
Growth All 3,JPM,33.33,758.5,2.1,367.6,100.0
Growth Brazilian 3,VALE3,33.33,519.2,3.5,51.0,41.2
Growth Brazilian 3,BPAC11,33.33,349.9,2.08,80.4,54.6
Growth Brazilian 3,PRIO3,33.33,307.8,1.87,68.7,50.5
Growth International 3,GOOGL,33.33,1603.8,2.69,120.0,75.7
Growth International 3,GOOG,33.33,1163.9,2.39,118.4,76.0
Growth International 3,JPM,33.33,758.5,2.1,367.6,100.0
High Frequency All 3,BBDC3,40.01,61.6,1.42,26.9,28.3
High Frequency All 3,PETR4,40.01,283.1,2.51,43.9,37.8
High Frequency All 3,AAPL,19.98,210.5,1.73,203.7,95.7
High Frequency Brazilian 3,BBDC3,33.33,61.6,1.42,26.9,28.3
High Frequency Brazilian 3,PETR4,33.33,283.1,2.51,43.9,37.8
High Frequency Brazilian 3,WEGE3,33.33,246.7,2.4,49.7,42.7
High Frequency International 3,NVDA,35.92,156.4,1.5,331.4,100.0
High Frequency International 3,AEP,35.92,315.8,2.14,76.9,52.1
High Frequency International 3,AAPL,28.16,210.5,1.73,203.7,95.7
Low Turnover All 3,BBDC3,40.01,61.6,1.42,26.9,28.3
Low Turnover All 3,PETR4,40.01,283.1,2.51,43.9,37.8
Low Turnover All 3,AAPL,19.98,210.5,1.73,203.7,95.7
Low Turnover Brazilian 3,BBDC3,33.33,61.6,1.42,26.9,28.3
Low Turnover Brazilian 3,PETR4,33.33,283.1,2.51,43.9,37.8
Low Turnover Brazilian 3,WEGE3,33.33,246.7,2.4,49.7,42.7
Low Turnover International 3,NVDA,35.92,156.4,1.5,331.4,100.0
Low Turnover International 3,AEP,35.92,315.8,2.14,76.9,52.1
Low Turnover International 3,AAPL,28.16,210.5,1.73,203.7,95.7
Swing Trading All 3,CRM,35.67,323.9,1.64,267.4,100.0
Swing Trading All 3,BPAC5,35.67,86.2,1.23,45.9,38.5
Swing Trading All 3,META,28.66,-97.8,-0.73,254.8,100.0
Swing Trading Brazilian 3,BRSR5,35.25,76.8,1.96,42.1,22.2
Swing Trading Brazilian 3,EALT4,35.25,23.3,1.63,18.3,32.1
Swing Trading Brazilian 3,BPAC5,29.5,86.2,1.23,45.9,38.5
Swing Trading International 3,CRM,35.7,323.9,1.64,267.4,100.0
Swing Trading International 3,EBR,35.7,50.8,2.49,13.8,10.1
Swing Trading International 3,META,28.6,-97.8,-0.73,254.8,100.0
Risk Parity All 3,CPFE3,33.34,283.2,3.39,45.3,43.9
Risk Parity All 3,BRSR6,33.34,78.3,2.92,23.1,30.3
Risk Parity All 3,VALE3,33.32,519.2,3.5,51.0,41.2
Risk Parity Brazilian 3,CPFE3,33.34,283.2,3.39,45.3,43.9
Risk Parity Brazilian 3,BRSR6,33.34,78.3,2.92,23.1,30.3
Risk Parity Brazilian 3,VALE3,33.32,519.2,3.5,51.0,41.2
Risk Parity International 3,EBR,39.69,50.8,2.49,13.8,10.1
Risk Parity International 3,PBR-A,39.69,105.4,2.64,26.2,28.3
Risk Parity International 3,JNJ,20.62,668.5,2.74,73.8,41.8
Max Sharpe All 3,AAPL,33.33,210.5,1.73,203.7,95.7
Max Sharpe All 3,ABEV,33.33,12.4,1.65,6.0,5.6
Max Sharpe All 3,AEP,33.33,315.8,2.14,76.9,52.1
Max Sharpe Brazilian 3,CPFE3,33.33,283.2,3.39,45.3,43.9
Max Sharpe Brazilian 3,BRSR6,33.33,78.3,2.92,23.1,30.3
Max Sharpe Brazilian 3,BRAP4,33.33,127.4,2.73,28.2,26.2
Max Sharpe International 3,AAPL,33.33,210.5,1.73,203.7,95.7
Max Sharpe International 3,ABEV,33.33,12.4,1.65,6.0,5.6
Max Sharpe International 3,AEP,33.33,315.8,2.14,76.9,52.1
Min Variance All 3,JPM,33.33,758.5,2.1,367.6,100.0
Min Variance All 3,NVDA,33.33,156.4,1.5,331.4,100.0
Min Variance All 3,AMZN,33.33,546.9,2.03,280.5,100.0
Min Variance Brazilian 3,PSSA3,33.33,79.3,1.14,89.7,50.3
Min Variance Brazilian 3,BPAC11,33.33,349.9,2.08,80.4,54.6
Min Variance Brazilian 3,SAPR11,33.33,84.1,1.2,78.7,76.5
Min Variance International 3,JPM,33.33,758.5,2.1,367.6,100.0
Min Variance International 3,NVDA,33.33,156.4,1.5,331.4,100.0
Min Variance International 3,AMZN,33.33,546.9,2.03,280.5,100.0
Max Diversification All 3,ABEV,40.24,12.4,1.65,6.0,5.6
Max Diversification All 3,AEP,40.24,315.8,2.14,76.9,52.1
Max Diversification All 3,AAPL,19.51,210.5,1.73,203.7,95.7
Max Diversification Brazilian 3,ALUP3,35.6,22.9,0.74,26.8,23.9
Max Diversification Brazilian 3,BBDC3,35.6,61.6,1.42,26.9,28.3
Max Diversification Brazilian 3,BPAC11,28.8,349.9,2.08,80.4,54.6
Max Diversification International 3,ABEV,40.24,12.4,1.65,6.0,5.6
Max Diversification International 3,AEP,40.24,315.8,2.14,76.9,52.1
Max Diversification International 3,AAPL,19.51,210.5,1.73,203.7,95.7
Concentrated All 3,GOOGL,33.33,1603.8,2.69,120.0,75.7
Concentrated All 3,GOOG,33.33,1163.9,2.39,118.4,76.0
Concentrated All 3,VALE3,33.33,519.2,3.5,51.0,41.2
Concentrated Brazilian 3,VALE3,33.33,519.2,3.5,51.0,41.2
Concentrated Brazilian 3,CPFE3,33.33,283.2,3.39,45.3,43.9
Concentrated Brazilian 3,PETR4,33.33,283.1,2.51,43.9,37.8
Concentrated International 3,GOOGL,33.33,1603.8,2.69,120.0,75.7
Concentrated International 3,GOOG,33.33,1163.9,2.39,118.4,76.0
Concentrated International 3,JNJ,33.33,668.5,2.74,73.8,41.8
Mega Diversified All 3,JPM,6.67,758.5,2.1,367.6,100.0
Mega Diversified All 3,NVDA,6.67,156.4,1.5,331.4,100.0
Mega Diversified All 3,AMZN,6.67,546.9,2.03,280.5,100.0
Mega Diversified All 3,CRM,6.67,323.9,1.64,267.4,100.0
Mega Diversified All 3,META,6.67,-97.8,-0.73,254.8,100.0
Mega Diversified All 3,PM,6.67,-21.2,0.96,236.7,99.9
Mega Diversified All 3,AAPL,6.67,210.5,1.73,203.7,95.7
Mega Diversified All 3,DUK,6.67,164.2,1.94,151.7,90.0
Mega Diversified All 3,GOOG,6.67,1163.9,2.39,118.4,76.0
Mega Diversified All 3,GOOGL,6.67,1603.8,2.69,120.0,75.7
Mega Diversified All 3,SAPR11,6.67,84.1,1.2,78.7,76.5
Mega Diversified All 3,BPAC11,6.67,349.9,2.08,80.4,54.6
Mega Diversified All 3,BPAC3,6.67,154.4,1.98,71.8,81.8
Mega Diversified All 3,AEP,6.67,315.8,2.14,76.9,52.1
Mega Diversified All 3,PSSA3,6.67,79.3,1.14,89.7,50.3
Mega Diversified Brazilian 3,SIMH3,12.5,119.0,2.35,47.8,63.9
Mega Diversified Brazilian 3,WEGE3,10.98,246.7,2.4,49.7,42.7
Mega Diversified Brazilian 3,BPAC3,10.4,154.4,1.98,71.8,81.8
Mega Diversified Brazilian 3,CPFE3,9.36,283.2,3.39,45.3,43.9
Mega Diversified Brazilian 3,TAEE11,9.07,144.2,1.96,41.2,33.5
Mega Diversified Brazilian 3,PETR4,8.5,283.1,2.51,43.9,37.8
Mega Diversified Brazilian 3,ITUB4,8.08,95.1,1.36,49.5,45.6
Mega Diversified Brazilian 3,MGLU3,7.73,50.6,2.05,50.2,67.2
Mega Diversified Brazilian 3,VALE3,6.33,519.2,3.5,51.0,41.2
Mega Diversified Brazilian 3,PRIO3,5.43,307.8,1.87,68.7,50.5
Mega Diversified Brazilian 3,SAPR11,4.74,84.1,1.2,78.7,76.5
Mega Diversified Brazilian 3,HYPE3,3.28,42.4,1.02,49.6,46.3
Mega Diversified Brazilian 3,BPAC11,1.6,349.9,2.08,80.4,54.6
Mega Diversified Brazilian 3,PSSA3,1.33,79.3,1.14,89.7,50.3
Mega Diversified Brazilian 3,ELET6,0.67,303.6,1.81,51.7,37.4
Mega Diversified International 3,JNJ,9.83,668.5,2.74,73.8,41.8
Mega Diversified International 3,AMZN,9.33,546.9,2.03,280.5,100.0
Mega Diversified International 3,CRM,9.33,323.9,1.64,267.4,100.0
Mega Diversified International 3,GOOG,9.33,1163.9,2.39,118.4,76.0
Mega Diversified International 3,PBR-A,9.19,105.4,2.64,26.2,28.3
Mega Diversified International 3,GOOGL,9.08,1603.8,2.69,120.0,75.7
Mega Diversified International 3,JPM,8.02,758.5,2.1,367.6,100.0
Mega Diversified International 3,DUK,7.91,164.2,1.94,151.7,90.0
Mega Diversified International 3,ELP,6.93,45.3,1.61,13.5,9.8
Mega Diversified International 3,AEP,5.8,315.8,2.14,76.9,52.1
Mega Diversified International 3,NVDA,5.34,156.4,1.5,331.4,100.0
Mega Diversified International 3,AAPL,4.66,210.5,1.73,203.7,95.7
Mega Diversified International 3,KO,2.81,219.1,2.04,51.7,29.9
Mega Diversified International 3,PM,1.76,-21.2,0.96,236.7,99.9
Mega Diversified International 3,META,0.67,-97.8,-0.73,254.8,100.0
Barbell All 3,GOOGL,50.0,1603.8,2.69,120.0,75.7
Barbell All 3,BRAP4,50.0,127.4,2.73,28.2,26.2
Barbell Brazilian 3,BPAC11,50.0,349.9,2.08,80.4,54.6
Barbell Brazilian 3,BRAP4,50.0,127.4,2.73,28.2,26.2
Barbell International 3,GOOGL,50.0,1603.8,2.69,120.0,75.7
Barbell International 3,PBR-A,50.0,105.4,2.64,26.2,28.3
Inverse Vol All 3,ABEV,90.3,12.4,1.65,6.0,5.6
Inverse Vol All 3,AEP,7.04,315.8,2.14,76.9,52.1
Inverse Vol All 3,AAPL,2.66,210.5,1.73,203.7,95.7
Inverse Vol Brazilian 3,ALUP3,42.91,22.9,0.74,26.8,23.9
Inverse Vol Brazilian 3,BBDC3,42.78,61.6,1.42,26.9,28.3
Inverse Vol Brazilian 3,BPAC11,14.31,349.9,2.08,80.4,54.6
Inverse Vol International 3,ABEV,90.3,12.4,1.65,6.0,5.6
Inverse Vol International 3,AEP,7.04,315.8,2.14,76.9,52.1
Inverse Vol International 3,AAPL,2.66,210.5,1.73,203.7,95.7
Kelly All 3,ABEV,49.13,12.4,1.65,6.0,5.6
Kelly All 3,AEP,28.2,315.8,2.14,76.9,52.1
Kelly All 3,AAPL,22.67,210.5,1.73,203.7,95.7
Kelly Brazilian 3,BPAC3,55.93,154.4,1.98,71.8,81.8
Kelly Brazilian 3,ALUP3,36.9,22.9,0.74,26.8,23.9
Kelly Brazilian 3,BPAC11,7.17,349.9,2.08,80.4,54.6
Kelly International 3,ABEV,49.13,12.4,1.65,6.0,5.6
Kelly International 3,AEP,28.2,315.8,2.14,76.9,52.1
Kelly International 3,AAPL,22.67,210.5,1.73,203.7,95.7
Sector Technology All 5,GOOGL,25.2,1603.8,2.69,120.0,75.7
Sector Technology All 5,GOOG,25.2,1163.9,2.39,118.4,76.0
Sector Technology All 5,CRM,25.2,323.9,1.64,267.4,100.0
Sector Technology All 5,NVDA,14.51,156.4,1.5,331.4,100.0
Sector Technology All 5,AAPL,9.89,210.5,1.73,203.7,95.7
Sector Technology International 5,GOOGL,25.2,1603.8,2.69,120.0,75.7
Sector Technology International 5,GOOG,25.2,1163.9,2.39,118.4,76.0
Sector Technology International 5,CRM,25.2,323.9,1.64,267.4,100.0
Sector Technology International 5,NVDA,14.51,156.4,1.5,331.4,100.0
Sector Technology International 5,AAPL,9.89,210.5,1.73,203.7,95.7
Sector Finances All 5,BRSR6,26.05,78.3,2.92,23.1,30.3
Sector Finances All 5,BPAC3,26.05,154.4,1.98,71.8,81.8
Sector Finances All 5,BRSR5,26.05,76.8,1.96,42.1,22.2
Sector Finances All 5,BPAC11,11.91,349.9,2.08,80.4,54.6
Sector Finances All 5,JPM,9.94,758.5,2.1,367.6,100.0
Sector Finances Brazilian 5,BRSR6,26.22,78.3,2.92,23.1,30.3
Sector Finances Brazilian 5,BRSR5,26.22,76.8,1.96,42.1,22.2
Sector Finances Brazilian 5,BPAC3,22.75,154.4,1.98,71.8,81.8
Sector Finances Brazilian 5,ITUB4,14.72,95.1,1.36,49.5,45.6
Sector Finances Brazilian 5,BPAC11,10.09,349.9,2.08,80.4,54.6
Sector Finances International 5,JPM,100.0,758.5,2.1,367.6,100.0
Sector Energy All 5,ELET3,27.45,292.7,2.06,42.2,32.6
Sector Energy All 5,ELET6,27.45,303.6,1.81,51.7,37.4
Sector Energy All 5,CPFE3,22.74,283.2,3.39,45.3,43.9
Sector Energy All 5,DUK,11.68,164.2,1.94,151.7,90.0
Sector Energy All 5,AEP,10.67,315.8,2.14,76.9,52.1
Sector Energy Brazilian 5,ELET3,26.81,292.7,2.06,42.2,32.6
Sector Energy Brazilian 5,ELET6,26.81,303.6,1.81,51.7,37.4
Sector Energy Brazilian 5,NEOE3,26.81,89.0,1.64,27.1,23.5
Sector Energy Brazilian 5,CPFE3,12.15,283.2,3.39,45.3,43.9
Sector Energy Brazilian 5,TAEE11,7.43,144.2,1.96,41.2,33.5
Sector Energy International 5,EBR,33.06,50.8,2.49,13.8,10.1
Sector Energy International 5,ELP,33.06,45.3,1.61,13.5,9.8
Sector Energy International 5,AEP,16.97,315.8,2.14,76.9,52.1
Sector Energy International 5,DUK,16.91,164.2,1.94,151.7,90.0
Sector Consumer All 5,AMZN,23.77,546.9,2.03,280.5,100.0
Sector Consumer All 5,KO,23.77,219.1,2.04,51.7,29.9
Sector Consumer All 5,MGLU3,23.77,50.6,2.05,50.2,67.2
Sector Consumer All 5,PSSA3,23.77,79.3,1.14,89.7,50.3
Sector Consumer All 5,AAPL,4.93,210.5,1.73,203.7,95.7
Sector Consumer Brazilian 5,MGLU3,50.0,50.6,2.05,50.2,67.2
Sector Consumer Brazilian 5,PSSA3,50.0,79.3,1.14,89.7,50.3
Sector Consumer International 5,AMZN,28.81,546.9,2.03,280.5,100.0
Sector Consumer International 5,KO,28.81,219.1,2.04,51.7,29.9
Sector Consumer International 5,AAPL,28.81,210.5,1.73,203.7,95.7
Sector Consumer International 5,META,13.58,-97.8,-0.73,254.8,100.0
Sector Health All 5,JNJ,100.0,668.5,2.74,73.8,41.8
Sector Health International 5,JNJ,100.0,668.5,2.74,73.8,41.8
Momentum All 5,JNJ,25.88,668.5,2.74,73.8,41.8
Momentum All 5,AMZN,25.88,546.9,2.03,280.5,100.0
Momentum All 5,JPM,18.22,758.5,2.1,367.6,100.0
Momentum All 5,GOOGL,16.42,1603.8,2.69,120.0,75.7
Momentum All 5,GOOG,13.6,1163.9,2.39,118.4,76.0
Momentum Brazilian 5,ELET6,26.71,303.6,1.81,51.7,37.4
Momentum Brazilian 5,ELET3,26.71,292.7,2.06,42.2,32.6
Momentum Brazilian 5,VALE3,23.59,519.2,3.5,51.0,41.2
Momentum Brazilian 5,PRIO3,13.23,307.8,1.87,68.7,50.5
Momentum Brazilian 5,BPAC11,9.75,349.9,2.08,80.4,54.6
Momentum International 5,JNJ,25.88,668.5,2.74,73.8,41.8
Momentum International 5,AMZN,25.88,546.9,2.03,280.5,100.0
Momentum International 5,JPM,18.22,758.5,2.1,367.6,100.0
Momentum International 5,GOOGL,16.42,1603.8,2.69,120.0,75.7
Momentum International 5,GOOG,13.6,1163.9,2.39,118.4,76.0
Mean Reversion All 5,META,50.0,-97.8,-0.73,254.8,100.0
Mean Reversion All 5,PM,50.0,-21.2,0.96,236.7,99.9
Mean Reversion International 5,META,50.0,-97.8,-0.73,254.8,100.0
Mean Reversion International 5,PM,50.0,-21.2,0.96,236.7,99.9
Quality All 5,BRSR6,24.57,78.3,2.92,23.1,30.3
Quality All 5,BRAP4,24.57,127.4,2.73,28.2,26.2
Quality All 5,CPFE3,24.54,283.2,3.39,45.3,43.9
Quality All 5,VALE3,16.15,519.2,3.5,51.0,41.2
Quality All 5,JNJ,10.18,668.5,2.74,73.8,41.8
Quality Brazilian 5,BRSR6,25.82,78.3,2.92,23.1,30.3
Quality Brazilian 5,BRAP4,23.23,127.4,2.73,28.2,26.2
Quality Brazilian 5,CPFE3,21.19,283.2,3.39,45.3,43.9
Quality Brazilian 5,VALE3,15.17,519.2,3.5,51.0,41.2
Quality Brazilian 5,PETR4,14.6,283.1,2.51,43.9,37.8
Quality International 5,JNJ,26.24,668.5,2.74,73.8,41.8
Quality International 5,PBR-A,26.24,105.4,2.64,26.2,28.3
Quality International 5,EBR,26.24,50.8,2.49,13.8,10.1
Quality International 5,GOOGL,11.81,1603.8,2.69,120.0,75.7
Quality International 5,GOOG,9.46,1163.9,2.39,118.4,76.0
Value All 5,JNJ,25.85,668.5,2.74,73.8,41.8
Value All 5,VALE3,25.85,519.2,3.5,51.0,41.2
Value All 5,ELET3,25.85,292.7,2.06,42.2,32.6
Value All 5,GOOGL,12.38,1603.8,2.69,120.0,75.7
Value All 5,GOOG,10.06,1163.9,2.39,118.4,76.0
Value Brazilian 5,ELET3,28.25,292.7,2.06,42.2,32.6
Value Brazilian 5,ELET6,28.25,303.6,1.81,51.7,37.4
Value Brazilian 5,CPFE3,17.75,283.2,3.39,45.3,43.9
Value Brazilian 5,VALE3,15.01,519.2,3.5,51.0,41.2
Value Brazilian 5,PETR4,10.75,283.1,2.51,43.9,37.8
Value International 5,JNJ,24.8,668.5,2.74,73.8,41.8
Value International 5,KO,24.8,219.1,2.04,51.7,29.9
Value International 5,AEP,24.8,315.8,2.14,76.9,52.1
Value International 5,GOOGL,14.11,1603.8,2.69,120.0,75.7
Value International 5,GOOG,11.48,1163.9,2.39,118.4,76.0
Growth All 5,JNJ,25.88,668.5,2.74,73.8,41.8
Growth All 5,AMZN,25.88,546.9,2.03,280.5,100.0
Growth All 5,JPM,18.22,758.5,2.1,367.6,100.0
Growth All 5,GOOGL,16.42,1603.8,2.69,120.0,75.7
Growth All 5,GOOG,13.6,1163.9,2.39,118.4,76.0
Growth Brazilian 5,VALE3,26.81,519.2,3.5,51.0,41.2
Growth Brazilian 5,ELET6,26.81,303.6,1.81,51.7,37.4
Growth Brazilian 5,PETR4,17.76,283.1,2.51,43.9,37.8
Growth Brazilian 5,PRIO3,14.49,307.8,1.87,68.7,50.5
Growth Brazilian 5,BPAC11,14.13,349.9,2.08,80.4,54.6
Growth International 5,JNJ,25.88,668.5,2.74,73.8,41.8
Growth International 5,AMZN,25.88,546.9,2.03,280.5,100.0
Growth International 5,JPM,18.22,758.5,2.1,367.6,100.0
Growth International 5,GOOGL,16.42,1603.8,2.69,120.0,75.7
Growth International 5,GOOG,13.6,1163.9,2.39,118.4,76.0
High Frequency All 5,PETR4,25.88,283.1,2.51,43.9,37.8
High Frequency All 5,WEGE3,25.88,246.7,2.4,49.7,42.7
High Frequency All 5,BBDC3,21.96,61.6,1.42,26.9,28.3
High Frequency All 5,TAEE11,20.41,144.2,1.96,41.2,33.5
High Frequency All 5,AAPL,5.87,210.5,1.73,203.7,95.7
High Frequency Brazilian 5,WEGE3,23.24,246.7,2.4,49.7,42.7
High Frequency Brazilian 5,CMIG3,23.24,34.8,0.99,24.6,29.7
High Frequency Brazilian 5,PETR4,19.38,283.1,2.51,43.9,37.8
High Frequency Brazilian 5,BBDC3,18.11,61.6,1.42,26.9,28.3
High Frequency Brazilian 5,TAEE11,16.02,144.2,1.96,41.2,33.5
High Frequency International 5,AEP,26.41,315.8,2.14,76.9,52.1
High Frequency International 5,JNJ,26.41,668.5,2.74,73.8,41.8
High Frequency International 5,KO,26.41,219.1,2.04,51.7,29.9
High Frequency International 5,NVDA,12.97,156.4,1.5,331.4,100.0
High Frequency International 5,AAPL,7.8,210.5,1.73,203.7,95.7
Low Turnover All 5,PETR4,25.88,283.1,2.51,43.9,37.8
Low Turnover All 5,WEGE3,25.88,246.7,2.4,49.7,42.7
Low Turnover All 5,BBDC3,21.96,61.6,1.42,26.9,28.3
Low Turnover All 5,TAEE11,20.41,144.2,1.96,41.2,33.5
Low Turnover All 5,AAPL,5.87,210.5,1.73,203.7,95.7
Low Turnover Brazilian 5,WEGE3,23.56,246.7,2.4,49.7,42.7
Low Turnover Brazilian 5,CMIG3,23.56,34.8,0.99,24.6,29.7
Low Turnover Brazilian 5,BBDC3,19.35,61.6,1.42,26.9,28.3
Low Turnover Brazilian 5,PETR4,18.32,283.1,2.51,43.9,37.8
Low Turnover Brazilian 5,TAEE11,15.2,144.2,1.96,41.2,33.5
Low Turnover International 5,AEP,26.41,315.8,2.14,76.9,52.1
Low Turnover International 5,JNJ,26.41,668.5,2.74,73.8,41.8
Low Turnover International 5,KO,26.41,219.1,2.04,51.7,29.9
Low Turnover International 5,NVDA,12.97,156.4,1.5,331.4,100.0
Low Turnover International 5,AAPL,7.8,210.5,1.73,203.7,95.7
Swing Trading All 5,CRM,23.32,323.9,1.64,267.4,100.0
Swing Trading All 5,BPAC5,23.32,86.2,1.23,45.9,38.5
Swing Trading All 5,BRSR5,23.32,76.8,1.96,42.1,22.2
Swing Trading All 5,EALT4,23.32,23.3,1.63,18.3,32.1
Swing Trading All 5,META,6.73,-97.8,-0.73,254.8,100.0
Swing Trading Brazilian 5,BRSR5,23.32,76.8,1.96,42.1,22.2
Swing Trading Brazilian 5,EALT4,23.32,23.3,1.63,18.3,32.1
Swing Trading Brazilian 5,EALT3,23.32,38.7,2.36,30.1,31.8
Swing Trading Brazilian 5,MGLU3,22.35,50.6,2.05,50.2,67.2
Swing Trading Brazilian 5,BPAC5,7.7,86.2,1.23,45.9,38.5
Swing Trading International 5,CRM,35.7,323.9,1.64,267.4,100.0
Swing Trading International 5,EBR,35.7,50.8,2.49,13.8,10.1
Swing Trading International 5,META,28.6,-97.8,-0.73,254.8,100.0
Risk Parity All 5,BRSR6,27.31,78.3,2.92,23.1,30.3
Risk Parity All 5,EBR,27.31,50.8,2.49,13.8,10.1
Risk Parity All 5,BRAP4,18.36,127.4,2.73,28.2,26.2
Risk Parity All 5,CPFE3,15.4,283.2,3.39,45.3,43.9
Risk Parity All 5,VALE3,11.62,519.2,3.5,51.0,41.2
Risk Parity Brazilian 5,BRSR6,26.23,78.3,2.92,23.1,30.3
Risk Parity Brazilian 5,USIM3,26.23,58.0,2.45,20.3,33.6
Risk Parity Brazilian 5,BRAP4,19.1,127.4,2.73,28.2,26.2
Risk Parity Brazilian 5,CPFE3,16.22,283.2,3.39,45.3,43.9
Risk Parity Brazilian 5,VALE3,12.22,519.2,3.5,51.0,41.2
Risk Parity International 5,EBR,26.24,50.8,2.49,13.8,10.1
Risk Parity International 5,PBR-A,26.24,105.4,2.64,26.2,28.3
Risk Parity International 5,JNJ,26.24,668.5,2.74,73.8,41.8
Risk Parity International 5,GOOGL,11.81,1603.8,2.69,120.0,75.7
Risk Parity International 5,GOOG,9.46,1163.9,2.39,118.4,76.0
Max Sharpe All 5,AAPL,20.0,210.5,1.73,203.7,95.7
Max Sharpe All 5,ABEV,20.0,12.4,1.65,6.0,5.6
Max Sharpe All 5,AEP,20.0,315.8,2.14,76.9,52.1
Max Sharpe All 5,ALUP3,20.0,22.9,0.74,26.8,23.9
Max Sharpe All 5,AMZN,20.0,546.9,2.03,280.5,100.0
Max Sharpe Brazilian 5,CPFE3,20.0,283.2,3.39,45.3,43.9
Max Sharpe Brazilian 5,BRSR6,20.0,78.3,2.92,23.1,30.3
Max Sharpe Brazilian 5,BRAP4,20.0,127.4,2.73,28.2,26.2
Max Sharpe Brazilian 5,CPLE6,20.0,51.8,1.87,16.0,11.2
Max Sharpe Brazilian 5,ELET3,20.0,292.7,2.06,42.2,32.6
Max Sharpe International 5,AAPL,20.0,210.5,1.73,203.7,95.7
Max Sharpe International 5,ABEV,20.0,12.4,1.65,6.0,5.6
Max Sharpe International 5,AEP,20.0,315.8,2.14,76.9,52.1
Max Sharpe International 5,AMZN,20.0,546.9,2.03,280.5,100.0
Max Sharpe International 5,CRM,20.0,323.9,1.64,267.4,100.0
Min Variance All 5,JPM,20.0,758.5,2.1,367.6,100.0
Min Variance All 5,NVDA,20.0,156.4,1.5,331.4,100.0
Min Variance All 5,AMZN,20.0,546.9,2.03,280.5,100.0
Min Variance All 5,CRM,20.0,323.9,1.64,267.4,100.0
Min Variance All 5,META,20.0,-97.8,-0.73,254.8,100.0
Min Variance Brazilian 5,PSSA3,20.0,79.3,1.14,89.7,50.3
Min Variance Brazilian 5,BPAC11,20.0,349.9,2.08,80.4,54.6
Min Variance Brazilian 5,SAPR11,20.0,84.1,1.2,78.7,76.5
Min Variance Brazilian 5,BPAC3,20.0,154.4,1.98,71.8,81.8
Min Variance Brazilian 5,PRIO3,20.0,307.8,1.87,68.7,50.5
Min Variance International 5,JPM,20.0,758.5,2.1,367.6,100.0
Min Variance International 5,NVDA,20.0,156.4,1.5,331.4,100.0
Min Variance International 5,AMZN,20.0,546.9,2.03,280.5,100.0
Min Variance International 5,CRM,20.0,323.9,1.64,267.4,100.0
Min Variance International 5,META,20.0,-97.8,-0.73,254.8,100.0
Max Diversification All 5,ABEV,23.84,12.4,1.65,6.0,5.6
Max Diversification All 5,AEP,23.84,315.8,2.14,76.9,52.1
Max Diversification All 5,ALUP3,23.84,22.9,0.74,26.8,23.9
Max Diversification All 5,AMZN,23.84,546.9,2.03,280.5,100.0
Max Diversification All 5,AAPL,4.65,210.5,1.73,203.7,95.7
Max Diversification Brazilian 5,ALUP3,23.96,22.9,0.74,26.8,23.9
Max Diversification Brazilian 5,BPAC3,23.96,154.4,1.98,71.8,81.8
Max Diversification Brazilian 5,BBDC3,22.15,61.6,1.42,26.9,28.3
Max Diversification Brazilian 5,BPAC5,17.84,86.2,1.23,45.9,38.5
Max Diversification Brazilian 5,BPAC11,12.1,349.9,2.08,80.4,54.6
Max Diversification International 5,ABEV,23.72,12.4,1.65,6.0,5.6
Max Diversification International 5,AEP,23.72,315.8,2.14,76.9,52.1
Max Diversification International 5,AMZN,23.72,546.9,2.03,280.5,100.0
Max Diversification International 5,CRM,23.72,323.9,1.64,267.4,100.0
Max Diversification International 5,AAPL,5.12,210.5,1.73,203.7,95.7
Concentrated All 5,GOOGL,20.0,1603.8,2.69,120.0,75.7
Concentrated All 5,GOOG,20.0,1163.9,2.39,118.4,76.0
Concentrated All 5,VALE3,20.0,519.2,3.5,51.0,41.2
Concentrated All 5,JNJ,20.0,668.5,2.74,73.8,41.8
Concentrated All 5,JPM,20.0,758.5,2.1,367.6,100.0
Concentrated Brazilian 5,VALE3,20.0,519.2,3.5,51.0,41.2
Concentrated Brazilian 5,CPFE3,20.0,283.2,3.39,45.3,43.9
Concentrated Brazilian 5,PETR4,20.0,283.1,2.51,43.9,37.8
Concentrated Brazilian 5,BPAC11,20.0,349.9,2.08,80.4,54.6
Concentrated Brazilian 5,WEGE3,20.0,246.7,2.4,49.7,42.7
Concentrated International 5,GOOGL,20.0,1603.8,2.69,120.0,75.7
Concentrated International 5,GOOG,20.0,1163.9,2.39,118.4,76.0
Concentrated International 5,JNJ,20.0,668.5,2.74,73.8,41.8
Concentrated International 5,JPM,20.0,758.5,2.1,367.6,100.0
Concentrated International 5,AMZN,20.0,546.9,2.03,280.5,100.0
Mega Diversified All 5,JPM,6.67,758.5,2.1,367.6,100.0
Mega Diversified All 5,NVDA,6.67,156.4,1.5,331.4,100.0
Mega Diversified All 5,AMZN,6.67,546.9,2.03,280.5,100.0
Mega Diversified All 5,CRM,6.67,323.9,1.64,267.4,100.0
Mega Diversified All 5,META,6.67,-97.8,-0.73,254.8,100.0
Mega Diversified All 5,PM,6.67,-21.2,0.96,236.7,99.9
Mega Diversified All 5,AAPL,6.67,210.5,1.73,203.7,95.7
Mega Diversified All 5,DUK,6.67,164.2,1.94,151.7,90.0
Mega Diversified All 5,GOOG,6.67,1163.9,2.39,118.4,76.0
Mega Diversified All 5,GOOGL,6.67,1603.8,2.69,120.0,75.7
Mega Diversified All 5,SAPR11,6.67,84.1,1.2,78.7,76.5
Mega Diversified All 5,BPAC11,6.67,349.9,2.08,80.4,54.6
Mega Diversified All 5,BPAC3,6.67,154.4,1.98,71.8,81.8
Mega Diversified All 5,AEP,6.67,315.8,2.14,76.9,52.1
Mega Diversified All 5,PSSA3,6.67,79.3,1.14,89.7,50.3
Mega Diversified Brazilian 5,SIMH3,12.5,119.0,2.35,47.8,63.9
Mega Diversified Brazilian 5,WEGE3,10.98,246.7,2.4,49.7,42.7
Mega Diversified Brazilian 5,BPAC3,10.4,154.4,1.98,71.8,81.8
Mega Diversified Brazilian 5,CPFE3,9.36,283.2,3.39,45.3,43.9
Mega Diversified Brazilian 5,TAEE11,9.07,144.2,1.96,41.2,33.5
Mega Diversified Brazilian 5,PETR4,8.5,283.1,2.51,43.9,37.8
Mega Diversified Brazilian 5,ITUB4,8.08,95.1,1.36,49.5,45.6
Mega Diversified Brazilian 5,MGLU3,7.73,50.6,2.05,50.2,67.2
Mega Diversified Brazilian 5,VALE3,6.33,519.2,3.5,51.0,41.2
Mega Diversified Brazilian 5,PRIO3,5.43,307.8,1.87,68.7,50.5
Mega Diversified Brazilian 5,SAPR11,4.74,84.1,1.2,78.7,76.5
Mega Diversified Brazilian 5,HYPE3,3.28,42.4,1.02,49.6,46.3
Mega Diversified Brazilian 5,BPAC11,1.6,349.9,2.08,80.4,54.6
Mega Diversified Brazilian 5,PSSA3,1.33,79.3,1.14,89.7,50.3
Mega Diversified Brazilian 5,ELET6,0.67,303.6,1.81,51.7,37.4
Mega Diversified International 5,JNJ,9.83,668.5,2.74,73.8,41.8
Mega Diversified International 5,AMZN,9.33,546.9,2.03,280.5,100.0
Mega Diversified International 5,CRM,9.33,323.9,1.64,267.4,100.0
Mega Diversified International 5,GOOG,9.33,1163.9,2.39,118.4,76.0
Mega Diversified International 5,PBR-A,9.19,105.4,2.64,26.2,28.3
Mega Diversified International 5,GOOGL,9.08,1603.8,2.69,120.0,75.7
Mega Diversified International 5,JPM,8.02,758.5,2.1,367.6,100.0
Mega Diversified International 5,DUK,7.91,164.2,1.94,151.7,90.0
Mega Diversified International 5,ELP,6.93,45.3,1.61,13.5,9.8
Mega Diversified International 5,AEP,5.8,315.8,2.14,76.9,52.1
Mega Diversified International 5,NVDA,5.34,156.4,1.5,331.4,100.0
Mega Diversified International 5,AAPL,4.66,210.5,1.73,203.7,95.7
Mega Diversified International 5,KO,2.81,219.1,2.04,51.7,29.9
Mega Diversified International 5,PM,1.76,-21.2,0.96,236.7,99.9
Mega Diversified International 5,META,0.67,-97.8,-0.73,254.8,100.0
Barbell All 5,BRAP4,31.45,127.4,2.73,28.2,26.2
Barbell All 5,LEVE3,31.45,116.3,2.0,33.7,21.1
Barbell All 5,GOOGL,20.47,1603.8,2.69,120.0,75.7
Barbell All 5,GOOG,16.64,1163.9,2.39,118.4,76.0
Barbell Brazilian 5,BRAP4,28.79,127.4,2.73,28.2,26.2
Barbell Brazilian 5,LEVE3,28.79,116.3,2.0,33.7,21.1
Barbell Brazilian 5,PRIO3,25.93,307.8,1.87,68.7,50.5
Barbell Brazilian 5,BPAC11,16.49,349.9,2.08,80.4,54.6
Barbell International 5,PBR-A,32.51,105.4,2.64,26.2,28.3
Barbell International 5,EBR,32.51,50.8,2.49,13.8,10.1
Barbell International 5,GOOGL,19.48,1603.8,2.69,120.0,75.7
Barbell International 5,GOOG,15.5,1163.9,2.39,118.4,76.0
Inverse Vol All 5,ABEV,73.95,12.4,1.65,6.0,5.6
Inverse Vol All 5,ALUP3,16.52,22.9,0.74,26.8,23.9
Inverse Vol All 5,AEP,5.77,315.8,2.14,76.9,52.1
Inverse Vol All 5,AAPL,2.18,210.5,1.73,203.7,95.7
Inverse Vol All 5,AMZN,1.58,546.9,2.03,280.5,100.0
Inverse Vol Brazilian 5,ALUP3,30.4,22.9,0.74,26.8,23.9
Inverse Vol Brazilian 5,BBDC3,30.31,61.6,1.42,26.9,28.3
Inverse Vol Brazilian 5,BPAC5,17.79,86.2,1.23,45.9,38.5
Inverse Vol Brazilian 5,BPAC3,11.36,154.4,1.98,71.8,81.8
Inverse Vol Brazilian 5,BPAC11,10.14,349.9,2.08,80.4,54.6
Inverse Vol International 5,ABEV,86.86,12.4,1.65,6.0,5.6
Inverse Vol International 5,AEP,6.78,315.8,2.14,76.9,52.1
Inverse Vol International 5,AAPL,2.56,210.5,1.73,203.7,95.7
Inverse Vol International 5,CRM,1.95,323.9,1.64,267.4,100.0
Inverse Vol International 5,AMZN,1.86,546.9,2.03,280.5,100.0
Kelly All 5,AMZN,30.27,546.9,2.03,280.5,100.0
Kelly All 5,ABEV,24.45,12.4,1.65,6.0,5.6
Kelly All 5,ALUP3,19.97,22.9,0.74,26.8,23.9
Kelly All 5,AEP,14.03,315.8,2.14,76.9,52.1
Kelly All 5,AAPL,11.28,210.5,1.73,203.7,95.7
Kelly Brazilian 5,BPAC3,28.91,154.4,1.98,71.8,81.8
Kelly Brazilian 5,BPAN4,28.91,52.3,1.54,21.9,16.8
Kelly Brazilian 5,BPAC5,19.39,86.2,1.23,45.9,38.5
Kelly Brazilian 5,ALUP3,19.07,22.9,0.74,26.8,23.9
Kelly Brazilian 5,BPAC11,3.71,349.9,2.08,80.4,54.6
Kelly International 5,AMZN,27.44,546.9,2.03,280.5,100.0
Kelly International 5,CRM,27.44,323.9,1.64,267.4,100.0
Kelly International 5,ABEV,22.16,12.4,1.65,6.0,5.6
Kelly International 5,AEP,12.72,315.8,2.14,76.9,52.1
Kelly International 5,AAPL,10.23,210.5,1.73,203.7,95.7
Sector Technology All 10,GOOGL,19.36,1603.8,2.69,120.0,75.7
Sector Technology All 10,GOOG,19.36,1163.9,2.39,118.4,76.0
Sector Technology All 10,CRM,19.36,323.9,1.64,267.4,100.0
Sector Technology All 10,NVDA,19.36,156.4,1.5,331.4,100.0
Sector Technology All 10,AAPL,18.27,210.5,1.73,203.7,95.7
Sector Technology All 10,META,4.29,-97.8,-0.73,254.8,100.0
Sector Technology International 10,GOOGL,19.36,1603.8,2.69,120.0,75.7
Sector Technology International 10,GOOG,19.36,1163.9,2.39,118.4,76.0
Sector Technology International 10,CRM,19.36,323.9,1.64,267.4,100.0
Sector Technology International 10,NVDA,19.36,156.4,1.5,331.4,100.0
Sector Technology International 10,AAPL,18.27,210.5,1.73,203.7,95.7
Sector Technology International 10,META,4.29,-97.8,-0.73,254.8,100.0
Sector Finances All 10,BRSR6,18.69,78.3,2.92,23.1,30.3
Sector Finances All 10,BRSR5,18.69,76.8,1.96,42.1,22.2
Sector Finances All 10,BPAN4,18.69,52.3,1.54,21.9,16.8
Sector Finances All 10,ITSA4,9.33,51.9,1.56,21.4,18.8
Sector Finances All 10,BPAC3,8.63,154.4,1.98,71.8,81.8
Sector Finances All 10,BBDC3,6.96,61.6,1.42,26.9,28.3
Sector Finances All 10,BPAC5,5.95,86.2,1.23,45.9,38.5
Sector Finances All 10,ITUB4,5.24,95.1,1.36,49.5,45.6
Sector Finances All 10,JPM,4.53,758.5,2.1,367.6,100.0
Sector Finances All 10,BPAC11,3.3,349.9,2.08,80.4,54.6
Sector Finances Brazilian 10,BRSR6,19.2,78.3,2.92,23.1,30.3
Sector Finances Brazilian 10,BRSR5,19.2,76.8,1.96,42.1,22.2
Sector Finances Brazilian 10,BPAN4,19.2,52.3,1.54,21.9,16.8
Sector Finances Brazilian 10,ITSA4,10.38,51.9,1.56,21.4,18.8
Sector Finances Brazilian 10,BPAC3,9.14,154.4,1.98,71.8,81.8
Sector Finances Brazilian 10,BBDC3,7.54,61.6,1.42,26.9,28.3
Sector Finances Brazilian 10,BPAC5,6.05,86.2,1.23,45.9,38.5
Sector Finances Brazilian 10,ITUB4,5.54,95.1,1.36,49.5,45.6
Sector Finances Brazilian 10,BPAC11,3.74,349.9,2.08,80.4,54.6
Sector Finances International 10,JPM,100.0,758.5,2.1,367.6,100.0
Sector Energy All 10,ELET3,14.91,292.7,2.06,42.2,32.6
Sector Energy All 10,ELET6,14.91,303.6,1.81,51.7,37.4
Sector Energy All 10,EBR,14.91,50.8,2.49,13.8,10.1
Sector Energy All 10,NEOE3,14.91,89.0,1.64,27.1,23.5
Sector Energy All 10,CPLE6,14.91,51.8,1.87,16.0,11.2
Sector Energy All 10,ELP,14.91,45.3,1.61,13.5,9.8
Sector Energy All 10,CPFE3,3.13,283.2,3.39,45.3,43.9
Sector Energy All 10,AEP,2.6,315.8,2.14,76.9,52.1
Sector Energy All 10,TAEE11,2.46,144.2,1.96,41.2,33.5
Sector Energy All 10,DUK,2.34,164.2,1.94,151.7,90.0
Sector Energy Brazilian 10,ELET3,18.11,292.7,2.06,42.2,32.6
Sector Energy Brazilian 10,ELET6,18.11,303.6,1.81,51.7,37.4
Sector Energy Brazilian 10,NEOE3,18.11,89.0,1.64,27.1,23.5
Sector Energy Brazilian 10,CPLE6,18.11,51.8,1.87,16.0,11.2
Sector Energy Brazilian 10,CMIG4,11.93,30.6,1.36,17.1,25.0
Sector Energy Brazilian 10,CPFE3,6.13,283.2,3.39,45.3,43.9
Sector Energy Brazilian 10,CMIG3,5.26,34.8,0.99,24.6,29.7
Sector Energy Brazilian 10,TAEE11,4.22,144.2,1.96,41.2,33.5
Sector Energy International 10,EBR,33.06,50.8,2.49,13.8,10.1
Sector Energy International 10,ELP,33.06,45.3,1.61,13.5,9.8
Sector Energy International 10,AEP,16.97,315.8,2.14,76.9,52.1
Sector Energy International 10,DUK,16.91,164.2,1.94,151.7,90.0
Sector Consumer All 10,AMZN,19.23,546.9,2.03,280.5,100.0
Sector Consumer All 10,KO,19.23,219.1,2.04,51.7,29.9
Sector Consumer All 10,MGLU3,19.23,50.6,2.05,50.2,67.2
Sector Consumer All 10,PSSA3,19.23,79.3,1.14,89.7,50.3
Sector Consumer All 10,AAPL,19.07,210.5,1.73,203.7,95.7
Sector Consumer All 10,META,4.03,-97.8,-0.73,254.8,100.0
Sector Consumer Brazilian 10,MGLU3,50.0,50.6,2.05,50.2,67.2
Sector Consumer Brazilian 10,PSSA3,50.0,79.3,1.14,89.7,50.3
Sector Consumer International 10,AMZN,28.81,546.9,2.03,280.5,100.0
Sector Consumer International 10,KO,28.81,219.1,2.04,51.7,29.9
Sector Consumer International 10,AAPL,28.81,210.5,1.73,203.7,95.7
Sector Consumer International 10,META,13.58,-97.8,-0.73,254.8,100.0
Sector Health All 10,JNJ,100.0,668.5,2.74,73.8,41.8
Sector Health International 10,JNJ,100.0,668.5,2.74,73.8,41.8
Momentum All 10,PRIO3,19.83,307.8,1.87,68.7,50.5
Momentum All 10,AEP,16.66,315.8,2.14,76.9,52.1
Momentum All 10,VALE3,12.3,519.2,3.5,51.0,41.2
Momentum All 10,JNJ,11.98,668.5,2.74,73.8,41.8
Momentum All 10,AMZN,9.81,546.9,2.03,280.5,100.0
Momentum All 10,CRM,8.12,323.9,1.64,267.4,100.0
Momentum All 10,BPAC11,7.13,349.9,2.08,80.4,54.6
Momentum All 10,JPM,5.24,758.5,2.1,367.6,100.0
Momentum All 10,GOOGL,4.97,1603.8,2.69,120.0,75.7
Momentum All 10,GOOG,3.96,1163.9,2.39,118.4,76.0
Momentum Brazilian 10,ELET6,20.55,303.6,1.81,51.7,37.4
Momentum Brazilian 10,ELET3,20.55,292.7,2.06,42.2,32.6
Momentum Brazilian 10,VALE3,9.51,519.2,3.5,51.0,41.2
Momentum Brazilian 10,WEGE3,9.46,246.7,2.4,49.7,42.7
Momentum Brazilian 10,CPFE3,9.08,283.2,3.39,45.3,43.9
Momentum Brazilian 10,BPAC3,7.44,154.4,1.98,71.8,81.8
Momentum Brazilian 10,PETR4,7.42,283.1,2.51,43.9,37.8
Momentum Brazilian 10,TAEE11,6.6,144.2,1.96,41.2,33.5
Momentum Brazilian 10,PRIO3,5.95,307.8,1.87,68.7,50.5
Momentum Brazilian 10,BPAC11,3.46,349.9,2.08,80.4,54.6
Momentum International 10,AEP,14.44,315.8,2.14,76.9,52.1
Momentum International 10,KO,14.44,219.1,2.04,51.7,29.9
Momentum International 10,DUK,14.44,164.2,1.94,151.7,90.0
Momentum International 10,CRM,14.3,323.9,1.64,267.4,100.0
Momentum International 10,JNJ,13.17,668.5,2.74,73.8,41.8
Momentum International 10,AMZN,12.56,546.9,2.03,280.5,100.0
Momentum International 10,JPM,5.95,758.5,2.1,367.6,100.0
Momentum International 10,GOOGL,5.13,1603.8,2.69,120.0,75.7
Momentum International 10,GOOG,4.25,1163.9,2.39,118.4,76.0
Momentum International 10,AAPL,1.33,210.5,1.73,203.7,95.7
Mean Reversion All 10,META,50.0,-97.8,-0.73,254.8,100.0
Mean Reversion All 10,PM,50.0,-21.2,0.96,236.7,99.9
Mean Reversion International 10,META,50.0,-97.8,-0.73,254.8,100.0
Mean Reversion International 10,PM,50.0,-21.2,0.96,236.7,99.9
Quality All 10,BRSR6,17.99,78.3,2.92,23.1,30.3
Quality All 10,EBR,17.99,50.8,2.49,13.8,10.1
Quality All 10,USIM3,17.99,58.0,2.45,20.3,33.6
Quality All 10,PBR-A,11.77,105.4,2.64,26.2,28.3
Quality All 10,BRAP4,7.87,127.4,2.73,28.2,26.2
Quality All 10,CPFE3,7.3,283.2,3.39,45.3,43.9
Quality All 10,PETR4,6.69,283.1,2.51,43.9,37.8
Quality All 10,VALE3,5.41,519.2,3.5,51.0,41.2
Quality All 10,JNJ,4.14,668.5,2.74,73.8,41.8
Quality All 10,GOOGL,2.86,1603.8,2.69,120.0,75.7
Quality Brazilian 10,EALT3,19.13,38.7,2.36,30.1,31.8
Quality Brazilian 10,USIM3,17.71,58.0,2.45,20.3,33.6
Quality Brazilian 10,BRSR6,15.84,78.3,2.92,23.1,30.3
Quality Brazilian 10,GOAU4,13.82,49.1,2.25,16.3,19.5
Quality Brazilian 10,SIMH3,7.45,119.0,2.35,47.8,63.9
Quality Brazilian 10,BRAP4,5.99,127.4,2.73,28.2,26.2
Quality Brazilian 10,PETR4,5.47,283.1,2.51,43.9,37.8
Quality Brazilian 10,CPFE3,5.36,283.2,3.39,45.3,43.9
Quality Brazilian 10,WEGE3,5.08,246.7,2.4,49.7,42.7
Quality Brazilian 10,VALE3,4.15,519.2,3.5,51.0,41.2
Quality International 10,PBR-A,18.65,105.4,2.64,26.2,28.3
Quality International 10,EBR,18.65,50.8,2.49,13.8,10.1
Quality International 10,DUK,12.76,164.2,1.94,151.7,90.0
Quality International 10,AEP,11.05,315.8,2.14,76.9,52.1
Quality International 10,KO,10.64,219.1,2.04,51.7,29.9
Quality International 10,AMZN,9.18,546.9,2.03,280.5,100.0
Quality International 10,JNJ,7.68,668.5,2.74,73.8,41.8
Quality International 10,JPM,4.34,758.5,2.1,367.6,100.0
Quality International 10,GOOGL,3.87,1603.8,2.69,120.0,75.7
Quality International 10,GOOG,3.17,1163.9,2.39,118.4,76.0
Value All 10,ELET3,18.11,292.7,2.06,42.2,32.6
Value All 10,ELET6,18.11,303.6,1.81,51.7,37.4
Value All 10,PRIO3,12.55,307.8,1.87,68.7,50.5
Value All 10,CPFE3,11.09,283.2,3.39,45.3,43.9
Value All 10,PETR4,10.91,283.1,2.51,43.9,37.8
Value All 10,VALE3,10.11,519.2,3.5,51.0,41.2
Value All 10,JNJ,8.23,668.5,2.74,73.8,41.8
Value All 10,BPAC11,4.61,349.9,2.08,80.4,54.6
Value All 10,GOOGL,3.56,1603.8,2.69,120.0,75.7
Value All 10,GOOG,2.71,1163.9,2.39,118.4,76.0
Value Brazilian 10,ELET3,20.07,292.7,2.06,42.2,32.6
Value Brazilian 10,ELET6,20.07,303.6,1.81,51.7,37.4
Value Brazilian 10,BRAP4,10.5,127.4,2.73,28.2,26.2
Value Brazilian 10,LEVE3,9.75,116.3,2.0,33.7,21.1
Value Brazilian 10,WEGE3,8.74,246.7,2.4,49.7,42.7
Value Brazilian 10,CPFE3,8.7,283.2,3.39,45.3,43.9
Value Brazilian 10,VALE3,7.61,519.2,3.5,51.0,41.2
Value Brazilian 10,PETR4,6.07,283.1,2.51,43.9,37.8
Value Brazilian 10,PRIO3,5.33,307.8,1.87,68.7,50.5
Value Brazilian 10,BPAC11,3.16,349.9,2.08,80.4,54.6
Value International 10,EBR,17.58,50.8,2.49,13.8,10.1
Value International 10,PBR-A,17.58,105.4,2.64,26.2,28.3
Value International 10,ELP,17.58,45.3,1.61,13.5,9.8
Value International 10,AEP,11.71,315.8,2.14,76.9,52.1
Value International 10,KO,10.11,219.1,2.04,51.7,29.9
Value International 10,AMZN,8.24,546.9,2.03,280.5,100.0
Value International 10,JNJ,7.27,668.5,2.74,73.8,41.8
Value International 10,JPM,3.83,758.5,2.1,367.6,100.0
Value International 10,GOOGL,3.36,1603.8,2.69,120.0,75.7
Value International 10,GOOG,2.71,1163.9,2.39,118.4,76.0
Growth All 10,PRIO3,18.31,307.8,1.87,68.7,50.5
Growth All 10,PETR4,17.4,283.1,2.51,43.9,37.8
Growth All 10,AEP,14.81,315.8,2.14,76.9,52.1
Growth All 10,VALE3,11.14,519.2,3.5,51.0,41.2
Growth All 10,JNJ,10.0,668.5,2.74,73.8,41.8
Growth All 10,AMZN,9.94,546.9,2.03,280.5,100.0
Growth All 10,BPAC11,6.0,349.9,2.08,80.4,54.6
Growth All 10,JPM,4.48,758.5,2.1,367.6,100.0
Growth All 10,GOOGL,4.44,1603.8,2.69,120.0,75.7
Growth All 10,GOOG,3.48,1163.9,2.39,118.4,76.0
Growth Brazilian 10,ELET6,20.55,303.6,1.81,51.7,37.4
Growth Brazilian 10,ELET3,20.55,292.7,2.06,42.2,32.6
Growth Brazilian 10,VALE3,9.51,519.2,3.5,51.0,41.2
Growth Brazilian 10,WEGE3,9.46,246.7,2.4,49.7,42.7
Growth Brazilian 10,CPFE3,9.08,283.2,3.39,45.3,43.9
Growth Brazilian 10,BPAC3,7.44,154.4,1.98,71.8,81.8
Growth Brazilian 10,PETR4,7.42,283.1,2.51,43.9,37.8
Growth Brazilian 10,TAEE11,6.6,144.2,1.96,41.2,33.5
Growth Brazilian 10,PRIO3,5.95,307.8,1.87,68.7,50.5
Growth Brazilian 10,BPAC11,3.46,349.9,2.08,80.4,54.6
Growth International 10,JNJ,15.36,668.5,2.74,73.8,41.8
Growth International 10,AMZN,15.36,546.9,2.03,280.5,100.0
Growth International 10,AEP,15.36,315.8,2.14,76.9,52.1
Growth International 10,CRM,15.36,323.9,1.64,267.4,100.0
Growth International 10,KO,15.36,219.1,2.04,51.7,29.9
Growth International 10,JPM,7.02,758.5,2.1,367.6,100.0
Growth International 10,GOOGL,6.36,1603.8,2.69,120.0,75.7
Growth International 10,GOOG,5.26,1163.9,2.39,118.4,76.0
Growth International 10,NVDA,2.81,156.4,1.5,331.4,100.0
Growth International 10,AAPL,1.77,210.5,1.73,203.7,95.7
High Frequency All 10,PRIO3,19.24,307.8,1.87,68.7,50.5
High Frequency All 10,PETR4,14.03,283.1,2.51,43.9,37.8
High Frequency All 10,CMIG3,13.69,34.8,0.99,24.6,29.7
High Frequency All 10,ITSA4,13.57,51.9,1.56,21.4,18.8
High Frequency All 10,WEGE3,11.92,246.7,2.4,49.7,42.7
High Frequency All 10,BBDC3,8.98,61.6,1.42,26.9,28.3
High Frequency All 10,TAEE11,8.67,144.2,1.96,41.2,33.5
High Frequency All 10,BPAC11,5.87,349.9,2.08,80.4,54.6
High Frequency All 10,NVDA,2.17,156.4,1.5,331.4,100.0
High Frequency All 10,AAPL,1.86,210.5,1.73,203.7,95.7
High Frequency Brazilian 10,CMIG4,19.39,30.6,1.36,17.1,25.0
High Frequency Brazilian 10,VALE3,12.97,519.2,3.5,51.0,41.2
High Frequency Brazilian 10,ITSA4,11.07,51.9,1.56,21.4,18.8
High Frequency Brazilian 10,WEGE3,9.77,246.7,2.4,49.7,42.7
High Frequency Brazilian 10,CMIG3,9.68,34.8,0.99,24.6,29.7
High Frequency Brazilian 10,PRIO3,9.67,307.8,1.87,68.7,50.5
High Frequency Brazilian 10,PETR4,8.72,283.1,2.51,43.9,37.8
High Frequency Brazilian 10,BBDC3,7.51,61.6,1.42,26.9,28.3
High Frequency Brazilian 10,TAEE11,6.94,144.2,1.96,41.2,33.5
High Frequency Brazilian 10,BPAC11,4.29,349.9,2.08,80.4,54.6
High Frequency International 10,AEP,14.36,315.8,2.14,76.9,52.1
High Frequency International 10,JNJ,14.36,668.5,2.74,73.8,41.8
High Frequency International 10,KO,14.36,219.1,2.04,51.7,29.9
High Frequency International 10,PBR-A,14.36,105.4,2.64,26.2,28.3
High Frequency International 10,ABEV,14.36,12.4,1.65,6.0,5.6
High Frequency International 10,ELP,14.36,45.3,1.61,13.5,9.8
High Frequency International 10,JPM,5.52,758.5,2.1,367.6,100.0
High Frequency International 10,GOOG,4.72,1163.9,2.39,118.4,76.0
High Frequency International 10,NVDA,2.21,156.4,1.5,331.4,100.0
High Frequency International 10,AAPL,1.38,210.5,1.73,203.7,95.7
Low Turnover All 10,PRIO3,19.55,307.8,1.87,68.7,50.5
Low Turnover All 10,PETR4,14.13,283.1,2.51,43.9,37.8
Low Turnover All 10,ITSA4,13.83,51.9,1.56,21.4,18.8
Low Turnover All 10,CMIG3,12.0,34.8,0.99,24.6,29.7
Low Turnover All 10,WEGE3,11.87,246.7,2.4,49.7,42.7
Low Turnover All 10,BBDC3,9.81,61.6,1.42,26.9,28.3
Low Turnover All 10,TAEE11,8.71,144.2,1.96,41.2,33.5
Low Turnover All 10,BPAC11,6.05,349.9,2.08,80.4,54.6
Low Turnover All 10,NVDA,2.18,156.4,1.5,331.4,100.0
Low Turnover All 10,AAPL,1.87,210.5,1.73,203.7,95.7
Low Turnover Brazilian 10,CMIG4,18.68,30.6,1.36,17.1,25.0
Low Turnover Brazilian 10,VALE3,12.98,519.2,3.5,51.0,41.2
Low Turnover Brazilian 10,ITSA4,11.14,51.9,1.56,21.4,18.8
Low Turnover Brazilian 10,CMIG3,10.19,34.8,0.99,24.6,29.7
Low Turnover Brazilian 10,WEGE3,9.84,246.7,2.4,49.7,42.7
Low Turnover Brazilian 10,PRIO3,9.56,307.8,1.87,68.7,50.5
Low Turnover Brazilian 10,PETR4,8.7,283.1,2.51,43.9,37.8
Low Turnover Brazilian 10,BBDC3,7.59,61.6,1.42,26.9,28.3
Low Turnover Brazilian 10,TAEE11,6.98,144.2,1.96,41.2,33.5
Low Turnover Brazilian 10,BPAC11,4.33,349.9,2.08,80.4,54.6
Low Turnover International 10,AEP,14.36,315.8,2.14,76.9,52.1
Low Turnover International 10,JNJ,14.36,668.5,2.74,73.8,41.8
Low Turnover International 10,KO,14.36,219.1,2.04,51.7,29.9
Low Turnover International 10,PBR-A,14.36,105.4,2.64,26.2,28.3
Low Turnover International 10,ABEV,14.36,12.4,1.65,6.0,5.6
Low Turnover International 10,ELP,14.36,45.3,1.61,13.5,9.8
Low Turnover International 10,JPM,5.52,758.5,2.1,367.6,100.0
Low Turnover International 10,GOOG,4.72,1163.9,2.39,118.4,76.0
Low Turnover International 10,NVDA,2.21,156.4,1.5,331.4,100.0
Low Turnover International 10,AAPL,1.38,210.5,1.73,203.7,95.7
Swing Trading All 10,EALT4,14.23,23.3,1.63,18.3,32.1
Swing Trading All 10,EBR,14.23,50.8,2.49,13.8,10.1
Swing Trading All 10,EALT3,14.22,38.7,2.36,30.1,31.8
Swing Trading All 10,BRSR5,14.17,76.8,1.96,42.1,22.2
Swing Trading All 10,MGLU3,14.15,50.6,2.05,50.2,67.2
Swing Trading All 10,BPAC5,13.88,86.2,1.23,45.9,38.5
Swing Trading All 10,CRM,13.5,323.9,1.64,267.4,100.0
Swing Trading All 10,META,1.62,-97.8,-0.73,254.8,100.0
Swing Trading Brazilian 10,BRSR5,23.32,76.8,1.96,42.1,22.2
Swing Trading Brazilian 10,EALT4,23.32,23.3,1.63,18.3,32.1
Swing Trading Brazilian 10,EALT3,23.32,38.7,2.36,30.1,31.8
Swing Trading Brazilian 10,MGLU3,22.35,50.6,2.05,50.2,67.2
Swing Trading Brazilian 10,BPAC5,7.7,86.2,1.23,45.9,38.5
Swing Trading International 10,CRM,35.7,323.9,1.64,267.4,100.0
Swing Trading International 10,EBR,35.7,50.8,2.49,13.8,10.1
Swing Trading International 10,META,28.6,-97.8,-0.73,254.8,100.0
Risk Parity All 10,BRSR6,17.42,78.3,2.92,23.1,30.3
Risk Parity All 10,EBR,17.42,50.8,2.49,13.8,10.1
Risk Parity All 10,USIM3,17.42,58.0,2.45,20.3,33.6
Risk Parity All 10,EALT3,17.42,38.7,2.36,30.1,31.8
Risk Parity All 10,PBR-A,7.13,105.4,2.64,26.2,28.3
Risk Parity All 10,CPFE3,6.24,283.2,3.39,45.3,43.9
Risk Parity All 10,BRAP4,6.21,127.4,2.73,28.2,26.2
Risk Parity All 10,VALE3,4.13,519.2,3.5,51.0,41.2
Risk Parity All 10,PETR4,3.62,283.1,2.51,43.9,37.8
Risk Parity All 10,JNJ,2.98,668.5,2.74,73.8,41.8
Risk Parity Brazilian 10,EALT3,19.13,38.7,2.36,30.1,31.8
Risk Parity Brazilian 10,USIM3,17.71,58.0,2.45,20.3,33.6
Risk Parity Brazilian 10,BRSR6,15.84,78.3,2.92,23.1,30.3
Risk Parity Brazilian 10,GOAU4,13.82,49.1,2.25,16.3,19.5
Risk Parity Brazilian 10,SIMH3,7.45,119.0,2.35,47.8,63.9
Risk Parity Brazilian 10,BRAP4,5.99,127.4,2.73,28.2,26.2
Risk Parity Brazilian 10,PETR4,5.47,283.1,2.51,43.9,37.8
Risk Parity Brazilian 10,CPFE3,5.36,283.2,3.39,45.3,43.9
Risk Parity Brazilian 10,WEGE3,5.08,246.7,2.4,49.7,42.7
Risk Parity Brazilian 10,VALE3,4.15,519.2,3.5,51.0,41.2
Risk Parity International 10,EBR,15.11,50.8,2.49,13.8,10.1
Risk Parity International 10,PBR-A,15.11,105.4,2.64,26.2,28.3
Risk Parity International 10,ABEV,15.11,12.4,1.65,6.0,5.6
Risk Parity International 10,ELP,15.11,45.3,1.61,13.5,9.8
Risk Parity International 10,KO,10.89,219.1,2.04,51.7,29.9
Risk Parity International 10,DUK,9.7,164.2,1.94,151.7,90.0
Risk Parity International 10,AEP,9.61,315.8,2.14,76.9,52.1
Risk Parity International 10,JNJ,4.9,668.5,2.74,73.8,41.8
Risk Parity International 10,GOOGL,2.48,1603.8,2.69,120.0,75.7
Risk Parity International 10,GOOG,2.01,1163.9,2.39,118.4,76.0
Max Sharpe All 10,AAPL,10.0,210.5,1.73,203.7,95.7
Max Sharpe All 10,ABEV,10.0,12.4,1.65,6.0,5.6
Max Sharpe All 10,AEP,10.0,315.8,2.14,76.9,52.1
Max Sharpe All 10,ALUP3,10.0,22.9,0.74,26.8,23.9
Max Sharpe All 10,AMZN,10.0,546.9,2.03,280.5,100.0
Max Sharpe All 10,BBDC3,10.0,61.6,1.42,26.9,28.3
Max Sharpe All 10,BPAC11,10.0,349.9,2.08,80.4,54.6
Max Sharpe All 10,BPAC3,10.0,154.4,1.98,71.8,81.8
Max Sharpe All 10,BPAC5,10.0,86.2,1.23,45.9,38.5
Max Sharpe All 10,BPAN4,10.0,52.3,1.54,21.9,16.8
Max Sharpe Brazilian 10,CPFE3,10.0,283.2,3.39,45.3,43.9
Max Sharpe Brazilian 10,BRSR6,10.0,78.3,2.92,23.1,30.3
Max Sharpe Brazilian 10,BRAP4,10.0,127.4,2.73,28.2,26.2
Max Sharpe Brazilian 10,CPLE6,10.0,51.8,1.87,16.0,11.2
Max Sharpe Brazilian 10,ELET3,10.0,292.7,2.06,42.2,32.6
Max Sharpe Brazilian 10,ELET6,10.0,303.6,1.81,51.7,37.4
Max Sharpe Brazilian 10,VALE3,10.0,519.2,3.5,51.0,41.2
Max Sharpe Brazilian 10,PETR4,10.0,283.1,2.51,43.9,37.8
Max Sharpe Brazilian 10,USIM3,10.0,58.0,2.45,20.3,33.6
Max Sharpe Brazilian 10,EALT3,10.0,38.7,2.36,30.1,31.8
Max Sharpe International 10,DUK,12.5,164.2,1.94,151.7,90.0
Max Sharpe International 10,GOOGL,12.5,1603.8,2.69,120.0,75.7
Max Sharpe International 10,CRM,12.5,323.9,1.64,267.4,100.0
Max Sharpe International 10,AMZN,12.5,546.9,2.03,280.5,100.0
Max Sharpe International 10,GOOG,12.5,1163.9,2.39,118.4,76.0
Max Sharpe International 10,ELP,11.23,45.3,1.61,13.5,9.8
Max Sharpe International 10,ABEV,10.09,12.4,1.65,6.0,5.6
Max Sharpe International 10,AEP,5.8,315.8,2.14,76.9,52.1
Max Sharpe International 10,EBR,5.73,50.8,2.49,13.8,10.1
Max Sharpe International 10,AAPL,4.66,210.5,1.73,203.7,95.7
Min Variance All 10,JPM,10.0,758.5,2.1,367.6,100.0
Min Variance All 10,NVDA,10.0,156.4,1.5,331.4,100.0
Min Variance All 10,AMZN,10.0,546.9,2.03,280.5,100.0
Min Variance All 10,CRM,10.0,323.9,1.64,267.4,100.0
Min Variance All 10,META,10.0,-97.8,-0.73,254.8,100.0
Min Variance All 10,PM,10.0,-21.2,0.96,236.7,99.9
Min Variance All 10,AAPL,10.0,210.5,1.73,203.7,95.7
Min Variance All 10,DUK,10.0,164.2,1.94,151.7,90.0
Min Variance All 10,GOOGL,10.0,1603.8,2.69,120.0,75.7
Min Variance All 10,GOOG,10.0,1163.9,2.39,118.4,76.0
Min Variance Brazilian 10,PSSA3,10.0,79.3,1.14,89.7,50.3
Min Variance Brazilian 10,BPAC11,10.0,349.9,2.08,80.4,54.6
Min Variance Brazilian 10,SAPR11,10.0,84.1,1.2,78.7,76.5
Min Variance Brazilian 10,BPAC3,10.0,154.4,1.98,71.8,81.8
Min Variance Brazilian 10,PRIO3,10.0,307.8,1.87,68.7,50.5
Min Variance Brazilian 10,ELET6,10.0,303.6,1.81,51.7,37.4
Min Variance Brazilian 10,VALE3,10.0,519.2,3.5,51.0,41.2
Min Variance Brazilian 10,MGLU3,10.0,50.6,2.05,50.2,67.2
Min Variance Brazilian 10,WEGE3,10.0,246.7,2.4,49.7,42.7
Min Variance Brazilian 10,HYPE3,10.0,42.4,1.02,49.6,46.3
Min Variance International 10,JPM,10.0,758.5,2.1,367.6,100.0
Min Variance International 10,NVDA,10.0,156.4,1.5,331.4,100.0
Min Variance International 10,AMZN,10.0,546.9,2.03,280.5,100.0
Min Variance International 10,CRM,10.0,323.9,1.64,267.4,100.0
Min Variance International 10,META,10.0,-97.8,-0.73,254.8,100.0
Min Variance International 10,PM,10.0,-21.2,0.96,236.7,99.9
Min Variance International 10,AAPL,10.0,210.5,1.73,203.7,95.7
Min Variance International 10,DUK,10.0,164.2,1.94,151.7,90.0
Min Variance International 10,GOOGL,10.0,1603.8,2.69,120.0,75.7
Min Variance International 10,GOOG,10.0,1163.9,2.39,118.4,76.0
Max Diversification All 10,ABEV,13.65,12.4,1.65,6.0,5.6
Max Diversification All 10,AEP,13.65,315.8,2.14,76.9,52.1
Max Diversification All 10,BPAN4,13.65,52.3,1.54,21.9,16.8
Max Diversification All 10,ALUP3,13.07,22.9,0.74,26.8,23.9
Max Diversification All 10,BPAC3,11.98,154.4,1.98,71.8,81.8
Max Diversification All 10,BPAC5,10.37,86.2,1.23,45.9,38.5
Max Diversification All 10,BBDC3,9.25,61.6,1.42,26.9,28.3
Max Diversification All 10,AMZN,9.07,546.9,2.03,280.5,100.0
Max Diversification All 10,BPAC11,4.36,349.9,2.08,80.4,54.6
Max Diversification All 10,AAPL,0.96,210.5,1.73,203.7,95.7
Max Diversification Brazilian 10,BPAN4,17.53,52.3,1.54,21.9,16.8
Max Diversification Brazilian 10,BRSR5,17.53,76.8,1.96,42.1,22.2
Max Diversification Brazilian 10,BRSR6,17.53,78.3,2.92,23.1,30.3
Max Diversification Brazilian 10,BRAP4,13.16,127.4,2.73,28.2,26.2
Max Diversification Brazilian 10,ALUP3,8.4,22.9,0.74,26.8,23.9
Max Diversification Brazilian 10,BPAC3,6.41,154.4,1.98,71.8,81.8
Max Diversification Brazilian 10,CMIG3,6.02,34.8,0.99,24.6,29.7
Max Diversification Brazilian 10,BPAC5,5.16,86.2,1.23,45.9,38.5
Max Diversification Brazilian 10,BBDC3,4.89,61.6,1.42,26.9,28.3
Max Diversification Brazilian 10,BPAC11,3.36,349.9,2.08,80.4,54.6
Max Diversification International 10,ABEV,15.67,12.4,1.65,6.0,5.6
Max Diversification International 10,AEP,15.67,315.8,2.14,76.9,52.1
Max Diversification International 10,DUK,15.67,164.2,1.94,151.7,90.0
Max Diversification International 10,EBR,15.67,50.8,2.49,13.8,10.1
Max Diversification International 10,ELP,15.67,45.3,1.61,13.5,9.8
Max Diversification International 10,AMZN,8.01,546.9,2.03,280.5,100.0
Max Diversification International 10,CRM,5.67,323.9,1.64,267.4,100.0
Max Diversification International 10,GOOGL,3.63,1603.8,2.69,120.0,75.7
Max Diversification International 10,GOOG,2.96,1163.9,2.39,118.4,76.0
Max Diversification International 10,AAPL,1.38,210.5,1.73,203.7,95.7
Concentrated All 10,GOOGL,12.5,1603.8,2.69,120.0,75.7
Concentrated All 10,GOOG,12.5,1163.9,2.39,118.4,76.0
Concentrated All 10,VALE3,12.5,519.2,3.5,51.0,41.2
Concentrated All 10,JNJ,12.5,668.5,2.74,73.8,41.8
Concentrated All 10,JPM,12.5,758.5,2.1,367.6,100.0
Concentrated All 10,AMZN,12.5,546.9,2.03,280.5,100.0
Concentrated All 10,CPFE3,12.5,283.2,3.39,45.3,43.9
Concentrated All 10,PETR4,12.5,283.1,2.51,43.9,37.8
Concentrated Brazilian 10,VALE3,12.5,519.2,3.5,51.0,41.2
Concentrated Brazilian 10,CPFE3,12.5,283.2,3.39,45.3,43.9
Concentrated Brazilian 10,PETR4,12.5,283.1,2.51,43.9,37.8
Concentrated Brazilian 10,BPAC11,12.5,349.9,2.08,80.4,54.6
Concentrated Brazilian 10,WEGE3,12.5,246.7,2.4,49.7,42.7
Concentrated Brazilian 10,ELET3,12.5,292.7,2.06,42.2,32.6
Concentrated Brazilian 10,PRIO3,12.5,307.8,1.87,68.7,50.5
Concentrated Brazilian 10,ELET6,12.5,303.6,1.81,51.7,37.4
Concentrated International 10,GOOGL,12.5,1603.8,2.69,120.0,75.7
Concentrated International 10,GOOG,12.5,1163.9,2.39,118.4,76.0
Concentrated International 10,JNJ,12.5,668.5,2.74,73.8,41.8
Concentrated International 10,JPM,12.5,758.5,2.1,367.6,100.0
Concentrated International 10,AMZN,12.5,546.9,2.03,280.5,100.0
Concentrated International 10,AEP,12.5,315.8,2.14,76.9,52.1
Concentrated International 10,CRM,12.5,323.9,1.64,267.4,100.0
Concentrated International 10,KO,12.5,219.1,2.04,51.7,29.9
Mega Diversified All 10,JPM,6.67,758.5,2.1,367.6,100.0
Mega Diversified All 10,NVDA,6.67,156.4,1.5,331.4,100.0
Mega Diversified All 10,AMZN,6.67,546.9,2.03,280.5,100.0
Mega Diversified All 10,CRM,6.67,323.9,1.64,267.4,100.0
Mega Diversified All 10,META,6.67,-97.8,-0.73,254.8,100.0
Mega Diversified All 10,PM,6.67,-21.2,0.96,236.7,99.9
Mega Diversified All 10,AAPL,6.67,210.5,1.73,203.7,95.7
Mega Diversified All 10,DUK,6.67,164.2,1.94,151.7,90.0
Mega Diversified All 10,GOOG,6.67,1163.9,2.39,118.4,76.0
Mega Diversified All 10,GOOGL,6.67,1603.8,2.69,120.0,75.7
Mega Diversified All 10,SAPR11,6.67,84.1,1.2,78.7,76.5
Mega Diversified All 10,BPAC11,6.67,349.9,2.08,80.4,54.6
Mega Diversified All 10,BPAC3,6.67,154.4,1.98,71.8,81.8
Mega Diversified All 10,AEP,6.67,315.8,2.14,76.9,52.1
Mega Diversified All 10,PSSA3,6.67,79.3,1.14,89.7,50.3
Mega Diversified Brazilian 10,SIMH3,12.5,119.0,2.35,47.8,63.9
Mega Diversified Brazilian 10,WEGE3,10.98,246.7,2.4,49.7,42.7
Mega Diversified Brazilian 10,BPAC3,10.4,154.4,1.98,71.8,81.8
Mega Diversified Brazilian 10,CPFE3,9.36,283.2,3.39,45.3,43.9
Mega Diversified Brazilian 10,TAEE11,9.07,144.2,1.96,41.2,33.5
Mega Diversified Brazilian 10,PETR4,8.5,283.1,2.51,43.9,37.8
Mega Diversified Brazilian 10,ITUB4,8.08,95.1,1.36,49.5,45.6
Mega Diversified Brazilian 10,MGLU3,7.73,50.6,2.05,50.2,67.2
Mega Diversified Brazilian 10,VALE3,6.33,519.2,3.5,51.0,41.2
Mega Diversified Brazilian 10,PRIO3,5.43,307.8,1.87,68.7,50.5
Mega Diversified Brazilian 10,SAPR11,4.74,84.1,1.2,78.7,76.5
Mega Diversified Brazilian 10,HYPE3,3.28,42.4,1.02,49.6,46.3
Mega Diversified Brazilian 10,BPAC11,1.6,349.9,2.08,80.4,54.6
Mega Diversified Brazilian 10,PSSA3,1.33,79.3,1.14,89.7,50.3
Mega Diversified Brazilian 10,ELET6,0.67,303.6,1.81,51.7,37.4
Mega Diversified International 10,JNJ,9.83,668.5,2.74,73.8,41.8
Mega Diversified International 10,AMZN,9.33,546.9,2.03,280.5,100.0
Mega Diversified International 10,CRM,9.33,323.9,1.64,267.4,100.0
Mega Diversified International 10,GOOG,9.33,1163.9,2.39,118.4,76.0
Mega Diversified International 10,PBR-A,9.19,105.4,2.64,26.2,28.3
Mega Diversified International 10,GOOGL,9.08,1603.8,2.69,120.0,75.7
Mega Diversified International 10,JPM,8.02,758.5,2.1,367.6,100.0
Mega Diversified International 10,DUK,7.91,164.2,1.94,151.7,90.0
Mega Diversified International 10,ELP,6.93,45.3,1.61,13.5,9.8
Mega Diversified International 10,AEP,5.8,315.8,2.14,76.9,52.1
Mega Diversified International 10,NVDA,5.34,156.4,1.5,331.4,100.0
Mega Diversified International 10,AAPL,4.66,210.5,1.73,203.7,95.7
Mega Diversified International 10,KO,2.81,219.1,2.04,51.7,29.9
Mega Diversified International 10,PM,1.76,-21.2,0.96,236.7,99.9
Mega Diversified International 10,META,0.67,-97.8,-0.73,254.8,100.0
Barbell All 10,BRAP4,15.18,127.4,2.73,28.2,26.2
Barbell All 10,LEVE3,15.18,116.3,2.0,33.7,21.1
Barbell All 10,PBR-A,15.18,105.4,2.64,26.2,28.3
Barbell All 10,NEOE3,15.18,89.0,1.64,27.1,23.5
Barbell All 10,BRSR6,15.18,78.3,2.92,23.1,30.3
Barbell All 10,JNJ,7.76,668.5,2.74,73.8,41.8
Barbell All 10,AMZN,7.28,546.9,2.03,280.5,100.0
Barbell All 10,JPM,3.87,758.5,2.1,367.6,100.0
Barbell All 10,GOOGL,2.87,1603.8,2.69,120.0,75.7
Barbell All 10,GOOG,2.33,1163.9,2.39,118.4,76.0
Barbell Brazilian 10,NEOE3,20.16,89.0,1.64,27.1,23.5
Barbell Brazilian 10,BRSR6,20.16,78.3,2.92,23.1,30.3
Barbell Brazilian 10,BRAP4,14.31,127.4,2.73,28.2,26.2
Barbell Brazilian 10,SIMH3,9.18,119.0,2.35,47.8,63.9
Barbell Brazilian 10,LEVE3,8.85,116.3,2.0,33.7,21.1
Barbell Brazilian 10,PRIO3,7.81,307.8,1.87,68.7,50.5
Barbell Brazilian 10,BPAC3,5.99,154.4,1.98,71.8,81.8
Barbell Brazilian 10,BBDC3,5.66,61.6,1.42,26.9,28.3
Barbell Brazilian 10,SAPR11,4.65,84.1,1.2,78.7,76.5
Barbell Brazilian 10,BPAC11,3.25,349.9,2.08,80.4,54.6
Barbell International 10,PBR-A,17.54,105.4,2.64,26.2,28.3
Barbell International 10,EBR,17.54,50.8,2.49,13.8,10.1
Barbell International 10,ELP,17.54,45.3,1.61,13.5,9.8
Barbell International 10,ABEV,17.54,12.4,1.65,6.0,5.6
Barbell International 10,JNJ,9.6,668.5,2.74,73.8,41.8
Barbell International 10,AMZN,9.09,546.9,2.03,280.5,100.0
Barbell International 10,JPM,4.76,758.5,2.1,367.6,100.0
Barbell International 10,GOOGL,3.53,1603.8,2.69,120.0,75.7
Barbell International 10,GOOG,2.85,1163.9,2.39,118.4,76.0
Inverse Vol All 10,ABEV,46.77,12.4,1.65,6.0,5.6
Inverse Vol All 10,BPAN4,12.82,52.3,1.54,21.9,16.8
Inverse Vol All 10,ALUP3,10.45,22.9,0.74,26.8,23.9
Inverse Vol All 10,BBDC3,10.42,61.6,1.42,26.9,28.3
Inverse Vol All 10,BPAC5,6.12,86.2,1.23,45.9,38.5
Inverse Vol All 10,BPAC3,3.91,154.4,1.98,71.8,81.8
Inverse Vol All 10,AEP,3.65,315.8,2.14,76.9,52.1
Inverse Vol All 10,BPAC11,3.49,349.9,2.08,80.4,54.6
Inverse Vol All 10,AAPL,1.38,210.5,1.73,203.7,95.7
Inverse Vol All 10,AMZN,1.0,546.9,2.03,280.5,100.0
Inverse Vol Brazilian 10,BPAN4,14.68,52.3,1.54,21.9,16.8
Inverse Vol Brazilian 10,BRSR6,13.91,78.3,2.92,23.1,30.3
Inverse Vol Brazilian 10,CMIG3,13.04,34.8,0.99,24.6,29.7
Inverse Vol Brazilian 10,ALUP3,11.96,22.9,0.74,26.8,23.9
Inverse Vol Brazilian 10,BBDC3,11.93,61.6,1.42,26.9,28.3
Inverse Vol Brazilian 10,BRAP4,11.4,127.4,2.73,28.2,26.2
Inverse Vol Brazilian 10,BRSR5,7.62,76.8,1.96,42.1,22.2
Inverse Vol Brazilian 10,BPAC5,7.0,86.2,1.23,45.9,38.5
Inverse Vol Brazilian 10,BPAC3,4.47,154.4,1.98,71.8,81.8
Inverse Vol Brazilian 10,BPAC11,3.99,349.9,2.08,80.4,54.6
Inverse Vol International 10,ABEV,46.12,12.4,1.65,6.0,5.6
Inverse Vol International 10,ELP,20.44,45.3,1.61,13.5,9.8
Inverse Vol International 10,EBR,20.0,50.8,2.49,13.8,10.1
Inverse Vol International 10,AEP,3.6,315.8,2.14,76.9,52.1
Inverse Vol International 10,GOOG,2.34,1163.9,2.39,118.4,76.0
Inverse Vol International 10,GOOGL,2.31,1603.8,2.69,120.0,75.7
Inverse Vol International 10,DUK,1.82,164.2,1.94,151.7,90.0
Inverse Vol International 10,AAPL,1.36,210.5,1.73,203.7,95.7
Inverse Vol International 10,CRM,1.03,323.9,1.64,267.4,100.0
Inverse Vol International 10,AMZN,0.99,546.9,2.03,280.5,100.0
Kelly All 10,AMZN,14.89,546.9,2.03,280.5,100.0
Kelly All 10,BPAC3,14.89,154.4,1.98,71.8,81.8
Kelly All 10,BPAN4,14.89,52.3,1.54,21.9,16.8
Kelly All 10,ABEV,12.03,12.4,1.65,6.0,5.6
Kelly All 10,BPAC5,9.99,86.2,1.23,45.9,38.5
Kelly All 10,ALUP3,9.82,22.9,0.74,26.8,23.9
Kelly All 10,BRAP4,9.12,127.4,2.73,28.2,26.2
Kelly All 10,AEP,6.9,315.8,2.14,76.9,52.1
Kelly All 10,AAPL,5.55,210.5,1.73,203.7,95.7
Kelly All 10,BPAC11,1.91,349.9,2.08,80.4,54.6
Kelly Brazilian 10,BPAC3,15.51,154.4,1.98,71.8,81.8
Kelly Brazilian 10,BPAN4,15.51,52.3,1.54,21.9,16.8
Kelly Brazilian 10,BRSR5,15.51,76.8,1.96,42.1,22.2
Kelly Brazilian 10,CPFE3,11.62,283.2,3.39,45.3,43.9
Kelly Brazilian 10,BPAC5,10.41,86.2,1.23,45.9,38.5
Kelly Brazilian 10,ALUP3,10.23,22.9,0.74,26.8,23.9
Kelly Brazilian 10,BRAP4,9.5,127.4,2.73,28.2,26.2
Kelly Brazilian 10,CMIG4,5.02,30.6,1.36,17.1,25.0
Kelly Brazilian 10,BRSR6,4.68,78.3,2.92,23.1,30.3
Kelly Brazilian 10,BPAC11,1.99,349.9,2.08,80.4,54.6
Kelly International 10,AMZN,11.79,546.9,2.03,280.5,100.0
Kelly International 10,CRM,11.79,323.9,1.64,267.4,100.0
Kelly International 10,DUK,11.79,164.2,1.94,151.7,90.0
Kelly International 10,ELP,11.79,45.3,1.61,13.5,9.8
Kelly International 10,GOOG,11.79,1163.9,2.39,118.4,76.0
Kelly International 10,GOOGL,11.79,1603.8,2.69,120.0,75.7
Kelly International 10,EBR,9.89,50.8,2.49,13.8,10.1
Kelly International 10,ABEV,9.52,12.4,1.65,6.0,5.6
Kelly International 10,AEP,5.47,315.8,2.14,76.9,52.1
Kelly International 10,AAPL,4.39,210.5,1.73,203.7,95.7
Sector Technology All 20,GOOGL,19.36,1603.8,2.69,120.0,75.7
Sector Technology All 20,GOOG,19.36,1163.9,2.39,118.4,76.0
Sector Technology All 20,CRM,19.36,323.9,1.64,267.4,100.0
Sector Technology All 20,NVDA,19.36,156.4,1.5,331.4,100.0
Sector Technology All 20,AAPL,18.27,210.5,1.73,203.7,95.7
Sector Technology All 20,META,4.29,-97.8,-0.73,254.8,100.0
Sector Technology International 20,GOOGL,19.36,1603.8,2.69,120.0,75.7
Sector Technology International 20,GOOG,19.36,1163.9,2.39,118.4,76.0
Sector Technology International 20,CRM,19.36,323.9,1.64,267.4,100.0
Sector Technology International 20,NVDA,19.36,156.4,1.5,331.4,100.0
Sector Technology International 20,AAPL,18.27,210.5,1.73,203.7,95.7
Sector Technology International 20,META,4.29,-97.8,-0.73,254.8,100.0
Sector Finances All 20,BRSR6,18.69,78.3,2.92,23.1,30.3
Sector Finances All 20,BRSR5,18.69,76.8,1.96,42.1,22.2
Sector Finances All 20,BPAN4,18.69,52.3,1.54,21.9,16.8
Sector Finances All 20,ITSA4,9.33,51.9,1.56,21.4,18.8
Sector Finances All 20,BPAC3,8.63,154.4,1.98,71.8,81.8
Sector Finances All 20,BBDC3,6.96,61.6,1.42,26.9,28.3
Sector Finances All 20,BPAC5,5.95,86.2,1.23,45.9,38.5
Sector Finances All 20,ITUB4,5.24,95.1,1.36,49.5,45.6
Sector Finances All 20,JPM,4.53,758.5,2.1,367.6,100.0
Sector Finances All 20,BPAC11,3.3,349.9,2.08,80.4,54.6
Sector Finances Brazilian 20,BRSR6,19.2,78.3,2.92,23.1,30.3
Sector Finances Brazilian 20,BRSR5,19.2,76.8,1.96,42.1,22.2
Sector Finances Brazilian 20,BPAN4,19.2,52.3,1.54,21.9,16.8
Sector Finances Brazilian 20,ITSA4,10.38,51.9,1.56,21.4,18.8
Sector Finances Brazilian 20,BPAC3,9.14,154.4,1.98,71.8,81.8
Sector Finances Brazilian 20,BBDC3,7.54,61.6,1.42,26.9,28.3
Sector Finances Brazilian 20,BPAC5,6.05,86.2,1.23,45.9,38.5
Sector Finances Brazilian 20,ITUB4,5.54,95.1,1.36,49.5,45.6
Sector Finances Brazilian 20,BPAC11,3.74,349.9,2.08,80.4,54.6
Sector Finances International 20,JPM,100.0,758.5,2.1,367.6,100.0
Sector Energy All 20,ELET3,13.48,292.7,2.06,42.2,32.6
Sector Energy All 20,ELET6,13.48,303.6,1.81,51.7,37.4
Sector Energy All 20,EBR,13.48,50.8,2.49,13.8,10.1
Sector Energy All 20,NEOE3,13.48,89.0,1.64,27.1,23.5
Sector Energy All 20,CPLE6,13.48,51.8,1.87,16.0,11.2
Sector Energy All 20,ELP,13.48,45.3,1.61,13.5,9.8
Sector Energy All 20,CMIG4,5.89,30.6,1.36,17.1,25.0
Sector Energy All 20,CPFE3,2.83,283.2,3.39,45.3,43.9
Sector Energy All 20,DUK,2.81,164.2,1.94,151.7,90.0
Sector Energy All 20,CMIG3,2.75,34.8,0.99,24.6,29.7
Sector Energy All 20,AEP,2.62,315.8,2.14,76.9,52.1
Sector Energy All 20,TAEE11,2.23,144.2,1.96,41.2,33.5
Sector Energy Brazilian 20,ELET3,18.11,292.7,2.06,42.2,32.6
Sector Energy Brazilian 20,ELET6,18.11,303.6,1.81,51.7,37.4
Sector Energy Brazilian 20,NEOE3,18.11,89.0,1.64,27.1,23.5
Sector Energy Brazilian 20,CPLE6,18.11,51.8,1.87,16.0,11.2
Sector Energy Brazilian 20,CMIG4,11.93,30.6,1.36,17.1,25.0
Sector Energy Brazilian 20,CPFE3,6.13,283.2,3.39,45.3,43.9
Sector Energy Brazilian 20,CMIG3,5.26,34.8,0.99,24.6,29.7
Sector Energy Brazilian 20,TAEE11,4.22,144.2,1.96,41.2,33.5
Sector Energy International 20,EBR,33.06,50.8,2.49,13.8,10.1
Sector Energy International 20,ELP,33.06,45.3,1.61,13.5,9.8
Sector Energy International 20,AEP,16.97,315.8,2.14,76.9,52.1
Sector Energy International 20,DUK,16.91,164.2,1.94,151.7,90.0
Sector Consumer All 20,AMZN,19.23,546.9,2.03,280.5,100.0
Sector Consumer All 20,KO,19.23,219.1,2.04,51.7,29.9
Sector Consumer All 20,MGLU3,19.23,50.6,2.05,50.2,67.2
Sector Consumer All 20,PSSA3,19.23,79.3,1.14,89.7,50.3
Sector Consumer All 20,AAPL,19.07,210.5,1.73,203.7,95.7
Sector Consumer All 20,META,4.03,-97.8,-0.73,254.8,100.0
Sector Consumer Brazilian 20,MGLU3,50.0,50.6,2.05,50.2,67.2
Sector Consumer Brazilian 20,PSSA3,50.0,79.3,1.14,89.7,50.3
Sector Consumer International 20,AMZN,28.81,546.9,2.03,280.5,100.0
Sector Consumer International 20,KO,28.81,219.1,2.04,51.7,29.9
Sector Consumer International 20,AAPL,28.81,210.5,1.73,203.7,95.7
Sector Consumer International 20,META,13.58,-97.8,-0.73,254.8,100.0
Sector Health All 20,JNJ,100.0,668.5,2.74,73.8,41.8
Sector Health International 20,JNJ,100.0,668.5,2.74,73.8,41.8
Momentum All 20,ELET6,10.22,303.6,1.81,51.7,37.4
Momentum All 20,ELET3,10.22,292.7,2.06,42.2,32.6
Momentum All 20,PETR4,10.22,283.1,2.51,43.9,37.8
Momentum All 20,DUK,10.22,164.2,1.94,151.7,90.0
Momentum All 20,AEP,9.93,315.8,2.14,76.9,52.1
Momentum All 20,KO,8.03,219.1,2.04,51.7,29.9
Momentum All 20,WEGE3,6.86,246.7,2.4,49.7,42.7
Momentum All 20,BPAC3,5.66,154.4,1.98,71.8,81.8
Momentum All 20,JNJ,5.08,668.5,2.74,73.8,41.8
Momentum All 20,VALE3,4.48,519.2,3.5,51.0,41.2
Momentum All 20,CPFE3,4.33,283.2,3.39,45.3,43.9
Momentum All 20,CRM,3.77,323.9,1.64,267.4,100.0
Momentum All 20,AMZN,3.27,546.9,2.03,280.5,100.0
Momentum All 20,BPAC11,2.57,349.9,2.08,80.4,54.6
Momentum All 20,JPM,1.43,758.5,2.1,367.6,100.0
Momentum All 20,GOOGL,1.38,1603.8,2.69,120.0,75.7
Momentum All 20,GOOG,1.11,1163.9,2.39,118.4,76.0
Momentum All 20,NVDA,0.59,156.4,1.5,331.4,100.0
Momentum All 20,AAPL,0.42,210.5,1.73,203.7,95.7
Momentum All 20,PRIO3,0.2,307.8,1.87,68.7,50.5
Momentum Brazilian 20,ELET6,12.85,303.6,1.81,51.7,37.4
Momentum Brazilian 20,ELET3,12.85,292.7,2.06,42.2,32.6
Momentum Brazilian 20,NEOE3,12.85,89.0,1.64,27.1,23.5
Momentum Brazilian 20,BRSR6,11.81,78.3,2.92,23.1,30.3
Momentum Brazilian 20,BRSR5,8.72,76.8,1.96,42.1,22.2
Momentum Brazilian 20,BRAP4,5.26,127.4,2.73,28.2,26.2
Momentum Brazilian 20,LEVE3,3.93,116.3,2.0,33.7,21.1
Momentum Brazilian 20,VALE3,3.55,519.2,3.5,51.0,41.2
Momentum Brazilian 20,PRIO3,3.42,307.8,1.87,68.7,50.5
Momentum Brazilian 20,PSSA3,3.09,79.3,1.14,89.7,50.3
Momentum Brazilian 20,PETR4,3.05,283.1,2.51,43.9,37.8
Momentum Brazilian 20,SIMH3,2.86,119.0,2.35,47.8,63.9
Momentum Brazilian 20,CPFE3,2.62,283.2,3.39,45.3,43.9
Momentum Brazilian 20,WEGE3,2.52,246.7,2.4,49.7,42.7
Momentum Brazilian 20,BPAC3,2.34,154.4,1.98,71.8,81.8
Momentum Brazilian 20,TAEE11,2.06,144.2,1.96,41.2,33.5
Momentum Brazilian 20,SAPR11,1.8,84.1,1.2,78.7,76.5
Momentum Brazilian 20,BPAC5,1.69,86.2,1.23,45.9,38.5
Momentum Brazilian 20,ITUB4,1.64,95.1,1.36,49.5,45.6
Momentum Brazilian 20,BPAC11,1.1,349.9,2.08,80.4,54.6
Momentum International 20,PM,16.18,-21.2,0.96,236.7,99.9
Momentum International 20,EBR,13.48,50.8,2.49,13.8,10.1
Momentum International 20,ELP,13.01,45.3,1.61,13.5,9.8
Momentum International 20,KO,10.15,219.1,2.04,51.7,29.9
Momentum International 20,AEP,5.35,315.8,2.14,76.9,52.1
Momentum International 20,ABEV,5.04,12.4,1.65,6.0,5.6
Momentum International 20,DUK,3.84,164.2,1.94,151.7,90.0
Momentum International 20,CRM,3.65,323.9,1.64,267.4,100.0
Momentum International 20,AMZN,3.61,546.9,2.03,280.5,100.0
Momentum International 20,NVDA,3.51,156.4,1.5,331.4,100.0
Momentum International 20,JNJ,3.41,668.5,2.74,73.8,41.8
Momentum International 20,PBR-A,3.39,105.4,2.64,26.2,28.3
Momentum International 20,JPM,3.31,758.5,2.1,367.6,100.0
Momentum International 20,GOOGL,3.2,1603.8,2.69,120.0,75.7
Momentum International 20,GOOG,3.04,1163.9,2.39,118.4,76.0
Momentum International 20,META,2.92,-97.8,-0.73,254.8,100.0
Momentum International 20,AAPL,2.91,210.5,1.73,203.7,95.7
Mean Reversion All 20,META,50.0,-97.8,-0.73,254.8,100.0
Mean Reversion All 20,PM,50.0,-21.2,0.96,236.7,99.9
Mean Reversion International 20,META,50.0,-97.8,-0.73,254.8,100.0
Mean Reversion International 20,PM,50.0,-21.2,0.96,236.7,99.9
Quality All 20,BRSR6,10.46,78.3,2.92,23.1,30.3
Quality All 20,EBR,10.46,50.8,2.49,13.8,10.1
Quality All 20,USIM3,10.46,58.0,2.45,20.3,33.6
Quality All 20,ELET3,10.46,292.7,2.06,42.2,32.6
Quality All 20,TASA4,10.46,45.4,2.06,16.7,17.4
Quality All 20,GOAU4,8.9,49.1,2.25,16.3,19.5
Quality All 20,PETR4,6.77,283.1,2.51,43.9,37.8
Quality All 20,PBR-A,6.15,105.4,2.64,26.2,28.3
Quality All 20,BRAP4,4.37,127.4,2.73,28.2,26.2
Quality All 20,AEP,4.12,315.8,2.14,76.9,52.1
Quality All 20,SIMH3,3.21,119.0,2.35,47.8,63.9
Quality All 20,VALE3,2.68,519.2,3.5,51.0,41.2
Quality All 20,CPFE3,2.66,283.2,3.39,45.3,43.9
Quality All 20,WEGE3,2.52,246.7,2.4,49.7,42.7
Quality All 20,JNJ,2.15,668.5,2.74,73.8,41.8
Quality All 20,BPAC11,1.35,349.9,2.08,80.4,54.6
Quality All 20,JPM,0.94,758.5,2.1,367.6,100.0
Quality All 20,GOOGL,0.9,1603.8,2.69,120.0,75.7
Quality All 20,GOOG,0.74,1163.9,2.39,118.4,76.0
Quality All 20,EALT3,0.21,38.7,2.36,30.1,31.8
Quality Brazilian 20,ELET3,12.81,292.7,2.06,42.2,32.6
Quality Brazilian 20,CPLE6,12.81,51.8,1.87,16.0,11.2
Quality Brazilian 20,USIM3,11.83,58.0,2.45,20.3,33.6
Quality Brazilian 20,BRSR5,9.15,76.8,1.96,42.1,22.2
Quality Brazilian 20,TASA4,8.68,45.4,2.06,16.7,17.4
Quality Brazilian 20,GOAU4,7.89,49.1,2.25,16.3,19.5
Quality Brazilian 20,BRSR6,6.9,78.3,2.92,23.1,30.3
Quality Brazilian 20,MGLU3,6.62,50.6,2.05,50.2,67.2
Quality Brazilian 20,LEVE3,3.11,116.3,2.0,33.7,21.1
Quality Brazilian 20,BRAP4,2.9,127.4,2.73,28.2,26.2
Quality Brazilian 20,SIMH3,2.55,119.0,2.35,47.8,63.9
Quality Brazilian 20,PETR4,2.41,283.1,2.51,43.9,37.8
Quality Brazilian 20,PRIO3,2.13,307.8,1.87,68.7,50.5
Quality Brazilian 20,VALE3,2.05,519.2,3.5,51.0,41.2
Quality Brazilian 20,CPFE3,1.94,283.2,3.39,45.3,43.9
Quality Brazilian 20,BPAC3,1.83,154.4,1.98,71.8,81.8
Quality Brazilian 20,WEGE3,1.77,246.7,2.4,49.7,42.7
Quality Brazilian 20,TAEE11,1.44,144.2,1.96,41.2,33.5
Quality Brazilian 20,BPAC11,0.94,349.9,2.08,80.4,54.6
Quality Brazilian 20,EALT3,0.26,38.7,2.36,30.1,31.8
Quality International 20,PM,17.74,-21.2,0.96,236.7,99.9
Quality International 20,KO,10.93,219.1,2.04,51.7,29.9
Quality International 20,EBR,9.08,50.8,2.49,13.8,10.1
Quality International 20,ELP,9.03,45.3,1.61,13.5,9.8
Quality International 20,ABEV,7.19,12.4,1.65,6.0,5.6
Quality International 20,AEP,5.76,315.8,2.14,76.9,52.1
Quality International 20,DUK,4.84,164.2,1.94,151.7,90.0
Quality International 20,CRM,3.92,323.9,1.64,267.4,100.0
Quality International 20,AMZN,3.88,546.9,2.03,280.5,100.0
Quality International 20,NVDA,3.76,156.4,1.5,331.4,100.0
Quality International 20,JNJ,3.67,668.5,2.74,73.8,41.8
Quality International 20,PBR-A,3.65,105.4,2.64,26.2,28.3
Quality International 20,JPM,3.56,758.5,2.1,367.6,100.0
Quality International 20,GOOGL,3.44,1603.8,2.69,120.0,75.7
Quality International 20,GOOG,3.27,1163.9,2.39,118.4,76.0
Quality International 20,META,3.14,-97.8,-0.73,254.8,100.0
Quality International 20,AAPL,3.14,210.5,1.73,203.7,95.7
Value All 20,ELET3,10.79,292.7,2.06,42.2,32.6
Value All 20,ELET6,10.79,303.6,1.81,51.7,37.4
Value All 20,PRIO3,10.79,307.8,1.87,68.7,50.5
Value All 20,EBR,10.79,50.8,2.49,13.8,10.1
Value All 20,CPLE6,10.79,51.8,1.87,16.0,11.2
Value All 20,PBR-A,5.65,105.4,2.64,26.2,28.3
Value All 20,LEVE3,5.57,116.3,2.0,33.7,21.1
Value All 20,PETR4,5.5,283.1,2.51,43.9,37.8
Value All 20,KO,4.15,219.1,2.04,51.7,29.9
Value All 20,BRAP4,4.01,127.4,2.73,28.2,26.2
Value All 20,AEP,3.91,315.8,2.14,76.9,52.1
Value All 20,CPFE3,2.76,283.2,3.39,45.3,43.9
Value All 20,WEGE3,2.7,246.7,2.4,49.7,42.7
Value All 20,VALE3,2.67,519.2,3.5,51.0,41.2
Value All 20,AMZN,2.43,546.9,2.03,280.5,100.0
Value All 20,JNJ,2.27,668.5,2.74,73.8,41.8
Value All 20,BPAC11,1.57,349.9,2.08,80.4,54.6
Value All 20,JPM,1.03,758.5,2.1,367.6,100.0
Value All 20,GOOGL,0.99,1603.8,2.69,120.0,75.7
Value All 20,GOOG,0.8,1163.9,2.39,118.4,76.0
Value Brazilian 20,ELET3,11.13,292.7,2.06,42.2,32.6
Value Brazilian 20,ELET6,11.13,303.6,1.81,51.7,37.4
Value Brazilian 20,CPLE6,11.13,51.8,1.87,16.0,11.2
Value Brazilian 20,NEOE3,11.13,89.0,1.64,27.1,23.5
Value Brazilian 20,BPAN4,11.13,52.3,1.54,21.9,16.8
Value Brazilian 20,BRSR6,8.25,78.3,2.92,23.1,30.3
Value Brazilian 20,BRSR5,6.45,76.8,1.96,42.1,22.2
Value Brazilian 20,BRAP4,4.27,127.4,2.73,28.2,26.2
Value Brazilian 20,LEVE3,3.29,116.3,2.0,33.7,21.1
Value Brazilian 20,VALE3,2.87,519.2,3.5,51.0,41.2
Value Brazilian 20,PRIO3,2.73,307.8,1.87,68.7,50.5
Value Brazilian 20,PETR4,2.47,283.1,2.51,43.9,37.8
Value Brazilian 20,SIMH3,2.44,119.0,2.35,47.8,63.9
Value Brazilian 20,CPFE3,2.19,283.2,3.39,45.3,43.9
Value Brazilian 20,WEGE3,2.11,246.7,2.4,49.7,42.7
Value Brazilian 20,BPAC3,1.93,154.4,1.98,71.8,81.8
Value Brazilian 20,TAEE11,1.72,144.2,1.96,41.2,33.5
Value Brazilian 20,BPAC5,1.37,86.2,1.23,45.9,38.5
Value Brazilian 20,ITUB4,1.35,95.1,1.36,49.5,45.6
Value Brazilian 20,BPAC11,0.91,349.9,2.08,80.4,54.6
Value International 20,PM,17.74,-21.2,0.96,236.7,99.9
Value International 20,KO,10.93,219.1,2.04,51.7,29.9
Value International 20,EBR,9.08,50.8,2.49,13.8,10.1
Value International 20,ELP,9.03,45.3,1.61,13.5,9.8
Value International 20,ABEV,7.19,12.4,1.65,6.0,5.6
Value International 20,AEP,5.76,315.8,2.14,76.9,52.1
Value International 20,DUK,4.84,164.2,1.94,151.7,90.0
Value International 20,CRM,3.92,323.9,1.64,267.4,100.0
Value International 20,AMZN,3.88,546.9,2.03,280.5,100.0
Value International 20,NVDA,3.76,156.4,1.5,331.4,100.0
Value International 20,JNJ,3.67,668.5,2.74,73.8,41.8
Value International 20,PBR-A,3.65,105.4,2.64,26.2,28.3
Value International 20,JPM,3.56,758.5,2.1,367.6,100.0
Value International 20,GOOGL,3.44,1603.8,2.69,120.0,75.7
Value International 20,GOOG,3.27,1163.9,2.39,118.4,76.0
Value International 20,META,3.14,-97.8,-0.73,254.8,100.0
Value International 20,AAPL,3.14,210.5,1.73,203.7,95.7
Growth All 20,AEP,10.46,315.8,2.14,76.9,52.1
Growth All 20,PETR4,10.46,283.1,2.51,43.9,37.8
Growth All 20,ELET6,10.46,303.6,1.81,51.7,37.4
Growth All 20,ELET3,10.46,292.7,2.06,42.2,32.6
Growth All 20,DUK,10.46,164.2,1.94,151.7,90.0
Growth All 20,KO,8.21,219.1,2.04,51.7,29.9
Growth All 20,WEGE3,6.15,246.7,2.4,49.7,42.7
Growth All 20,JNJ,5.28,668.5,2.74,73.8,41.8
Growth All 20,VALE3,4.62,519.2,3.5,51.0,41.2
Growth All 20,CPFE3,4.37,283.2,3.39,45.3,43.9
Growth All 20,TAEE11,3.88,144.2,1.96,41.2,33.5
Growth All 20,CRM,3.88,323.9,1.64,267.4,100.0
Growth All 20,AMZN,3.39,546.9,2.03,280.5,100.0
Growth All 20,BPAC11,2.62,349.9,2.08,80.4,54.6
Growth All 20,JPM,1.49,758.5,2.1,367.6,100.0
Growth All 20,GOOGL,1.41,1603.8,2.69,120.0,75.7
Growth All 20,GOOG,1.15,1163.9,2.39,118.4,76.0
Growth All 20,NVDA,0.61,156.4,1.5,331.4,100.0
Growth All 20,AAPL,0.44,210.5,1.73,203.7,95.7
Growth All 20,PRIO3,0.21,307.8,1.87,68.7,50.5
Growth Brazilian 20,ELET6,13.47,303.6,1.81,51.7,37.4
Growth Brazilian 20,ELET3,13.47,292.7,2.06,42.2,32.6
Growth Brazilian 20,NEOE3,13.47,89.0,1.64,27.1,23.5
Growth Brazilian 20,BRSR6,10.97,78.3,2.92,23.1,30.3
Growth Brazilian 20,BRAP4,5.27,127.4,2.73,28.2,26.2
Growth Brazilian 20,PRIO3,4.9,307.8,1.87,68.7,50.5
Growth Brazilian 20,LEVE3,4.09,116.3,2.0,33.7,21.1
Growth Brazilian 20,VALE3,3.85,519.2,3.5,51.0,41.2
Growth Brazilian 20,PETR4,3.84,283.1,2.51,43.9,37.8
Growth Brazilian 20,SIMH3,3.29,119.0,2.35,47.8,63.9
Growth Brazilian 20,PSSA3,2.92,79.3,1.14,89.7,50.3
Growth Brazilian 20,ITSA4,2.89,51.9,1.56,21.4,18.8
Growth Brazilian 20,CPFE3,2.88,283.2,3.39,45.3,43.9
Growth Brazilian 20,WEGE3,2.85,246.7,2.4,49.7,42.7
Growth Brazilian 20,BPAC3,2.74,154.4,1.98,71.8,81.8
Growth Brazilian 20,BBDC3,2.12,61.6,1.42,26.9,28.3
Growth Brazilian 20,TAEE11,2.07,144.2,1.96,41.2,33.5
Growth Brazilian 20,SAPR11,1.97,84.1,1.2,78.7,76.5
Growth Brazilian 20,ITUB4,1.82,95.1,1.36,49.5,45.6
Growth Brazilian 20,BPAC11,1.1,349.9,2.08,80.4,54.6
Growth International 20,PM,16.18,-21.2,0.96,236.7,99.9
Growth International 20,EBR,13.48,50.8,2.49,13.8,10.1
Growth International 20,ELP,13.01,45.3,1.61,13.5,9.8
Growth International 20,KO,10.15,219.1,2.04,51.7,29.9
Growth International 20,AEP,5.35,315.8,2.14,76.9,52.1
Growth International 20,ABEV,5.04,12.4,1.65,6.0,5.6
Growth International 20,DUK,3.84,164.2,1.94,151.7,90.0
Growth International 20,CRM,3.65,323.9,1.64,267.4,100.0
Growth International 20,AMZN,3.61,546.9,2.03,280.5,100.0
Growth International 20,NVDA,3.51,156.4,1.5,331.4,100.0
Growth International 20,JNJ,3.41,668.5,2.74,73.8,41.8
Growth International 20,PBR-A,3.39,105.4,2.64,26.2,28.3
Growth International 20,JPM,3.31,758.5,2.1,367.6,100.0
Growth International 20,GOOGL,3.2,1603.8,2.69,120.0,75.7
Growth International 20,GOOG,3.04,1163.9,2.39,118.4,76.0
Growth International 20,META,2.92,-97.8,-0.73,254.8,100.0
Growth International 20,AAPL,2.91,210.5,1.73,203.7,95.7
High Frequency All 20,PRIO3,10.92,307.8,1.87,68.7,50.5
High Frequency All 20,TASA4,10.92,45.4,2.06,16.7,17.4
High Frequency All 20,GOAU4,9.99,49.1,2.25,16.3,19.5
High Frequency All 20,AEP,7.25,315.8,2.14,76.9,52.1
High Frequency All 20,CMIG4,7.15,30.6,1.36,17.1,25.0
High Frequency All 20,PETR4,6.61,283.1,2.51,43.9,37.8
High Frequency All 20,LEVE3,5.52,116.3,2.0,33.7,21.1
High Frequency All 20,KO,5.52,219.1,2.04,51.7,29.9
High Frequency All 20,ALUP3,5.23,22.9,0.74,26.8,23.9
High Frequency All 20,BRAP4,5.08,127.4,2.73,28.2,26.2
High Frequency All 20,CMIG3,4.46,34.8,0.99,24.6,29.7
High Frequency All 20,VALE3,3.65,519.2,3.5,51.0,41.2
High Frequency All 20,ITSA4,3.63,51.9,1.56,21.4,18.8
High Frequency All 20,JNJ,3.51,668.5,2.74,73.8,41.8
High Frequency All 20,WEGE3,2.83,246.7,2.4,49.7,42.7
High Frequency All 20,BBDC3,2.83,61.6,1.42,26.9,28.3
High Frequency All 20,TAEE11,2.49,144.2,1.96,41.2,33.5
High Frequency All 20,BPAC11,1.57,349.9,2.08,80.4,54.6
High Frequency All 20,NVDA,0.5,156.4,1.5,331.4,100.0
High Frequency All 20,AAPL,0.37,210.5,1.73,203.7,95.7
High Frequency Brazilian 20,NEOE3,14.36,89.0,1.64,27.1,23.5
High Frequency Brazilian 20,TASA4,13.74,45.4,2.06,16.7,17.4
High Frequency Brazilian 20,GOAU3,11.94,36.0,1.74,16.2,17.8
High Frequency Brazilian 20,GOAU4,9.87,49.1,2.25,16.3,19.5
High Frequency Brazilian 20,PRIO3,5.3,307.8,1.87,68.7,50.5
High Frequency Brazilian 20,CMIG4,5.01,30.6,1.36,17.1,25.0
High Frequency Brazilian 20,BRAP4,4.43,127.4,2.73,28.2,26.2
High Frequency Brazilian 20,LEVE3,3.81,116.3,2.0,33.7,21.1
High Frequency Brazilian 20,PETR4,3.71,283.1,2.51,43.9,37.8
High Frequency Brazilian 20,ALUP3,3.62,22.9,0.74,26.8,23.9
High Frequency Brazilian 20,VALE3,3.3,519.2,3.5,51.0,41.2
High Frequency Brazilian 20,CMIG3,3.17,34.8,0.99,24.6,29.7
High Frequency Brazilian 20,SIMH3,3.1,119.0,2.35,47.8,63.9
High Frequency Brazilian 20,ITSA4,2.76,51.9,1.56,21.4,18.8
High Frequency Brazilian 20,CPFE3,2.57,283.2,3.39,45.3,43.9
High Frequency Brazilian 20,WEGE3,2.42,246.7,2.4,49.7,42.7
High Frequency Brazilian 20,BBDC3,2.09,61.6,1.42,26.9,28.3
High Frequency Brazilian 20,SAPR11,1.87,84.1,1.2,78.7,76.5
High Frequency Brazilian 20,TAEE11,1.85,144.2,1.96,41.2,33.5
High Frequency Brazilian 20,BPAC11,1.07,349.9,2.08,80.4,54.6
High Frequency International 20,PM,16.18,-21.2,0.96,236.7,99.9
High Frequency International 20,EBR,13.48,50.8,2.49,13.8,10.1
High Frequency International 20,ELP,13.01,45.3,1.61,13.5,9.8
High Frequency International 20,KO,10.15,219.1,2.04,51.7,29.9
High Frequency International 20,AEP,5.35,315.8,2.14,76.9,52.1
High Frequency International 20,ABEV,5.04,12.4,1.65,6.0,5.6
High Frequency International 20,DUK,3.84,164.2,1.94,151.7,90.0
High Frequency International 20,CRM,3.65,323.9,1.64,267.4,100.0
High Frequency International 20,AMZN,3.61,546.9,2.03,280.5,100.0
High Frequency International 20,NVDA,3.51,156.4,1.5,331.4,100.0
High Frequency International 20,JNJ,3.41,668.5,2.74,73.8,41.8
High Frequency International 20,PBR-A,3.39,105.4,2.64,26.2,28.3
High Frequency International 20,JPM,3.31,758.5,2.1,367.6,100.0
High Frequency International 20,GOOGL,3.2,1603.8,2.69,120.0,75.7
High Frequency International 20,GOOG,3.04,1163.9,2.39,118.4,76.0
High Frequency International 20,META,2.92,-97.8,-0.73,254.8,100.0
High Frequency International 20,AAPL,2.91,210.5,1.73,203.7,95.7
Low Turnover All 20,PRIO3,11.21,307.8,1.87,68.7,50.5
Low Turnover All 20,TASA4,11.21,45.4,2.06,16.7,17.4
Low Turnover All 20,GOAU4,8.6,49.1,2.25,16.3,19.5
Low Turnover All 20,CMIG4,7.31,30.6,1.36,17.1,25.0
Low Turnover All 20,AEP,7.13,315.8,2.14,76.9,52.1
Low Turnover All 20,PETR4,6.64,283.1,2.51,43.9,37.8
Low Turnover All 20,LEVE3,5.7,116.3,2.0,33.7,21.1
Low Turnover All 20,ALUP3,5.5,22.9,0.74,26.8,23.9
Low Turnover All 20,KO,5.45,219.1,2.04,51.7,29.9
Low Turnover All 20,BRAP4,5.06,127.4,2.73,28.2,26.2
Low Turnover All 20,CMIG3,4.36,34.8,0.99,24.6,29.7
Low Turnover All 20,ITSA4,3.73,51.9,1.56,21.4,18.8
Low Turnover All 20,VALE3,3.62,519.2,3.5,51.0,41.2
Low Turnover All 20,JNJ,3.39,668.5,2.74,73.8,41.8
Low Turnover All 20,BBDC3,3.11,61.6,1.42,26.9,28.3
Low Turnover All 20,WEGE3,2.92,246.7,2.4,49.7,42.7
Low Turnover All 20,TAEE11,2.55,144.2,1.96,41.2,33.5
Low Turnover All 20,BPAC11,1.64,349.9,2.08,80.4,54.6
Low Turnover All 20,NVDA,0.49,156.4,1.5,331.4,100.0
Low Turnover All 20,AAPL,0.36,210.5,1.73,203.7,95.7
Low Turnover Brazilian 20,NEOE3,15.36,89.0,1.64,27.1,23.5
Low Turnover Brazilian 20,TASA4,13.26,45.4,2.06,16.7,17.4
Low Turnover Brazilian 20,GOAU3,11.59,36.0,1.74,16.2,17.8
Low Turnover Brazilian 20,GOAU4,9.07,49.1,2.25,16.3,19.5
Low Turnover Brazilian 20,CMIG4,5.24,30.6,1.36,17.1,25.0
Low Turnover Brazilian 20,PRIO3,4.92,307.8,1.87,68.7,50.5
Low Turnover Brazilian 20,BRAP4,4.15,127.4,2.73,28.2,26.2
Low Turnover Brazilian 20,LEVE3,3.96,116.3,2.0,33.7,21.1
Low Turnover Brazilian 20,ALUP3,3.82,22.9,0.74,26.8,23.9
Low Turnover Brazilian 20,PETR4,3.69,283.1,2.51,43.9,37.8
Low Turnover Brazilian 20,CMIG3,3.43,34.8,0.99,24.6,29.7
Low Turnover Brazilian 20,SIMH3,3.19,119.0,2.35,47.8,63.9
Low Turnover Brazilian 20,VALE3,3.15,519.2,3.5,51.0,41.2
Low Turnover Brazilian 20,ITSA4,2.88,51.9,1.56,21.4,18.8
Low Turnover Brazilian 20,CPFE3,2.63,283.2,3.39,45.3,43.9
Low Turnover Brazilian 20,WEGE3,2.44,246.7,2.4,49.7,42.7
Low Turnover Brazilian 20,BBDC3,2.27,61.6,1.42,26.9,28.3
Low Turnover Brazilian 20,SAPR11,1.93,84.1,1.2,78.7,76.5
Low Turnover Brazilian 20,TAEE11,1.9,144.2,1.96,41.2,33.5
Low Turnover Brazilian 20,BPAC11,1.13,349.9,2.08,80.4,54.6
Low Turnover International 20,AEP,10.99,315.8,2.14,76.9,52.1
Low Turnover International 20,PBR-A,10.99,105.4,2.64,26.2,28.3
Low Turnover International 20,ABEV,10.99,12.4,1.65,6.0,5.6
Low Turnover International 20,ELP,10.99,45.3,1.61,13.5,9.8
Low Turnover International 20,DUK,10.99,164.2,1.94,151.7,90.0
Low Turnover International 20,EBR,10.99,50.8,2.49,13.8,10.1
Low Turnover International 20,KO,10.91,219.1,2.04,51.7,29.9
Low Turnover International 20,JNJ,6.22,668.5,2.74,73.8,41.8
Low Turnover International 20,CRM,4.87,323.9,1.64,267.4,100.0
Low Turnover International 20,AMZN,4.62,546.9,2.03,280.5,100.0
Low Turnover International 20,JPM,2.21,758.5,2.1,367.6,100.0
Low Turnover International 20,GOOGL,1.94,1603.8,2.69,120.0,75.7
Low Turnover International 20,GOOG,1.59,1163.9,2.39,118.4,76.0
Low Turnover International 20,NVDA,1.02,156.4,1.5,331.4,100.0
Low Turnover International 20,AAPL,0.65,210.5,1.73,203.7,95.7
Swing Trading All 20,EALT4,14.23,23.3,1.63,18.3,32.1
Swing Trading All 20,EBR,14.23,50.8,2.49,13.8,10.1
Swing Trading All 20,EALT3,14.22,38.7,2.36,30.1,31.8
Swing Trading All 20,BRSR5,14.17,76.8,1.96,42.1,22.2
Swing Trading All 20,MGLU3,14.15,50.6,2.05,50.2,67.2
Swing Trading All 20,BPAC5,13.88,86.2,1.23,45.9,38.5
Swing Trading All 20,CRM,13.5,323.9,1.64,267.4,100.0
Swing Trading All 20,META,1.62,-97.8,-0.73,254.8,100.0
Swing Trading Brazilian 20,BRSR5,23.32,76.8,1.96,42.1,22.2
Swing Trading Brazilian 20,EALT4,23.32,23.3,1.63,18.3,32.1
Swing Trading Brazilian 20,EALT3,23.32,38.7,2.36,30.1,31.8
Swing Trading Brazilian 20,MGLU3,22.35,50.6,2.05,50.2,67.2
Swing Trading Brazilian 20,BPAC5,7.7,86.2,1.23,45.9,38.5
Swing Trading International 20,CRM,35.7,323.9,1.64,267.4,100.0
Swing Trading International 20,EBR,35.7,50.8,2.49,13.8,10.1
Swing Trading International 20,META,28.6,-97.8,-0.73,254.8,100.0
Risk Parity All 20,BRSR6,9.58,78.3,2.92,23.1,30.3
Risk Parity All 20,EBR,9.58,50.8,2.49,13.8,10.1
Risk Parity All 20,USIM3,9.58,58.0,2.45,20.3,33.6
Risk Parity All 20,TASA4,9.58,45.4,2.06,16.7,17.4
Risk Parity All 20,CPLE6,9.58,51.8,1.87,16.0,11.2
Risk Parity All 20,ELET3,9.58,292.7,2.06,42.2,32.6
Risk Parity All 20,BRSR5,9.58,76.8,1.96,42.1,22.2
Risk Parity All 20,GOAU4,6.31,49.1,2.25,16.3,19.5
Risk Parity All 20,PBR-A,4.7,105.4,2.64,26.2,28.3
Risk Parity All 20,PETR4,4.01,283.1,2.51,43.9,37.8
Risk Parity All 20,LEVE3,3.39,116.3,2.0,33.7,21.1
Risk Parity All 20,BRAP4,3.14,127.4,2.73,28.2,26.2
Risk Parity All 20,SIMH3,2.49,119.0,2.35,47.8,63.9
Risk Parity All 20,VALE3,2.12,519.2,3.5,51.0,41.2
Risk Parity All 20,CPFE3,2.05,283.2,3.39,45.3,43.9
Risk Parity All 20,WEGE3,1.8,246.7,2.4,49.7,42.7
Risk Parity All 20,JNJ,1.53,668.5,2.74,73.8,41.8
Risk Parity All 20,GOOGL,0.66,1603.8,2.69,120.0,75.7
Risk Parity All 20,GOOG,0.54,1163.9,2.39,118.4,76.0
Risk Parity All 20,EALT3,0.19,38.7,2.36,30.1,31.8
Risk Parity Brazilian 20,CPLE6,12.32,51.8,1.87,16.0,11.2
Risk Parity Brazilian 20,ELET3,12.32,292.7,2.06,42.2,32.6
Risk Parity Brazilian 20,USIM3,9.88,58.0,2.45,20.3,33.6
Risk Parity Brazilian 20,BRSR5,9.2,76.8,1.96,42.1,22.2
Risk Parity Brazilian 20,TASA4,8.0,45.4,2.06,16.7,17.4
Risk Parity Brazilian 20,GOAU3,7.75,36.0,1.74,16.2,17.8
Risk Parity Brazilian 20,GOAU4,7.09,49.1,2.25,16.3,19.5
Risk Parity Brazilian 20,BRSR6,6.75,78.3,2.92,23.1,30.3
Risk Parity Brazilian 20,MGLU3,6.34,50.6,2.05,50.2,67.2
Risk Parity Brazilian 20,PETR4,3.15,283.1,2.51,43.9,37.8
Risk Parity Brazilian 20,LEVE3,2.84,116.3,2.0,33.7,21.1
Risk Parity Brazilian 20,BRAP4,2.52,127.4,2.73,28.2,26.2
Risk Parity Brazilian 20,SIMH3,2.34,119.0,2.35,47.8,63.9
Risk Parity Brazilian 20,VALE3,1.86,519.2,3.5,51.0,41.2
Risk Parity Brazilian 20,BPAC3,1.86,154.4,1.98,71.8,81.8
Risk Parity Brazilian 20,CPFE3,1.77,283.2,3.39,45.3,43.9
Risk Parity Brazilian 20,WEGE3,1.6,246.7,2.4,49.7,42.7
Risk Parity Brazilian 20,TAEE11,1.32,144.2,1.96,41.2,33.5
Risk Parity Brazilian 20,BPAC11,0.85,349.9,2.08,80.4,54.6
Risk Parity Brazilian 20,EALT3,0.25,38.7,2.36,30.1,31.8
Risk Parity International 20,PM,17.74,-21.2,0.96,236.7,99.9
Risk Parity International 20,KO,10.93,219.1,2.04,51.7,29.9
Risk Parity International 20,EBR,9.08,50.8,2.49,13.8,10.1
Risk Parity International 20,ELP,9.03,45.3,1.61,13.5,9.8
Risk Parity International 20,ABEV,7.19,12.4,1.65,6.0,5.6
Risk Parity International 20,AEP,5.76,315.8,2.14,76.9,52.1
Risk Parity International 20,DUK,4.84,164.2,1.94,151.7,90.0
Risk Parity International 20,CRM,3.92,323.9,1.64,267.4,100.0
Risk Parity International 20,AMZN,3.88,546.9,2.03,280.5,100.0
Risk Parity International 20,NVDA,3.76,156.4,1.5,331.4,100.0
Risk Parity International 20,JNJ,3.67,668.5,2.74,73.8,41.8
Risk Parity International 20,PBR-A,3.65,105.4,2.64,26.2,28.3
Risk Parity International 20,JPM,3.56,758.5,2.1,367.6,100.0
Risk Parity International 20,GOOGL,3.44,1603.8,2.69,120.0,75.7
Risk Parity International 20,GOOG,3.27,1163.9,2.39,118.4,76.0
Risk Parity International 20,META,3.14,-97.8,-0.73,254.8,100.0
Risk Parity International 20,AAPL,3.14,210.5,1.73,203.7,95.7
Max Sharpe All 20,BRSR5,12.5,76.8,1.96,42.1,22.2
Max Sharpe All 20,CMIG3,10.5,34.8,0.99,24.6,29.7
Max Sharpe All 20,BBDC3,10.4,61.6,1.42,26.9,28.3
Max Sharpe All 20,CPFE3,9.36,283.2,3.39,45.3,43.9
Max Sharpe All 20,BPAC5,8.38,86.2,1.23,45.9,38.5
Max Sharpe All 20,BPAC3,7.8,154.4,1.98,71.8,81.8
Max Sharpe All 20,DUK,7.0,164.2,1.94,151.7,90.0
Max Sharpe All 20,CRM,7.0,323.9,1.64,267.4,100.0
Max Sharpe All 20,AMZN,7.0,546.9,2.03,280.5,100.0
Max Sharpe All 20,AEP,5.8,315.8,2.14,76.9,52.1
Max Sharpe All 20,AAPL,4.66,210.5,1.73,203.7,95.7
Max Sharpe All 20,BRSR6,3.77,78.3,2.92,23.1,30.3
Max Sharpe All 20,BPAC11,1.6,349.9,2.08,80.4,54.6
Max Sharpe All 20,BRAP4,1.22,127.4,2.73,28.2,26.2
Max Sharpe All 20,ALUP3,0.5,22.9,0.74,26.8,23.9
Max Sharpe All 20,CPLE6,0.5,51.8,1.87,16.0,11.2
Max Sharpe All 20,CMIG4,0.5,30.6,1.36,17.1,25.0
Max Sharpe All 20,BPAN4,0.5,52.3,1.54,21.9,16.8
Max Sharpe All 20,ABEV,0.5,12.4,1.65,6.0,5.6
Max Sharpe All 20,EALT3,0.5,38.7,2.36,30.1,31.8
Max Sharpe Brazilian 20,BRSR5,12.5,76.8,1.96,42.1,22.2
Max Sharpe Brazilian 20,SIMH3,11.72,119.0,2.35,47.8,63.9
Max Sharpe Brazilian 20,WEGE3,10.98,246.7,2.4,49.7,42.7
Max Sharpe Brazilian 20,TASA4,10.5,45.4,2.06,16.7,17.4
Max Sharpe Brazilian 20,CPFE3,9.36,283.2,3.39,45.3,43.9
Max Sharpe Brazilian 20,BPAC3,7.8,154.4,1.98,71.8,81.8
Max Sharpe Brazilian 20,BRAP4,7.66,127.4,2.73,28.2,26.2
Max Sharpe Brazilian 20,TAEE11,6.8,144.2,1.96,41.2,33.5
Max Sharpe Brazilian 20,PETR4,6.37,283.1,2.51,43.9,37.8
Max Sharpe Brazilian 20,VALE3,6.33,519.2,3.5,51.0,41.2
Max Sharpe Brazilian 20,BRSR6,3.77,78.3,2.92,23.1,30.3
Max Sharpe Brazilian 20,BPAC11,1.6,349.9,2.08,80.4,54.6
Max Sharpe Brazilian 20,LEVE3,1.11,116.3,2.0,33.7,21.1
Max Sharpe Brazilian 20,CPLE6,0.5,51.8,1.87,16.0,11.2
Max Sharpe Brazilian 20,ELET3,0.5,292.7,2.06,42.2,32.6
Max Sharpe Brazilian 20,ELET6,0.5,303.6,1.81,51.7,37.4
Max Sharpe Brazilian 20,USIM3,0.5,58.0,2.45,20.3,33.6
Max Sharpe Brazilian 20,EALT3,0.5,38.7,2.36,30.1,31.8
Max Sharpe Brazilian 20,GOAU4,0.5,49.1,2.25,16.3,19.5
Max Sharpe Brazilian 20,MGLU3,0.5,50.6,2.05,50.2,67.2
Max Sharpe International 20,PBR-A,9.57,105.4,2.64,26.2,28.3
Max Sharpe International 20,JNJ,8.93,668.5,2.74,73.8,41.8
Max Sharpe International 20,DUK,8.24,164.2,1.94,151.7,90.0
Max Sharpe International 20,AMZN,8.24,546.9,2.03,280.5,100.0
Max Sharpe International 20,GOOGL,8.24,1603.8,2.69,120.0,75.7
Max Sharpe International 20,CRM,8.24,323.9,1.64,267.4,100.0
Max Sharpe International 20,GOOG,8.24,1163.9,2.39,118.4,76.0
Max Sharpe International 20,JPM,8.02,758.5,2.1,367.6,100.0
Max Sharpe International 20,ABEV,6.42,12.4,1.65,6.0,5.6
Max Sharpe International 20,AEP,5.8,315.8,2.14,76.9,52.1
Max Sharpe International 20,NVDA,5.34,156.4,1.5,331.4,100.0
Max Sharpe International 20,AAPL,4.66,210.5,1.73,203.7,95.7
Max Sharpe International 20,KO,2.81,219.1,2.04,51.7,29.9
Max Sharpe International 20,ELP,2.5,45.3,1.61,13.5,9.8
Max Sharpe International 20,EBR,2.41,50.8,2.49,13.8,10.1
Max Sharpe International 20,PM,1.76,-21.2,0.96,236.7,99.9
Max Sharpe International 20,META,0.59,-97.8,-0.73,254.8,100.0
Min Variance All 20,BPAC3,7.84,154.4,1.98,71.8,81.8
Min Variance All 20,JNJ,7.63,668.5,2.74,73.8,41.8
Min Variance All 20,JPM,7.04,758.5,2.1,367.6,100.0
Min Variance All 20,AMZN,7.04,546.9,2.03,280.5,100.0
Min Variance All 20,CRM,7.04,323.9,1.64,267.4,100.0
Min Variance All 20,GOOGL,7.04,1603.8,2.69,120.0,75.7
Min Variance All 20,GOOG,7.04,1163.9,2.39,118.4,76.0
Min Variance All 20,DUK,6.8,164.2,1.94,151.7,90.0
Min Variance All 20,VALE3,6.36,519.2,3.5,51.0,41.2
Min Variance All 20,AEP,5.82,315.8,2.14,76.9,52.1
Min Variance All 20,ELET6,5.43,303.6,1.81,51.7,37.4
Min Variance All 20,NVDA,5.37,156.4,1.5,331.4,100.0
Min Variance All 20,AAPL,4.68,210.5,1.73,203.7,95.7
Min Variance All 20,PRIO3,4.09,307.8,1.87,68.7,50.5
Min Variance All 20,SAPR11,3.57,84.1,1.2,78.7,76.5
Min Variance All 20,KO,2.83,219.1,2.04,51.7,29.9
Min Variance All 20,PM,1.77,-21.2,0.96,236.7,99.9
Min Variance All 20,BPAC11,1.61,349.9,2.08,80.4,54.6
Min Variance All 20,PSSA3,1.01,79.3,1.14,89.7,50.3
Min Variance Brazilian 20,BRSR5,12.89,76.8,1.96,42.1,22.2
Min Variance Brazilian 20,SIMH3,12.08,119.0,2.35,47.8,63.9
Min Variance Brazilian 20,WEGE3,9.71,246.7,2.4,49.7,42.7
Min Variance Brazilian 20,CPFE3,9.65,283.2,3.39,45.3,43.9
Min Variance Brazilian 20,BPAC5,8.64,86.2,1.23,45.9,38.5
Min Variance Brazilian 20,ITUB4,8.33,95.1,1.36,49.5,45.6
Min Variance Brazilian 20,BPAC3,8.04,154.4,1.98,71.8,81.8
Min Variance Brazilian 20,TAEE11,7.01,144.2,1.96,41.2,33.5
Min Variance Brazilian 20,PETR4,6.57,283.1,2.51,43.9,37.8
Min Variance Brazilian 20,VALE3,6.53,519.2,3.5,51.0,41.2
Min Variance Brazilian 20,PRIO3,4.2,307.8,1.87,68.7,50.5
Min Variance Brazilian 20,SAPR11,3.67,84.1,1.2,78.7,76.5
Min Variance Brazilian 20,BPAC11,1.65,349.9,2.08,80.4,54.6
Min Variance Brazilian 20,PSSA3,1.03,79.3,1.14,89.7,50.3
Min Variance International 20,JNJ,8.56,668.5,2.74,73.8,41.8
Min Variance International 20,AMZN,8.24,546.9,2.03,280.5,100.0
Min Variance International 20,CRM,8.24,323.9,1.64,267.4,100.0
Min Variance International 20,GOOG,8.24,1163.9,2.39,118.4,76.0
Min Variance International 20,JPM,8.02,758.5,2.1,367.6,100.0
Min Variance International 20,GOOGL,7.78,1603.8,2.69,120.0,75.7
Min Variance International 20,PBR-A,7.77,105.4,2.64,26.2,28.3
Min Variance International 20,DUK,6.33,164.2,1.94,151.7,90.0
Min Variance International 20,AEP,5.8,315.8,2.14,76.9,52.1
Min Variance International 20,ABEV,5.54,12.4,1.65,6.0,5.6
Min Variance International 20,NVDA,5.34,156.4,1.5,331.4,100.0
Min Variance International 20,ELP,5.18,45.3,1.61,13.5,9.8
Min Variance International 20,EBR,5.16,50.8,2.49,13.8,10.1
Min Variance International 20,AAPL,4.66,210.5,1.73,203.7,95.7
Min Variance International 20,KO,2.81,219.1,2.04,51.7,29.9
Min Variance International 20,PM,1.76,-21.2,0.96,236.7,99.9
Min Variance International 20,META,0.59,-97.8,-0.73,254.8,100.0
Max Diversification All 20,ABEV,11.05,12.4,1.65,6.0,5.6
Max Diversification All 20,BPAN4,11.05,52.3,1.54,21.9,16.8
Max Diversification All 20,BRSR5,11.05,76.8,1.96,42.1,22.2
Max Diversification All 20,BRSR6,11.05,78.3,2.92,23.1,30.3
Max Diversification All 20,CPLE6,11.05,51.8,1.87,16.0,11.2
Max Diversification All 20,CMIG4,6.69,30.6,1.36,17.1,25.0
Max Diversification All 20,BRAP4,5.55,127.4,2.73,28.2,26.2
Max Diversification All 20,DUK,4.87,164.2,1.94,151.7,90.0
Max Diversification All 20,AEP,4.07,315.8,2.14,76.9,52.1
Max Diversification All 20,ALUP3,4.02,22.9,0.74,26.8,23.9
Max Diversification All 20,CMIG3,3.44,34.8,0.99,24.6,29.7
Max Diversification All 20,BPAC3,2.85,154.4,1.98,71.8,81.8
Max Diversification All 20,CPFE3,2.76,283.2,3.39,45.3,43.9
Max Diversification All 20,BPAC5,2.33,86.2,1.23,45.9,38.5
Max Diversification All 20,BBDC3,2.32,61.6,1.42,26.9,28.3
Max Diversification All 20,AMZN,2.23,546.9,2.03,280.5,100.0
Max Diversification All 20,CRM,1.82,323.9,1.64,267.4,100.0
Max Diversification All 20,BPAC11,1.28,349.9,2.08,80.4,54.6
Max Diversification All 20,AAPL,0.31,210.5,1.73,203.7,95.7
Max Diversification All 20,EALT3,0.22,38.7,2.36,30.1,31.8
Max Diversification Brazilian 20,BPAN4,10.93,52.3,1.54,21.9,16.8
Max Diversification Brazilian 20,CPLE6,10.93,51.8,1.87,16.0,11.2
Max Diversification Brazilian 20,EALT4,10.93,23.3,1.63,18.3,32.1
Max Diversification Brazilian 20,ELET3,10.93,292.7,2.06,42.2,32.6
Max Diversification Brazilian 20,ELET6,10.93,303.6,1.81,51.7,37.4
Max Diversification Brazilian 20,GOAU3,8.1,36.0,1.74,16.2,17.8
Max Diversification Brazilian 20,BRSR6,7.15,78.3,2.92,23.1,30.3
Max Diversification Brazilian 20,BRSR5,5.32,76.8,1.96,42.1,22.2
Max Diversification Brazilian 20,GOAU4,4.37,49.1,2.25,16.3,19.5
Max Diversification Brazilian 20,CMIG4,3.58,30.6,1.36,17.1,25.0
Max Diversification Brazilian 20,HYPE3,3.04,42.4,1.02,49.6,46.3
Max Diversification Brazilian 20,BRAP4,3.01,127.4,2.73,28.2,26.2
Max Diversification Brazilian 20,ALUP3,2.05,22.9,0.74,26.8,23.9
Max Diversification Brazilian 20,CMIG3,1.86,34.8,0.99,24.6,29.7
Max Diversification Brazilian 20,BPAC3,1.73,154.4,1.98,71.8,81.8
Max Diversification Brazilian 20,CPFE3,1.71,283.2,3.39,45.3,43.9
Max Diversification Brazilian 20,BBDC3,1.35,61.6,1.42,26.9,28.3
Max Diversification Brazilian 20,BPAC5,1.13,86.2,1.23,45.9,38.5
Max Diversification Brazilian 20,BPAC11,0.75,349.9,2.08,80.4,54.6
Max Diversification Brazilian 20,EALT3,0.22,38.7,2.36,30.1,31.8
Max Diversification International 20,PM,17.74,-21.2,0.96,236.7,99.9
Max Diversification International 20,KO,10.93,219.1,2.04,51.7,29.9
Max Diversification International 20,EBR,9.08,50.8,2.49,13.8,10.1
Max Diversification International 20,ELP,9.03,45.3,1.61,13.5,9.8
Max Diversification International 20,ABEV,7.19,12.4,1.65,6.0,5.6
Max Diversification International 20,AEP,5.76,315.8,2.14,76.9,52.1
Max Diversification International 20,DUK,4.84,164.2,1.94,151.7,90.0
Max Diversification International 20,CRM,3.92,323.9,1.64,267.4,100.0
Max Diversification International 20,AMZN,3.88,546.9,2.03,280.5,100.0
Max Diversification International 20,NVDA,3.76,156.4,1.5,331.4,100.0
Max Diversification International 20,JNJ,3.67,668.5,2.74,73.8,41.8
Max Diversification International 20,PBR-A,3.65,105.4,2.64,26.2,28.3
Max Diversification International 20,JPM,3.56,758.5,2.1,367.6,100.0
Max Diversification International 20,GOOGL,3.44,1603.8,2.69,120.0,75.7
Max Diversification International 20,GOOG,3.27,1163.9,2.39,118.4,76.0
Max Diversification International 20,META,3.14,-97.8,-0.73,254.8,100.0
Max Diversification International 20,AAPL,3.14,210.5,1.73,203.7,95.7
Concentrated All 20,GOOGL,12.5,1603.8,2.69,120.0,75.7
Concentrated All 20,GOOG,12.5,1163.9,2.39,118.4,76.0
Concentrated All 20,VALE3,12.5,519.2,3.5,51.0,41.2
Concentrated All 20,JNJ,12.5,668.5,2.74,73.8,41.8
Concentrated All 20,JPM,12.5,758.5,2.1,367.6,100.0
Concentrated All 20,AMZN,12.5,546.9,2.03,280.5,100.0
Concentrated All 20,CPFE3,12.5,283.2,3.39,45.3,43.9
Concentrated All 20,PETR4,12.5,283.1,2.51,43.9,37.8
Concentrated Brazilian 20,VALE3,12.5,519.2,3.5,51.0,41.2
Concentrated Brazilian 20,CPFE3,12.5,283.2,3.39,45.3,43.9
Concentrated Brazilian 20,PETR4,12.5,283.1,2.51,43.9,37.8
Concentrated Brazilian 20,BPAC11,12.5,349.9,2.08,80.4,54.6
Concentrated Brazilian 20,WEGE3,12.5,246.7,2.4,49.7,42.7
Concentrated Brazilian 20,ELET3,12.5,292.7,2.06,42.2,32.6
Concentrated Brazilian 20,PRIO3,12.5,307.8,1.87,68.7,50.5
Concentrated Brazilian 20,ELET6,12.5,303.6,1.81,51.7,37.4
Concentrated International 20,GOOGL,12.5,1603.8,2.69,120.0,75.7
Concentrated International 20,GOOG,12.5,1163.9,2.39,118.4,76.0
Concentrated International 20,JNJ,12.5,668.5,2.74,73.8,41.8
Concentrated International 20,JPM,12.5,758.5,2.1,367.6,100.0
Concentrated International 20,AMZN,12.5,546.9,2.03,280.5,100.0
Concentrated International 20,AEP,12.5,315.8,2.14,76.9,52.1
Concentrated International 20,CRM,12.5,323.9,1.64,267.4,100.0
Concentrated International 20,KO,12.5,219.1,2.04,51.7,29.9
Mega Diversified All 20,JNJ,7.59,668.5,2.74,73.8,41.8
Mega Diversified All 20,BPAC3,7.07,154.4,1.98,71.8,81.8
Mega Diversified All 20,AMZN,7.0,546.9,2.03,280.5,100.0
Mega Diversified All 20,CRM,7.0,323.9,1.64,267.4,100.0
Mega Diversified All 20,GOOG,7.0,1163.9,2.39,118.4,76.0
Mega Diversified All 20,JPM,7.0,758.5,2.1,367.6,100.0
Mega Diversified All 20,GOOGL,6.9,1603.8,2.69,120.0,75.7
Mega Diversified All 20,VALE3,6.33,519.2,3.5,51.0,41.2
Mega Diversified All 20,AEP,5.8,315.8,2.14,76.9,52.1
Mega Diversified All 20,SIMH3,5.35,119.0,2.35,47.8,63.9
Mega Diversified All 20,NVDA,5.34,156.4,1.5,331.4,100.0
Mega Diversified All 20,WEGE3,5.27,246.7,2.4,49.7,42.7
Mega Diversified All 20,DUK,5.2,164.2,1.94,151.7,90.0
Mega Diversified All 20,AAPL,4.66,210.5,1.73,203.7,95.7
Mega Diversified All 20,PRIO3,4.07,307.8,1.87,68.7,50.5
Mega Diversified All 20,SAPR11,3.56,84.1,1.2,78.7,76.5
Mega Diversified All 20,PM,1.76,-21.2,0.96,236.7,99.9
Mega Diversified All 20,BPAC11,1.6,349.9,2.08,80.4,54.6
Mega Diversified All 20,PSSA3,1.0,79.3,1.14,89.7,50.3
Mega Diversified All 20,META,0.5,-97.8,-0.73,254.8,100.0
Mega Diversified Brazilian 20,SIMH3,11.72,119.0,2.35,47.8,63.9
Mega Diversified Brazilian 20,WEGE3,10.98,246.7,2.4,49.7,42.7
Mega Diversified Brazilian 20,CPFE3,9.36,283.2,3.39,45.3,43.9
Mega Diversified Brazilian 20,ITUB4,8.08,95.1,1.36,49.5,45.6
Mega Diversified Brazilian 20,BPAC3,7.8,154.4,1.98,71.8,81.8
Mega Diversified Brazilian 20,BRAP4,7.66,127.4,2.73,28.2,26.2
Mega Diversified Brazilian 20,TAEE11,6.8,144.2,1.96,41.2,33.5
Mega Diversified Brazilian 20,PETR4,6.37,283.1,2.51,43.9,37.8
Mega Diversified Brazilian 20,VALE3,6.33,519.2,3.5,51.0,41.2
Mega Diversified Brazilian 20,CMIG3,6.02,34.8,0.99,24.6,29.7
Mega Diversified Brazilian 20,PRIO3,4.07,307.8,1.87,68.7,50.5
Mega Diversified Brazilian 20,SAPR11,3.56,84.1,1.2,78.7,76.5
Mega Diversified Brazilian 20,HYPE3,3.28,42.4,1.02,49.6,46.3
Mega Diversified Brazilian 20,MGLU3,2.0,50.6,2.05,50.2,67.2
Mega Diversified Brazilian 20,BBDC3,1.86,61.6,1.42,26.9,28.3
Mega Diversified Brazilian 20,BPAC11,1.6,349.9,2.08,80.4,54.6
Mega Diversified Brazilian 20,PSSA3,1.0,79.3,1.14,89.7,50.3
Mega Diversified Brazilian 20,ELET6,0.5,303.6,1.81,51.7,37.4
Mega Diversified Brazilian 20,ELET3,0.5,292.7,2.06,42.2,32.6
Mega Diversified Brazilian 20,LEVE3,0.5,116.3,2.0,33.7,21.1
Mega Diversified International 20,JNJ,8.56,668.5,2.74,73.8,41.8
Mega Diversified International 20,CRM,8.24,323.9,1.64,267.4,100.0
Mega Diversified International 20,GOOG,8.24,1163.9,2.39,118.4,76.0
Mega Diversified International 20,AMZN,8.24,546.9,2.03,280.5,100.0
Mega Diversified International 20,JPM,8.02,758.5,2.1,367.6,100.0
Mega Diversified International 20,GOOGL,7.78,1603.8,2.69,120.0,75.7
Mega Diversified International 20,PBR-A,7.77,105.4,2.64,26.2,28.3
Mega Diversified International 20,DUK,6.33,164.2,1.94,151.7,90.0
Mega Diversified International 20,AEP,5.8,315.8,2.14,76.9,52.1
Mega Diversified International 20,ABEV,5.54,12.4,1.65,6.0,5.6
Mega Diversified International 20,NVDA,5.34,156.4,1.5,331.4,100.0
Mega Diversified International 20,ELP,5.18,45.3,1.61,13.5,9.8
Mega Diversified International 20,EBR,5.16,50.8,2.49,13.8,10.1
Mega Diversified International 20,AAPL,4.66,210.5,1.73,203.7,95.7
Mega Diversified International 20,KO,2.81,219.1,2.04,51.7,29.9
Mega Diversified International 20,PM,1.76,-21.2,0.96,236.7,99.9
Mega Diversified International 20,META,0.59,-97.8,-0.73,254.8,100.0
Barbell All 20,PBR-A,9.93,105.4,2.64,26.2,28.3
Barbell All 20,NEOE3,9.93,89.0,1.64,27.1,23.5
Barbell All 20,BRSR6,9.93,78.3,2.92,23.1,30.3
Barbell All 20,USIM3,9.93,58.0,2.45,20.3,33.6
Barbell All 20,BPAN4,9.93,52.3,1.54,21.9,16.8
Barbell All 20,CPLE6,9.93,51.8,1.87,16.0,11.2
Barbell All 20,AEP,6.94,315.8,2.14,76.9,52.1
Barbell All 20,LEVE3,6.33,116.3,2.0,33.7,21.1
Barbell All 20,BRAP4,5.52,127.4,2.73,28.2,26.2
Barbell All 20,ITSA4,4.07,51.9,1.56,21.4,18.8
Barbell All 20,JNJ,3.4,668.5,2.74,73.8,41.8
Barbell All 20,BBDC3,3.25,61.6,1.42,26.9,28.3
Barbell All 20,CRM,2.82,323.9,1.64,267.4,100.0
Barbell All 20,AMZN,2.59,546.9,2.03,280.5,100.0
Barbell All 20,BPAC11,1.77,349.9,2.08,80.4,54.6
Barbell All 20,JPM,1.21,758.5,2.1,367.6,100.0
Barbell All 20,GOOGL,1.08,1603.8,2.69,120.0,75.7
Barbell All 20,GOOG,0.88,1163.9,2.39,118.4,76.0
Barbell All 20,AAPL,0.33,210.5,1.73,203.7,95.7
Barbell All 20,PRIO3,0.2,307.8,1.87,68.7,50.5
Barbell Brazilian 20,NEOE3,13.17,89.0,1.64,27.1,23.5
Barbell Brazilian 20,BPAN4,13.17,52.3,1.54,21.9,16.8
Barbell Brazilian 20,CPLE6,13.17,51.8,1.87,16.0,11.2
Barbell Brazilian 20,USIM3,11.21,58.0,2.45,20.3,33.6
Barbell Brazilian 20,BRSR6,9.15,78.3,2.92,23.1,30.3
Barbell Brazilian 20,GOAU4,8.3,49.1,2.25,16.3,19.5
Barbell Brazilian 20,MGLU3,5.15,50.6,2.05,50.2,67.2
Barbell Brazilian 20,BRAP4,4.41,127.4,2.73,28.2,26.2
Barbell Brazilian 20,PRIO3,4.0,307.8,1.87,68.7,50.5
Barbell Brazilian 20,PSSA3,2.93,79.3,1.14,89.7,50.3
Barbell Brazilian 20,SIMH3,2.9,119.0,2.35,47.8,63.9
Barbell Brazilian 20,LEVE3,2.85,116.3,2.0,33.7,21.1
Barbell Brazilian 20,ITSA4,2.66,51.9,1.56,21.4,18.8
Barbell Brazilian 20,BPAC3,2.24,154.4,1.98,71.8,81.8
Barbell Brazilian 20,BBDC3,1.97,61.6,1.42,26.9,28.3
Barbell Brazilian 20,SAPR11,1.67,84.1,1.2,78.7,76.5
Barbell Brazilian 20,BPAC11,1.03,349.9,2.08,80.4,54.6
Barbell International 20,AEP,12.06,315.8,2.14,76.9,52.1
Barbell International 20,DUK,12.06,164.2,1.94,151.7,90.0
Barbell International 20,PBR-A,12.06,105.4,2.64,26.2,28.3
Barbell International 20,EBR,12.06,50.8,2.49,13.8,10.1
Barbell International 20,ELP,12.06,45.3,1.61,13.5,9.8
Barbell International 20,ABEV,12.06,12.4,1.65,6.0,5.6
Barbell International 20,JNJ,7.57,668.5,2.74,73.8,41.8
Barbell International 20,CRM,5.6,323.9,1.64,267.4,100.0
Barbell International 20,AMZN,5.5,546.9,2.03,280.5,100.0
Barbell International 20,JPM,2.69,758.5,2.1,367.6,100.0
Barbell International 20,GOOGL,2.31,1603.8,2.69,120.0,75.7
Barbell International 20,GOOG,1.9,1163.9,2.39,118.4,76.0
Barbell International 20,NVDA,1.24,156.4,1.5,331.4,100.0
Barbell International 20,AAPL,0.8,210.5,1.73,203.7,95.7
Inverse Vol All 20,ABEV,24.29,12.4,1.65,6.0,5.6
Inverse Vol All 20,CPLE6,9.12,51.8,1.87,16.0,11.2
Inverse Vol All 20,CMIG4,8.52,30.6,1.36,17.1,25.0
Inverse Vol All 20,BPAN4,6.66,52.3,1.54,21.9,16.8
Inverse Vol All 20,BRSR6,6.31,78.3,2.92,23.1,30.3
Inverse Vol All 20,CMIG3,5.92,34.8,0.99,24.6,29.7
Inverse Vol All 20,ALUP3,5.43,22.9,0.74,26.8,23.9
Inverse Vol All 20,BBDC3,5.41,61.6,1.42,26.9,28.3
Inverse Vol All 20,BRAP4,5.17,127.4,2.73,28.2,26.2
Inverse Vol All 20,EALT3,4.85,38.7,2.36,30.1,31.8
Inverse Vol All 20,BRSR5,3.46,76.8,1.96,42.1,22.2
Inverse Vol All 20,CPFE3,3.22,283.2,3.39,45.3,43.9
Inverse Vol All 20,BPAC5,3.18,86.2,1.23,45.9,38.5
Inverse Vol All 20,BPAC3,2.03,154.4,1.98,71.8,81.8
Inverse Vol All 20,AEP,1.9,315.8,2.14,76.9,52.1
Inverse Vol All 20,BPAC11,1.81,349.9,2.08,80.4,54.6
Inverse Vol All 20,DUK,0.96,164.2,1.94,151.7,90.0
Inverse Vol All 20,AAPL,0.72,210.5,1.73,203.7,95.7
Inverse Vol All 20,CRM,0.54,323.9,1.64,267.4,100.0
Inverse Vol All 20,AMZN,0.52,546.9,2.03,280.5,100.0
Inverse Vol Brazilian 20,CPLE6,8.59,51.8,1.87,16.0,11.2
Inverse Vol Brazilian 20,GOAU3,8.46,36.0,1.74,16.2,17.8
Inverse Vol Brazilian 20,GOAU4,8.44,49.1,2.25,16.3,19.5
Inverse Vol Brazilian 20,CMIG4,8.02,30.6,1.36,17.1,25.0
Inverse Vol Brazilian 20,EALT4,7.5,23.3,1.63,18.3,32.1
Inverse Vol Brazilian 20,BPAN4,6.27,52.3,1.54,21.9,16.8
Inverse Vol Brazilian 20,BRSR6,5.94,78.3,2.92,23.1,30.3
Inverse Vol Brazilian 20,CMIG3,5.57,34.8,0.99,24.6,29.7
Inverse Vol Brazilian 20,ALUP3,5.11,22.9,0.74,26.8,23.9
Inverse Vol Brazilian 20,BBDC3,5.1,61.6,1.42,26.9,28.3
Inverse Vol Brazilian 20,BRAP4,4.87,127.4,2.73,28.2,26.2
Inverse Vol Brazilian 20,EALT3,4.56,38.7,2.36,30.1,31.8
Inverse Vol Brazilian 20,BRSR5,3.26,76.8,1.96,42.1,22.2
Inverse Vol Brazilian 20,ELET3,3.25,292.7,2.06,42.2,32.6
Inverse Vol Brazilian 20,CPFE3,3.03,283.2,3.39,45.3,43.9
Inverse Vol Brazilian 20,BPAC5,2.99,86.2,1.23,45.9,38.5
Inverse Vol Brazilian 20,HYPE3,2.77,42.4,1.02,49.6,46.3
Inverse Vol Brazilian 20,ELET6,2.65,303.6,1.81,51.7,37.4
Inverse Vol Brazilian 20,BPAC3,1.91,154.4,1.98,71.8,81.8
Inverse Vol Brazilian 20,BPAC11,1.71,349.9,2.08,80.4,54.6
Inverse Vol International 20,ABEV,37.34,12.4,1.65,6.0,5.6
Inverse Vol International 20,ELP,16.55,45.3,1.61,13.5,9.8
Inverse Vol International 20,EBR,16.19,50.8,2.49,13.8,10.1
Inverse Vol International 20,PBR-A,8.56,105.4,2.64,26.2,28.3
Inverse Vol International 20,KO,4.33,219.1,2.04,51.7,29.9
Inverse Vol International 20,JNJ,3.03,668.5,2.74,73.8,41.8
Inverse Vol International 20,AEP,2.91,315.8,2.14,76.9,52.1
Inverse Vol International 20,GOOG,1.89,1163.9,2.39,118.4,76.0
Inverse Vol International 20,GOOGL,1.87,1603.8,2.69,120.0,75.7
Inverse Vol International 20,DUK,1.48,164.2,1.94,151.7,90.0
Inverse Vol International 20,AAPL,1.1,210.5,1.73,203.7,95.7
Inverse Vol International 20,PM,0.95,-21.2,0.96,236.7,99.9
Inverse Vol International 20,META,0.88,-97.8,-0.73,254.8,100.0
Inverse Vol International 20,CRM,0.84,323.9,1.64,267.4,100.0
Inverse Vol International 20,AMZN,0.8,546.9,2.03,280.5,100.0
Inverse Vol International 20,NVDA,0.68,156.4,1.5,331.4,100.0
Inverse Vol International 20,JPM,0.61,758.5,2.1,367.6,100.0
Kelly All 20,AMZN,6.88,546.9,2.03,280.5,100.0
Kelly All 20,BPAC3,6.88,154.4,1.98,71.8,81.8
Kelly All 20,BPAN4,6.88,52.3,1.54,21.9,16.8
Kelly All 20,BRSR5,6.88,76.8,1.96,42.1,22.2
Kelly All 20,CRM,6.88,323.9,1.64,267.4,100.0
Kelly All 20,DUK,6.88,164.2,1.94,151.7,90.0
Kelly All 20,EALT3,6.88,38.7,2.36,30.1,31.8
Kelly All 20,CPLE6,5.93,51.8,1.87,16.0,11.2
Kelly All 20,EBR,5.78,50.8,2.49,13.8,10.1
Kelly All 20,ABEV,5.56,12.4,1.65,6.0,5.6
Kelly All 20,CPFE3,5.16,283.2,3.39,45.3,43.9
Kelly All 20,EALT4,5.09,23.3,1.63,18.3,32.1
Kelly All 20,BPAC5,4.62,86.2,1.23,45.9,38.5
Kelly All 20,ALUP3,4.54,22.9,0.74,26.8,23.9
Kelly All 20,BRAP4,4.21,127.4,2.73,28.2,26.2
Kelly All 20,AEP,3.19,315.8,2.14,76.9,52.1
Kelly All 20,AAPL,2.56,210.5,1.73,203.7,95.7
Kelly All 20,CMIG4,2.23,30.6,1.36,17.1,25.0
Kelly All 20,BRSR6,2.08,78.3,2.92,23.1,30.3
Kelly All 20,BPAC11,0.88,349.9,2.08,80.4,54.6
Kelly Brazilian 20,BPAC3,7.43,154.4,1.98,71.8,81.8
Kelly Brazilian 20,BPAN4,7.43,52.3,1.54,21.9,16.8
Kelly Brazilian 20,BRSR5,7.43,76.8,1.96,42.1,22.2
Kelly Brazilian 20,EALT3,7.43,38.7,2.36,30.1,31.8
Kelly Brazilian 20,GOAU4,7.43,49.1,2.25,16.3,19.5
Kelly Brazilian 20,CPLE6,6.4,51.8,1.87,16.0,11.2
Kelly Brazilian 20,LEVE3,5.83,116.3,2.0,33.7,21.1
Kelly Brazilian 20,GOAU3,5.62,36.0,1.74,16.2,17.8
Kelly Brazilian 20,CPFE3,5.57,283.2,3.39,45.3,43.9
Kelly Brazilian 20,EALT4,5.49,23.3,1.63,18.3,32.1
Kelly Brazilian 20,ITSA4,5.05,51.9,1.56,21.4,18.8
Kelly Brazilian 20,BPAC5,4.98,86.2,1.23,45.9,38.5
Kelly Brazilian 20,ALUP3,4.9,22.9,0.74,26.8,23.9
Kelly Brazilian 20,ITUB4,4.8,95.1,1.36,49.5,45.6
Kelly Brazilian 20,BRAP4,4.55,127.4,2.73,28.2,26.2
Kelly Brazilian 20,CMIG4,2.41,30.6,1.36,17.1,25.0
Kelly Brazilian 20,BRSR6,2.24,78.3,2.92,23.1,30.3
Kelly Brazilian 20,ELET3,2.09,292.7,2.06,42.2,32.6
Kelly Brazilian 20,HYPE3,1.95,42.4,1.02,49.6,46.3
Kelly Brazilian 20,BPAC11,0.95,349.9,2.08,80.4,54.6
Kelly International 20,AMZN,8.33,546.9,2.03,280.5,100.0
Kelly International 20,CRM,8.33,323.9,1.64,267.4,100.0
Kelly International 20,DUK,8.33,164.2,1.94,151.7,90.0
Kelly International 20,ELP,8.33,45.3,1.61,13.5,9.8
Kelly International 20,GOOG,8.33,1163.9,2.39,118.4,76.0
Kelly International 20,GOOGL,8.33,1603.8,2.69,120.0,75.7
Kelly International 20,JNJ,8.33,668.5,2.74,73.8,41.8
Kelly International 20,EBR,6.99,50.8,2.49,13.8,10.1
Kelly International 20,ABEV,6.73,12.4,1.65,6.0,5.6
Kelly International 20,PBR-A,6.37,105.4,2.64,26.2,28.3
Kelly International 20,JPM,5.35,758.5,2.1,367.6,100.0
Kelly International 20,AEP,3.86,315.8,2.14,76.9,52.1
Kelly International 20,NVDA,3.56,156.4,1.5,331.4,100.0
Kelly International 20,AAPL,3.1,210.5,1.73,203.7,95.7
Kelly International 20,META,2.69,-97.8,-0.73,254.8,100.0
Kelly International 20,KO,1.88,219.1,2.04,51.7,29.9
Kelly International 20,PM,1.18,-21.2,0.96,236.7,99.9
